[2026-04-21T08:05:43.854412+00:00] main.INFO: Source table payment_services_order_status_data_production_submitted_hash does not exist. Skipping data migration... [] []
[2026-04-21T08:06:03.364028+00:00] main.ERROR: {"feed":"undefined","operation":"undefined","status":"Cannot set indexer to Update On Schedule mode: Invalid entity_type specified: catalog_product","elapsed":"515 ms","pid":"1825","caller":"bin\/magento setup:install --db-host=db --db-name=magento --db-user=magento --db-password=magento"} {"indexer":"catalogsearch_fulltext","exception":"[object] (Magento\\Framework\\Exception\\LocalizedException(code: 0): Invalid entity_type specified: catalog_product at /var/www/html/vendor/magento/module-eav/Model/Config.php:472)"} []
[2026-04-21T08:06:05.500293+00:00] main.DEBUG: cache_invalidate:  {"method":"GET","url":"http:/","invalidateInfo":{"tags":["CONFIG"],"mode":"matchingTag"}} []
[2026-04-21T08:06:05.533374+00:00] main.DEBUG: cache_invalidate:  {"method":"GET","url":"http:/","invalidateInfo":{"tags":["LAYOUT_GENERAL_CACHE_TAG"],"mode":"matchingTag"}} []
[2026-04-21T08:06:05.534949+00:00] main.DEBUG: cache_invalidate:  {"method":"GET","url":"http:/","invalidateInfo":{"tags":["BLOCK_HTML"],"mode":"matchingTag"}} []
[2026-04-21T08:06:05.536806+00:00] main.DEBUG: cache_invalidate:  {"method":"GET","url":"http:/","invalidateInfo":{"tags":["COLLECTION_DATA"],"mode":"matchingTag"}} []
[2026-04-21T08:06:05.538440+00:00] main.DEBUG: cache_invalidate:  {"method":"GET","url":"http:/","invalidateInfo":{"tags":["REFLECTION"],"mode":"matchingTag"}} []
[2026-04-21T08:06:05.539950+00:00] main.DEBUG: cache_invalidate:  {"method":"GET","url":"http:/","invalidateInfo":{"tags":["DB_DDL"],"mode":"matchingTag"}} []
[2026-04-21T08:06:05.541210+00:00] main.DEBUG: cache_invalidate:  {"method":"GET","url":"http:/","invalidateInfo":{"tags":["COMPILED_CONFIG"],"mode":"matchingTag"}} []
[2026-04-21T08:06:05.542289+00:00] main.DEBUG: cache_invalidate:  {"method":"GET","url":"http:/","invalidateInfo":{"tags":["EAV"],"mode":"matchingTag"}} []
[2026-04-21T08:06:05.543325+00:00] main.DEBUG: cache_invalidate:  {"method":"GET","url":"http:/","invalidateInfo":{"tags":["CUSTOMER_NOTIFICATION"],"mode":"matchingTag"}} []
[2026-04-21T08:06:05.544346+00:00] main.DEBUG: cache_invalidate:  {"method":"GET","url":"http:/","invalidateInfo":{"tags":["INTEGRATION"],"mode":"matchingTag"}} []
[2026-04-21T08:06:05.545393+00:00] main.DEBUG: cache_invalidate:  {"method":"GET","url":"http:/","invalidateInfo":{"tags":["INTEGRATION_API_CONFIG"],"mode":"matchingTag"}} []
[2026-04-21T08:06:05.546416+00:00] main.DEBUG: cache_invalidate:  {"method":"GET","url":"http:/","invalidateInfo":{"tags":["GRAPHQL_QUERY_RESOLVER_RESULT"],"mode":"matchingTag"}} []
[2026-04-21T08:06:05.548121+00:00] main.DEBUG: cache_invalidate:  {"method":"GET","url":"http:/","invalidateInfo":{"tags":["FPC"],"mode":"matchingTag"}} []
[2026-04-21T08:06:05.549219+00:00] main.DEBUG: cache_invalidate:  {"method":"GET","url":"http:/","invalidateInfo":{"tags":["WEBSERVICE"],"mode":"matchingTag"}} []
[2026-04-21T08:06:05.550367+00:00] main.DEBUG: cache_invalidate:  {"method":"GET","url":"http:/","invalidateInfo":{"tags":["TRANSLATE"],"mode":"matchingTag"}} []
[2026-04-21T08:06:07.963548+00:00] main.DEBUG: cache_invalidate:  {"method":"GET","url":"http:/","invalidateInfo":{"tags":["BACKEND_MAINMENU"],"mode":"matchingTag"}} []
[2026-04-21T08:06:07.964212+00:00] main.DEBUG: cache_invalidate:  {"method":"GET","url":"http:/","invalidateInfo":{"tags":["user_assigned_role"],"mode":"matchingAnyTag"}} []
[2026-04-21T08:06:08.062061+00:00] main.DEBUG: cache_invalidate:  {"method":"GET","url":"http:/","invalidateInfo":{"tags":["EAV"],"mode":"matchingAnyTag"}} []
[2026-04-21T08:06:08.077202+00:00] main.DEBUG: cache_invalidate:  {"method":"GET","url":"http:/","invalidateInfo":{"tags":["EAV","EAV_ATTRIBUTE"],"mode":"matchingAnyTag"}} []
[2026-04-21T08:06:08.401440+00:00] main.DEBUG: cache_invalidate:  {"method":"GET","url":"http:/","invalidateInfo":{"tags":["EAV","EAV_ATTRIBUTE"],"mode":"matchingAnyTag"}} []
[2026-04-21T08:06:08.679077+00:00] main.DEBUG: cache_invalidate:  {"method":"GET","url":"http:/","invalidateInfo":{"tags":["EAV","EAV_ATTRIBUTE"],"mode":"matchingAnyTag"}} []
[2026-04-21T08:06:08.689831+00:00] main.DEBUG: cache_invalidate:  {"method":"GET","url":"http:/","invalidateInfo":{"tags":["EAV","EAV_ATTRIBUTE"],"mode":"matchingAnyTag"}} []
[2026-04-21T08:06:08.691366+00:00] main.DEBUG: cache_invalidate:  {"method":"GET","url":"http:/","invalidateInfo":{"tags":["EAV","EAV_ATTRIBUTE"],"mode":"matchingAnyTag"}} []
[2026-04-21T08:06:08.692653+00:00] main.DEBUG: cache_invalidate:  {"method":"GET","url":"http:/","invalidateInfo":{"tags":["EAV_ATTRIBUTE"],"mode":"matchingAnyTag"}} []
[2026-04-21T08:06:08.696808+00:00] main.DEBUG: cache_invalidate:  {"method":"GET","url":"http:/","invalidateInfo":{"tags":["EAV_ATTRIBUTE_21","FPC"],"mode":"matchingTag"}} []
[2026-04-21T08:06:08.697590+00:00] main.DEBUG: cache_invalidate:  {"method":"GET","url":"http:/","invalidateInfo":{"tags":["EAV_ENTITY_TYPES_CUSTOMER_ENTITY","FPC"],"mode":"matchingTag"}} []
[2026-04-21T08:06:08.698086+00:00] main.DEBUG: cache_invalidate:  {"method":"GET","url":"http:/","invalidateInfo":{"tags":["EAV_FORM_adminhtml_customer_FORM","FPC"],"mode":"matchingTag"}} []
[2026-04-21T08:06:08.698507+00:00] main.DEBUG: cache_invalidate:  {"method":"GET","url":"http:/","invalidateInfo":{"tags":["EAV_ATTRIBUTE_customer_disable_auto_group_change","FPC"],"mode":"matchingTag"}} []
[2026-04-21T08:06:08.772959+00:00] main.DEBUG: cache_invalidate:  {"method":"GET","url":"http:/","invalidateInfo":{"tags":["EAV","EAV_ATTRIBUTE"],"mode":"matchingAnyTag"}} []
[2026-04-21T08:06:08.775900+00:00] main.DEBUG: cache_invalidate:  {"method":"GET","url":"http:/","invalidateInfo":{"tags":["EAV","EAV_ATTRIBUTE"],"mode":"matchingAnyTag"}} []
[2026-04-21T08:06:08.777120+00:00] main.DEBUG: cache_invalidate:  {"method":"GET","url":"http:/","invalidateInfo":{"tags":["EAV","EAV_ATTRIBUTE"],"mode":"matchingAnyTag"}} []
[2026-04-21T08:06:08.777983+00:00] main.DEBUG: cache_invalidate:  {"method":"GET","url":"http:/","invalidateInfo":{"tags":["EAV_ATTRIBUTE"],"mode":"matchingAnyTag"}} []
[2026-04-21T08:06:08.780730+00:00] main.DEBUG: cache_invalidate:  {"method":"GET","url":"http:/","invalidateInfo":{"tags":["EAV_ATTRIBUTE_36","FPC"],"mode":"matchingTag"}} []
[2026-04-21T08:06:08.781459+00:00] main.DEBUG: cache_invalidate:  {"method":"GET","url":"http:/","invalidateInfo":{"tags":["EAV_ENTITY_TYPES_CUSTOMER_ADDRESS_ENTITY","FPC"],"mode":"matchingTag"}} []
[2026-04-21T08:06:08.782088+00:00] main.DEBUG: cache_invalidate:  {"method":"GET","url":"http:/","invalidateInfo":{"tags":["EAV_FORM_adminhtml_customer_address_FORM","FPC"],"mode":"matchingTag"}} []
[2026-04-21T08:06:08.782556+00:00] main.DEBUG: cache_invalidate:  {"method":"GET","url":"http:/","invalidateInfo":{"tags":["EAV_FORM_customer_address_edit_FORM","FPC"],"mode":"matchingTag"}} []
[2026-04-21T08:06:08.783031+00:00] main.DEBUG: cache_invalidate:  {"method":"GET","url":"http:/","invalidateInfo":{"tags":["EAV_FORM_customer_register_address_FORM","FPC"],"mode":"matchingTag"}} []
[2026-04-21T08:06:08.783424+00:00] main.DEBUG: cache_invalidate:  {"method":"GET","url":"http:/","invalidateInfo":{"tags":["EAV_ATTRIBUTE_customer_address_vat_id","FPC"],"mode":"matchingTag"}} []
[2026-04-21T08:06:08.788432+00:00] main.DEBUG: cache_invalidate:  {"method":"GET","url":"http:/","invalidateInfo":{"tags":["EAV","EAV_ATTRIBUTE"],"mode":"matchingAnyTag"}} []
[2026-04-21T08:06:08.792288+00:00] main.DEBUG: cache_invalidate:  {"method":"GET","url":"http:/","invalidateInfo":{"tags":["EAV","EAV_ATTRIBUTE"],"mode":"matchingAnyTag"}} []
[2026-04-21T08:06:08.805176+00:00] main.DEBUG: cache_invalidate:  {"method":"GET","url":"http:/","invalidateInfo":{"tags":["EAV_ATTRIBUTE_21","FPC"],"mode":"matchingTag"}} []
[2026-04-21T08:06:08.805806+00:00] main.DEBUG: cache_invalidate:  {"method":"GET","url":"http:/","invalidateInfo":{"tags":["EAV_ATTRIBUTE_customer_disable_auto_group_change","FPC"],"mode":"matchingTag"}} []
[2026-04-21T08:06:08.807525+00:00] main.DEBUG: cache_invalidate:  {"method":"GET","url":"http:/","invalidateInfo":{"tags":["EAV_ATTRIBUTE_36","FPC"],"mode":"matchingTag"}} []
[2026-04-21T08:06:08.808807+00:00] main.DEBUG: cache_invalidate:  {"method":"GET","url":"http:/","invalidateInfo":{"tags":["EAV_ATTRIBUTE_customer_address_vat_id","FPC"],"mode":"matchingTag"}} []
[2026-04-21T08:06:08.841210+00:00] main.DEBUG: cache_invalidate:  {"method":"GET","url":"http:/","invalidateInfo":{"tags":["EAV","EAV_ATTRIBUTE"],"mode":"matchingAnyTag"}} []
[2026-04-21T08:06:08.843629+00:00] main.DEBUG: cache_invalidate:  {"method":"GET","url":"http:/","invalidateInfo":{"tags":["EAV","EAV_ATTRIBUTE"],"mode":"matchingAnyTag"}} []
[2026-04-21T08:06:08.844641+00:00] main.DEBUG: cache_invalidate:  {"method":"GET","url":"http:/","invalidateInfo":{"tags":["EAV","EAV_ATTRIBUTE"],"mode":"matchingAnyTag"}} []
[2026-04-21T08:06:08.845444+00:00] main.DEBUG: cache_invalidate:  {"method":"GET","url":"http:/","invalidateInfo":{"tags":["EAV_ATTRIBUTE"],"mode":"matchingAnyTag"}} []
[2026-04-21T08:06:08.848370+00:00] main.DEBUG: cache_invalidate:  {"method":"GET","url":"http:/","invalidateInfo":{"tags":["EAV_ATTRIBUTE_1","FPC"],"mode":"matchingTag"}} []
[2026-04-21T08:06:08.848876+00:00] main.DEBUG: cache_invalidate:  {"method":"GET","url":"http:/","invalidateInfo":{"tags":["EAV_ENTITY_TYPES_CUSTOMER_ENTITY","FPC"],"mode":"matchingTag"}} []
[2026-04-21T08:06:08.849304+00:00] main.DEBUG: cache_invalidate:  {"method":"GET","url":"http:/","invalidateInfo":{"tags":["EAV_FORM_adminhtml_customer_FORM","FPC"],"mode":"matchingTag"}} []
[2026-04-21T08:06:08.849725+00:00] main.DEBUG: cache_invalidate:  {"method":"GET","url":"http:/","invalidateInfo":{"tags":["EAV_ATTRIBUTE_customer_website_id","FPC"],"mode":"matchingTag"}} []
[2026-04-21T08:06:08.863705+00:00] main.DEBUG: cache_invalidate:  {"method":"GET","url":"http:/","invalidateInfo":{"tags":["EAV","EAV_ATTRIBUTE"],"mode":"matchingAnyTag"}} []
[2026-04-21T08:06:08.866043+00:00] main.DEBUG: cache_invalidate:  {"method":"GET","url":"http:/","invalidateInfo":{"tags":["EAV","EAV_ATTRIBUTE"],"mode":"matchingAnyTag"}} []
[2026-04-21T08:06:08.867076+00:00] main.DEBUG: cache_invalidate:  {"method":"GET","url":"http:/","invalidateInfo":{"tags":["EAV","EAV_ATTRIBUTE"],"mode":"matchingAnyTag"}} []
[2026-04-21T08:06:08.867952+00:00] main.DEBUG: cache_invalidate:  {"method":"GET","url":"http:/","invalidateInfo":{"tags":["EAV_ATTRIBUTE"],"mode":"matchingAnyTag"}} []
[2026-04-21T08:06:08.872087+00:00] main.DEBUG: cache_invalidate:  {"method":"GET","url":"http:/","invalidateInfo":{"tags":["EAV_ATTRIBUTE_3","FPC"],"mode":"matchingTag"}} []
[2026-04-21T08:06:08.872877+00:00] main.DEBUG: cache_invalidate:  {"method":"GET","url":"http:/","invalidateInfo":{"tags":["EAV_ENTITY_TYPES_CUSTOMER_ENTITY","FPC"],"mode":"matchingTag"}} []
[2026-04-21T08:06:08.873658+00:00] main.DEBUG: cache_invalidate:  {"method":"GET","url":"http:/","invalidateInfo":{"tags":["EAV_FORM_adminhtml_customer_FORM","FPC"],"mode":"matchingTag"}} []
[2026-04-21T08:06:08.874431+00:00] main.DEBUG: cache_invalidate:  {"method":"GET","url":"http:/","invalidateInfo":{"tags":["EAV_ATTRIBUTE_customer_created_in","FPC"],"mode":"matchingTag"}} []
[2026-04-21T08:06:08.890320+00:00] main.DEBUG: cache_invalidate:  {"method":"GET","url":"http:/","invalidateInfo":{"tags":["EAV","EAV_ATTRIBUTE"],"mode":"matchingAnyTag"}} []
[2026-04-21T08:06:08.892910+00:00] main.DEBUG: cache_invalidate:  {"method":"GET","url":"http:/","invalidateInfo":{"tags":["EAV","EAV_ATTRIBUTE"],"mode":"matchingAnyTag"}} []
[2026-04-21T08:06:08.894434+00:00] main.DEBUG: cache_invalidate:  {"method":"GET","url":"http:/","invalidateInfo":{"tags":["EAV","EAV_ATTRIBUTE"],"mode":"matchingAnyTag"}} []
[2026-04-21T08:06:08.895328+00:00] main.DEBUG: cache_invalidate:  {"method":"GET","url":"http:/","invalidateInfo":{"tags":["EAV_ATTRIBUTE"],"mode":"matchingAnyTag"}} []
[2026-04-21T08:06:08.898742+00:00] main.DEBUG: cache_invalidate:  {"method":"GET","url":"http:/","invalidateInfo":{"tags":["EAV_ATTRIBUTE_9","FPC"],"mode":"matchingTag"}} []
[2026-04-21T08:06:08.899271+00:00] main.DEBUG: cache_invalidate:  {"method":"GET","url":"http:/","invalidateInfo":{"tags":["EAV_ENTITY_TYPES_CUSTOMER_ENTITY","FPC"],"mode":"matchingTag"}} []
[2026-04-21T08:06:08.899856+00:00] main.DEBUG: cache_invalidate:  {"method":"GET","url":"http:/","invalidateInfo":{"tags":["EAV_FORM_adminhtml_checkout_FORM","FPC"],"mode":"matchingTag"}} []
[2026-04-21T08:06:08.900356+00:00] main.DEBUG: cache_invalidate:  {"method":"GET","url":"http:/","invalidateInfo":{"tags":["EAV_FORM_adminhtml_customer_FORM","FPC"],"mode":"matchingTag"}} []
[2026-04-21T08:06:08.900809+00:00] main.DEBUG: cache_invalidate:  {"method":"GET","url":"http:/","invalidateInfo":{"tags":["EAV_FORM_checkout_register_FORM","FPC"],"mode":"matchingTag"}} []
[2026-04-21T08:06:08.901195+00:00] main.DEBUG: cache_invalidate:  {"method":"GET","url":"http:/","invalidateInfo":{"tags":["EAV_FORM_customer_account_create_FORM","FPC"],"mode":"matchingTag"}} []
[2026-04-21T08:06:08.901599+00:00] main.DEBUG: cache_invalidate:  {"method":"GET","url":"http:/","invalidateInfo":{"tags":["EAV_FORM_customer_account_edit_FORM","FPC"],"mode":"matchingTag"}} []
[2026-04-21T08:06:08.902171+00:00] main.DEBUG: cache_invalidate:  {"method":"GET","url":"http:/","invalidateInfo":{"tags":["EAV_ATTRIBUTE_customer_email","FPC"],"mode":"matchingTag"}} []
[2026-04-21T08:06:08.917779+00:00] main.DEBUG: cache_invalidate:  {"method":"GET","url":"http:/","invalidateInfo":{"tags":["EAV","EAV_ATTRIBUTE"],"mode":"matchingAnyTag"}} []
[2026-04-21T08:06:08.921536+00:00] main.DEBUG: cache_invalidate:  {"method":"GET","url":"http:/","invalidateInfo":{"tags":["EAV","EAV_ATTRIBUTE"],"mode":"matchingAnyTag"}} []
[2026-04-21T08:06:08.922997+00:00] main.DEBUG: cache_invalidate:  {"method":"GET","url":"http:/","invalidateInfo":{"tags":["EAV","EAV_ATTRIBUTE"],"mode":"matchingAnyTag"}} []
[2026-04-21T08:06:08.923907+00:00] main.DEBUG: cache_invalidate:  {"method":"GET","url":"http:/","invalidateInfo":{"tags":["EAV_ATTRIBUTE"],"mode":"matchingAnyTag"}} []
[2026-04-21T08:06:08.927318+00:00] main.DEBUG: cache_invalidate:  {"method":"GET","url":"http:/","invalidateInfo":{"tags":["EAV_ATTRIBUTE_10","FPC"],"mode":"matchingTag"}} []
[2026-04-21T08:06:08.927911+00:00] main.DEBUG: cache_invalidate:  {"method":"GET","url":"http:/","invalidateInfo":{"tags":["EAV_ENTITY_TYPES_CUSTOMER_ENTITY","FPC"],"mode":"matchingTag"}} []
[2026-04-21T08:06:08.928381+00:00] main.DEBUG: cache_invalidate:  {"method":"GET","url":"http:/","invalidateInfo":{"tags":["EAV_FORM_adminhtml_checkout_FORM","FPC"],"mode":"matchingTag"}} []
[2026-04-21T08:06:08.928882+00:00] main.DEBUG: cache_invalidate:  {"method":"GET","url":"http:/","invalidateInfo":{"tags":["EAV_FORM_adminhtml_customer_FORM","FPC"],"mode":"matchingTag"}} []
[2026-04-21T08:06:08.929345+00:00] main.DEBUG: cache_invalidate:  {"method":"GET","url":"http:/","invalidateInfo":{"tags":["EAV_ATTRIBUTE_customer_group_id","FPC"],"mode":"matchingTag"}} []
[2026-04-21T08:06:08.947699+00:00] main.DEBUG: cache_invalidate:  {"method":"GET","url":"http:/","invalidateInfo":{"tags":["EAV","EAV_ATTRIBUTE"],"mode":"matchingAnyTag"}} []
[2026-04-21T08:06:08.950720+00:00] main.DEBUG: cache_invalidate:  {"method":"GET","url":"http:/","invalidateInfo":{"tags":["EAV","EAV_ATTRIBUTE"],"mode":"matchingAnyTag"}} []
[2026-04-21T08:06:08.952071+00:00] main.DEBUG: cache_invalidate:  {"method":"GET","url":"http:/","invalidateInfo":{"tags":["EAV","EAV_ATTRIBUTE"],"mode":"matchingAnyTag"}} []
[2026-04-21T08:06:08.953328+00:00] main.DEBUG: cache_invalidate:  {"method":"GET","url":"http:/","invalidateInfo":{"tags":["EAV_ATTRIBUTE"],"mode":"matchingAnyTag"}} []
[2026-04-21T08:06:08.957472+00:00] main.DEBUG: cache_invalidate:  {"method":"GET","url":"http:/","invalidateInfo":{"tags":["EAV_ATTRIBUTE_11","FPC"],"mode":"matchingTag"}} []
[2026-04-21T08:06:08.958069+00:00] main.DEBUG: cache_invalidate:  {"method":"GET","url":"http:/","invalidateInfo":{"tags":["EAV_ENTITY_TYPES_CUSTOMER_ENTITY","FPC"],"mode":"matchingTag"}} []
[2026-04-21T08:06:08.958446+00:00] main.DEBUG: cache_invalidate:  {"method":"GET","url":"http:/","invalidateInfo":{"tags":["EAV_FORM_adminhtml_checkout_FORM","FPC"],"mode":"matchingTag"}} []
[2026-04-21T08:06:08.958905+00:00] main.DEBUG: cache_invalidate:  {"method":"GET","url":"http:/","invalidateInfo":{"tags":["EAV_FORM_adminhtml_customer_FORM","FPC"],"mode":"matchingTag"}} []
[2026-04-21T08:06:08.959306+00:00] main.DEBUG: cache_invalidate:  {"method":"GET","url":"http:/","invalidateInfo":{"tags":["EAV_FORM_checkout_register_FORM","FPC"],"mode":"matchingTag"}} []
[2026-04-21T08:06:08.959840+00:00] main.DEBUG: cache_invalidate:  {"method":"GET","url":"http:/","invalidateInfo":{"tags":["EAV_FORM_customer_account_create_FORM","FPC"],"mode":"matchingTag"}} []
[2026-04-21T08:06:08.960707+00:00] main.DEBUG: cache_invalidate:  {"method":"GET","url":"http:/","invalidateInfo":{"tags":["EAV_FORM_customer_account_edit_FORM","FPC"],"mode":"matchingTag"}} []
[2026-04-21T08:06:08.961283+00:00] main.DEBUG: cache_invalidate:  {"method":"GET","url":"http:/","invalidateInfo":{"tags":["EAV_ATTRIBUTE_customer_dob","FPC"],"mode":"matchingTag"}} []
[2026-04-21T08:06:08.977674+00:00] main.DEBUG: cache_invalidate:  {"method":"GET","url":"http:/","invalidateInfo":{"tags":["EAV","EAV_ATTRIBUTE"],"mode":"matchingAnyTag"}} []
[2026-04-21T08:06:08.980275+00:00] main.DEBUG: cache_invalidate:  {"method":"GET","url":"http:/","invalidateInfo":{"tags":["EAV","EAV_ATTRIBUTE"],"mode":"matchingAnyTag"}} []
[2026-04-21T08:06:08.981391+00:00] main.DEBUG: cache_invalidate:  {"method":"GET","url":"http:/","invalidateInfo":{"tags":["EAV","EAV_ATTRIBUTE"],"mode":"matchingAnyTag"}} []
[2026-04-21T08:06:08.982216+00:00] main.DEBUG: cache_invalidate:  {"method":"GET","url":"http:/","invalidateInfo":{"tags":["EAV_ATTRIBUTE"],"mode":"matchingAnyTag"}} []
[2026-04-21T08:06:08.985358+00:00] main.DEBUG: cache_invalidate:  {"method":"GET","url":"http:/","invalidateInfo":{"tags":["EAV_ATTRIBUTE_17","FPC"],"mode":"matchingTag"}} []
[2026-04-21T08:06:08.986034+00:00] main.DEBUG: cache_invalidate:  {"method":"GET","url":"http:/","invalidateInfo":{"tags":["EAV_ENTITY_TYPES_CUSTOMER_ENTITY","FPC"],"mode":"matchingTag"}} []
[2026-04-21T08:06:08.986685+00:00] main.DEBUG: cache_invalidate:  {"method":"GET","url":"http:/","invalidateInfo":{"tags":["EAV_FORM_adminhtml_checkout_FORM","FPC"],"mode":"matchingTag"}} []
[2026-04-21T08:06:08.987291+00:00] main.DEBUG: cache_invalidate:  {"method":"GET","url":"http:/","invalidateInfo":{"tags":["EAV_FORM_adminhtml_customer_FORM","FPC"],"mode":"matchingTag"}} []
[2026-04-21T08:06:08.987838+00:00] main.DEBUG: cache_invalidate:  {"method":"GET","url":"http:/","invalidateInfo":{"tags":["EAV_FORM_checkout_register_FORM","FPC"],"mode":"matchingTag"}} []
[2026-04-21T08:06:08.988295+00:00] main.DEBUG: cache_invalidate:  {"method":"GET","url":"http:/","invalidateInfo":{"tags":["EAV_FORM_customer_account_create_FORM","FPC"],"mode":"matchingTag"}} []
[2026-04-21T08:06:08.988760+00:00] main.DEBUG: cache_invalidate:  {"method":"GET","url":"http:/","invalidateInfo":{"tags":["EAV_FORM_customer_account_edit_FORM","FPC"],"mode":"matchingTag"}} []
[2026-04-21T08:06:08.989199+00:00] main.DEBUG: cache_invalidate:  {"method":"GET","url":"http:/","invalidateInfo":{"tags":["EAV_ATTRIBUTE_customer_taxvat","FPC"],"mode":"matchingTag"}} []
[2026-04-21T08:06:09.007243+00:00] main.DEBUG: cache_invalidate:  {"method":"GET","url":"http:/","invalidateInfo":{"tags":["EAV","EAV_ATTRIBUTE"],"mode":"matchingAnyTag"}} []
[2026-04-21T08:06:09.010736+00:00] main.DEBUG: cache_invalidate:  {"method":"GET","url":"http:/","invalidateInfo":{"tags":["EAV","EAV_ATTRIBUTE"],"mode":"matchingAnyTag"}} []
[2026-04-21T08:06:09.012685+00:00] main.DEBUG: cache_invalidate:  {"method":"GET","url":"http:/","invalidateInfo":{"tags":["EAV","EAV_ATTRIBUTE"],"mode":"matchingAnyTag"}} []
[2026-04-21T08:06:09.013543+00:00] main.DEBUG: cache_invalidate:  {"method":"GET","url":"http:/","invalidateInfo":{"tags":["EAV_ATTRIBUTE"],"mode":"matchingAnyTag"}} []
[2026-04-21T08:06:09.016634+00:00] main.DEBUG: cache_invalidate:  {"method":"GET","url":"http:/","invalidateInfo":{"tags":["EAV_ATTRIBUTE_18","FPC"],"mode":"matchingTag"}} []
[2026-04-21T08:06:09.017300+00:00] main.DEBUG: cache_invalidate:  {"method":"GET","url":"http:/","invalidateInfo":{"tags":["EAV_ENTITY_TYPES_CUSTOMER_ENTITY","FPC"],"mode":"matchingTag"}} []
[2026-04-21T08:06:09.018130+00:00] main.DEBUG: cache_invalidate:  {"method":"GET","url":"http:/","invalidateInfo":{"tags":["EAV_ATTRIBUTE_customer_confirmation","FPC"],"mode":"matchingTag"}} []
[2026-04-21T08:06:09.033254+00:00] main.DEBUG: cache_invalidate:  {"method":"GET","url":"http:/","invalidateInfo":{"tags":["EAV","EAV_ATTRIBUTE"],"mode":"matchingAnyTag"}} []
[2026-04-21T08:06:09.036309+00:00] main.DEBUG: cache_invalidate:  {"method":"GET","url":"http:/","invalidateInfo":{"tags":["EAV","EAV_ATTRIBUTE"],"mode":"matchingAnyTag"}} []
[2026-04-21T08:06:09.037965+00:00] main.DEBUG: cache_invalidate:  {"method":"GET","url":"http:/","invalidateInfo":{"tags":["EAV","EAV_ATTRIBUTE"],"mode":"matchingAnyTag"}} []
[2026-04-21T08:06:09.038821+00:00] main.DEBUG: cache_invalidate:  {"method":"GET","url":"http:/","invalidateInfo":{"tags":["EAV_ATTRIBUTE"],"mode":"matchingAnyTag"}} []
[2026-04-21T08:06:09.041939+00:00] main.DEBUG: cache_invalidate:  {"method":"GET","url":"http:/","invalidateInfo":{"tags":["EAV_ATTRIBUTE_19","FPC"],"mode":"matchingTag"}} []
[2026-04-21T08:06:09.042437+00:00] main.DEBUG: cache_invalidate:  {"method":"GET","url":"http:/","invalidateInfo":{"tags":["EAV_ENTITY_TYPES_CUSTOMER_ENTITY","FPC"],"mode":"matchingTag"}} []
[2026-04-21T08:06:09.042882+00:00] main.DEBUG: cache_invalidate:  {"method":"GET","url":"http:/","invalidateInfo":{"tags":["EAV_FORM_adminhtml_customer_FORM","FPC"],"mode":"matchingTag"}} []
[2026-04-21T08:06:09.043294+00:00] main.DEBUG: cache_invalidate:  {"method":"GET","url":"http:/","invalidateInfo":{"tags":["EAV_FORM_checkout_register_FORM","FPC"],"mode":"matchingTag"}} []
[2026-04-21T08:06:09.043702+00:00] main.DEBUG: cache_invalidate:  {"method":"GET","url":"http:/","invalidateInfo":{"tags":["EAV_FORM_customer_account_create_FORM","FPC"],"mode":"matchingTag"}} []
[2026-04-21T08:06:09.044102+00:00] main.DEBUG: cache_invalidate:  {"method":"GET","url":"http:/","invalidateInfo":{"tags":["EAV_FORM_customer_account_edit_FORM","FPC"],"mode":"matchingTag"}} []
[2026-04-21T08:06:09.044479+00:00] main.DEBUG: cache_invalidate:  {"method":"GET","url":"http:/","invalidateInfo":{"tags":["EAV_ATTRIBUTE_customer_created_at","FPC"],"mode":"matchingTag"}} []
[2026-04-21T08:06:09.060091+00:00] main.DEBUG: cache_invalidate:  {"method":"GET","url":"http:/","invalidateInfo":{"tags":["EAV","EAV_ATTRIBUTE"],"mode":"matchingAnyTag"}} []
[2026-04-21T08:06:09.062451+00:00] main.DEBUG: cache_invalidate:  {"method":"GET","url":"http:/","invalidateInfo":{"tags":["EAV","EAV_ATTRIBUTE"],"mode":"matchingAnyTag"}} []
[2026-04-21T08:06:09.063661+00:00] main.DEBUG: cache_invalidate:  {"method":"GET","url":"http:/","invalidateInfo":{"tags":["EAV","EAV_ATTRIBUTE"],"mode":"matchingAnyTag"}} []
[2026-04-21T08:06:09.064400+00:00] main.DEBUG: cache_invalidate:  {"method":"GET","url":"http:/","invalidateInfo":{"tags":["EAV_ATTRIBUTE"],"mode":"matchingAnyTag"}} []
[2026-04-21T08:06:09.067799+00:00] main.DEBUG: cache_invalidate:  {"method":"GET","url":"http:/","invalidateInfo":{"tags":["EAV_ATTRIBUTE_20","FPC"],"mode":"matchingTag"}} []
[2026-04-21T08:06:09.068397+00:00] main.DEBUG: cache_invalidate:  {"method":"GET","url":"http:/","invalidateInfo":{"tags":["EAV_ENTITY_TYPES_CUSTOMER_ENTITY","FPC"],"mode":"matchingTag"}} []
[2026-04-21T08:06:09.069173+00:00] main.DEBUG: cache_invalidate:  {"method":"GET","url":"http:/","invalidateInfo":{"tags":["EAV_FORM_adminhtml_checkout_FORM","FPC"],"mode":"matchingTag"}} []
[2026-04-21T08:06:09.069691+00:00] main.DEBUG: cache_invalidate:  {"method":"GET","url":"http:/","invalidateInfo":{"tags":["EAV_FORM_adminhtml_customer_FORM","FPC"],"mode":"matchingTag"}} []
[2026-04-21T08:06:09.070147+00:00] main.DEBUG: cache_invalidate:  {"method":"GET","url":"http:/","invalidateInfo":{"tags":["EAV_FORM_checkout_register_FORM","FPC"],"mode":"matchingTag"}} []
[2026-04-21T08:06:09.070606+00:00] main.DEBUG: cache_invalidate:  {"method":"GET","url":"http:/","invalidateInfo":{"tags":["EAV_FORM_customer_account_create_FORM","FPC"],"mode":"matchingTag"}} []
[2026-04-21T08:06:09.071127+00:00] main.DEBUG: cache_invalidate:  {"method":"GET","url":"http:/","invalidateInfo":{"tags":["EAV_FORM_customer_account_edit_FORM","FPC"],"mode":"matchingTag"}} []
[2026-04-21T08:06:09.071497+00:00] main.DEBUG: cache_invalidate:  {"method":"GET","url":"http:/","invalidateInfo":{"tags":["EAV_ATTRIBUTE_customer_gender","FPC"],"mode":"matchingTag"}} []
[2026-04-21T08:06:09.106672+00:00] main.DEBUG: cache_invalidate:  {"method":"GET","url":"http:/","invalidateInfo":{"tags":["EAV","EAV_ATTRIBUTE"],"mode":"matchingAnyTag"}} []
[2026-04-21T08:06:09.110545+00:00] main.DEBUG: cache_invalidate:  {"method":"GET","url":"http:/","invalidateInfo":{"tags":["EAV","EAV_ATTRIBUTE"],"mode":"matchingAnyTag"}} []
[2026-04-21T08:06:09.112636+00:00] main.DEBUG: cache_invalidate:  {"method":"GET","url":"http:/","invalidateInfo":{"tags":["EAV","EAV_ATTRIBUTE"],"mode":"matchingAnyTag"}} []
[2026-04-21T08:06:09.113791+00:00] main.DEBUG: cache_invalidate:  {"method":"GET","url":"http:/","invalidateInfo":{"tags":["EAV_ATTRIBUTE"],"mode":"matchingAnyTag"}} []
[2026-04-21T08:06:09.116717+00:00] main.DEBUG: cache_invalidate:  {"method":"GET","url":"http:/","invalidateInfo":{"tags":["EAV_ATTRIBUTE_27","FPC"],"mode":"matchingTag"}} []
[2026-04-21T08:06:09.117210+00:00] main.DEBUG: cache_invalidate:  {"method":"GET","url":"http:/","invalidateInfo":{"tags":["EAV_ENTITY_TYPES_CUSTOMER_ADDRESS_ENTITY","FPC"],"mode":"matchingTag"}} []
[2026-04-21T08:06:09.117692+00:00] main.DEBUG: cache_invalidate:  {"method":"GET","url":"http:/","invalidateInfo":{"tags":["EAV_FORM_adminhtml_customer_address_FORM","FPC"],"mode":"matchingTag"}} []
[2026-04-21T08:06:09.118325+00:00] main.DEBUG: cache_invalidate:  {"method":"GET","url":"http:/","invalidateInfo":{"tags":["EAV_FORM_customer_address_edit_FORM","FPC"],"mode":"matchingTag"}} []
[2026-04-21T08:06:09.118930+00:00] main.DEBUG: cache_invalidate:  {"method":"GET","url":"http:/","invalidateInfo":{"tags":["EAV_FORM_customer_register_address_FORM","FPC"],"mode":"matchingTag"}} []
[2026-04-21T08:06:09.119433+00:00] main.DEBUG: cache_invalidate:  {"method":"GET","url":"http:/","invalidateInfo":{"tags":["EAV_ATTRIBUTE_customer_address_company","FPC"],"mode":"matchingTag"}} []
[2026-04-21T08:06:09.136931+00:00] main.DEBUG: cache_invalidate:  {"method":"GET","url":"http:/","invalidateInfo":{"tags":["EAV","EAV_ATTRIBUTE"],"mode":"matchingAnyTag"}} []
[2026-04-21T08:06:09.141409+00:00] main.DEBUG: cache_invalidate:  {"method":"GET","url":"http:/","invalidateInfo":{"tags":["EAV","EAV_ATTRIBUTE"],"mode":"matchingAnyTag"}} []
[2026-04-21T08:06:09.142911+00:00] main.DEBUG: cache_invalidate:  {"method":"GET","url":"http:/","invalidateInfo":{"tags":["EAV","EAV_ATTRIBUTE"],"mode":"matchingAnyTag"}} []
[2026-04-21T08:06:09.143851+00:00] main.DEBUG: cache_invalidate:  {"method":"GET","url":"http:/","invalidateInfo":{"tags":["EAV_ATTRIBUTE"],"mode":"matchingAnyTag"}} []
[2026-04-21T08:06:09.147358+00:00] main.DEBUG: cache_invalidate:  {"method":"GET","url":"http:/","invalidateInfo":{"tags":["EAV_ATTRIBUTE_28","FPC"],"mode":"matchingTag"}} []
[2026-04-21T08:06:09.147949+00:00] main.DEBUG: cache_invalidate:  {"method":"GET","url":"http:/","invalidateInfo":{"tags":["EAV_ENTITY_TYPES_CUSTOMER_ADDRESS_ENTITY","FPC"],"mode":"matchingTag"}} []
[2026-04-21T08:06:09.148468+00:00] main.DEBUG: cache_invalidate:  {"method":"GET","url":"http:/","invalidateInfo":{"tags":["EAV_FORM_adminhtml_customer_address_FORM","FPC"],"mode":"matchingTag"}} []
[2026-04-21T08:06:09.148995+00:00] main.DEBUG: cache_invalidate:  {"method":"GET","url":"http:/","invalidateInfo":{"tags":["EAV_FORM_customer_address_edit_FORM","FPC"],"mode":"matchingTag"}} []
[2026-04-21T08:06:09.149470+00:00] main.DEBUG: cache_invalidate:  {"method":"GET","url":"http:/","invalidateInfo":{"tags":["EAV_FORM_customer_register_address_FORM","FPC"],"mode":"matchingTag"}} []
[2026-04-21T08:06:09.149983+00:00] main.DEBUG: cache_invalidate:  {"method":"GET","url":"http:/","invalidateInfo":{"tags":["EAV_ATTRIBUTE_customer_address_street","FPC"],"mode":"matchingTag"}} []
[2026-04-21T08:06:09.167003+00:00] main.DEBUG: cache_invalidate:  {"method":"GET","url":"http:/","invalidateInfo":{"tags":["EAV","EAV_ATTRIBUTE"],"mode":"matchingAnyTag"}} []
[2026-04-21T08:06:09.170152+00:00] main.DEBUG: cache_invalidate:  {"method":"GET","url":"http:/","invalidateInfo":{"tags":["EAV","EAV_ATTRIBUTE"],"mode":"matchingAnyTag"}} []
[2026-04-21T08:06:09.171645+00:00] main.DEBUG: cache_invalidate:  {"method":"GET","url":"http:/","invalidateInfo":{"tags":["EAV","EAV_ATTRIBUTE"],"mode":"matchingAnyTag"}} []
[2026-04-21T08:06:09.172416+00:00] main.DEBUG: cache_invalidate:  {"method":"GET","url":"http:/","invalidateInfo":{"tags":["EAV_ATTRIBUTE"],"mode":"matchingAnyTag"}} []
[2026-04-21T08:06:09.175704+00:00] main.DEBUG: cache_invalidate:  {"method":"GET","url":"http:/","invalidateInfo":{"tags":["EAV_ATTRIBUTE_29","FPC"],"mode":"matchingTag"}} []
[2026-04-21T08:06:09.176350+00:00] main.DEBUG: cache_invalidate:  {"method":"GET","url":"http:/","invalidateInfo":{"tags":["EAV_ENTITY_TYPES_CUSTOMER_ADDRESS_ENTITY","FPC"],"mode":"matchingTag"}} []
[2026-04-21T08:06:09.176858+00:00] main.DEBUG: cache_invalidate:  {"method":"GET","url":"http:/","invalidateInfo":{"tags":["EAV_FORM_adminhtml_customer_address_FORM","FPC"],"mode":"matchingTag"}} []
[2026-04-21T08:06:09.177269+00:00] main.DEBUG: cache_invalidate:  {"method":"GET","url":"http:/","invalidateInfo":{"tags":["EAV_FORM_customer_address_edit_FORM","FPC"],"mode":"matchingTag"}} []
[2026-04-21T08:06:09.177668+00:00] main.DEBUG: cache_invalidate:  {"method":"GET","url":"http:/","invalidateInfo":{"tags":["EAV_FORM_customer_register_address_FORM","FPC"],"mode":"matchingTag"}} []
[2026-04-21T08:06:09.178054+00:00] main.DEBUG: cache_invalidate:  {"method":"GET","url":"http:/","invalidateInfo":{"tags":["EAV_ATTRIBUTE_customer_address_city","FPC"],"mode":"matchingTag"}} []
[2026-04-21T08:06:09.193404+00:00] main.DEBUG: cache_invalidate:  {"method":"GET","url":"http:/","invalidateInfo":{"tags":["EAV","EAV_ATTRIBUTE"],"mode":"matchingAnyTag"}} []
[2026-04-21T08:06:09.196234+00:00] main.DEBUG: cache_invalidate:  {"method":"GET","url":"http:/","invalidateInfo":{"tags":["EAV","EAV_ATTRIBUTE"],"mode":"matchingAnyTag"}} []
[2026-04-21T08:06:09.197590+00:00] main.DEBUG: cache_invalidate:  {"method":"GET","url":"http:/","invalidateInfo":{"tags":["EAV","EAV_ATTRIBUTE"],"mode":"matchingAnyTag"}} []
[2026-04-21T08:06:09.198668+00:00] main.DEBUG: cache_invalidate:  {"method":"GET","url":"http:/","invalidateInfo":{"tags":["EAV_ATTRIBUTE"],"mode":"matchingAnyTag"}} []
[2026-04-21T08:06:09.201983+00:00] main.DEBUG: cache_invalidate:  {"method":"GET","url":"http:/","invalidateInfo":{"tags":["EAV_ATTRIBUTE_30","FPC"],"mode":"matchingTag"}} []
[2026-04-21T08:06:09.202714+00:00] main.DEBUG: cache_invalidate:  {"method":"GET","url":"http:/","invalidateInfo":{"tags":["EAV_ENTITY_TYPES_CUSTOMER_ADDRESS_ENTITY","FPC"],"mode":"matchingTag"}} []
[2026-04-21T08:06:09.203327+00:00] main.DEBUG: cache_invalidate:  {"method":"GET","url":"http:/","invalidateInfo":{"tags":["EAV_FORM_adminhtml_customer_address_FORM","FPC"],"mode":"matchingTag"}} []
[2026-04-21T08:06:09.203887+00:00] main.DEBUG: cache_invalidate:  {"method":"GET","url":"http:/","invalidateInfo":{"tags":["EAV_FORM_customer_address_edit_FORM","FPC"],"mode":"matchingTag"}} []
[2026-04-21T08:06:09.204744+00:00] main.DEBUG: cache_invalidate:  {"method":"GET","url":"http:/","invalidateInfo":{"tags":["EAV_FORM_customer_register_address_FORM","FPC"],"mode":"matchingTag"}} []
[2026-04-21T08:06:09.205393+00:00] main.DEBUG: cache_invalidate:  {"method":"GET","url":"http:/","invalidateInfo":{"tags":["EAV_ATTRIBUTE_customer_address_country_id","FPC"],"mode":"matchingTag"}} []
[2026-04-21T08:06:09.222742+00:00] main.DEBUG: cache_invalidate:  {"method":"GET","url":"http:/","invalidateInfo":{"tags":["EAV","EAV_ATTRIBUTE"],"mode":"matchingAnyTag"}} []
[2026-04-21T08:06:09.225891+00:00] main.DEBUG: cache_invalidate:  {"method":"GET","url":"http:/","invalidateInfo":{"tags":["EAV","EAV_ATTRIBUTE"],"mode":"matchingAnyTag"}} []
[2026-04-21T08:06:09.227334+00:00] main.DEBUG: cache_invalidate:  {"method":"GET","url":"http:/","invalidateInfo":{"tags":["EAV","EAV_ATTRIBUTE"],"mode":"matchingAnyTag"}} []
[2026-04-21T08:06:09.228147+00:00] main.DEBUG: cache_invalidate:  {"method":"GET","url":"http:/","invalidateInfo":{"tags":["EAV_ATTRIBUTE"],"mode":"matchingAnyTag"}} []
[2026-04-21T08:06:09.231231+00:00] main.DEBUG: cache_invalidate:  {"method":"GET","url":"http:/","invalidateInfo":{"tags":["EAV_ATTRIBUTE_31","FPC"],"mode":"matchingTag"}} []
[2026-04-21T08:06:09.231968+00:00] main.DEBUG: cache_invalidate:  {"method":"GET","url":"http:/","invalidateInfo":{"tags":["EAV_ENTITY_TYPES_CUSTOMER_ADDRESS_ENTITY","FPC"],"mode":"matchingTag"}} []
[2026-04-21T08:06:09.232526+00:00] main.DEBUG: cache_invalidate:  {"method":"GET","url":"http:/","invalidateInfo":{"tags":["EAV_FORM_adminhtml_customer_address_FORM","FPC"],"mode":"matchingTag"}} []
[2026-04-21T08:06:09.233020+00:00] main.DEBUG: cache_invalidate:  {"method":"GET","url":"http:/","invalidateInfo":{"tags":["EAV_FORM_customer_address_edit_FORM","FPC"],"mode":"matchingTag"}} []
[2026-04-21T08:06:09.233413+00:00] main.DEBUG: cache_invalidate:  {"method":"GET","url":"http:/","invalidateInfo":{"tags":["EAV_FORM_customer_register_address_FORM","FPC"],"mode":"matchingTag"}} []
[2026-04-21T08:06:09.233882+00:00] main.DEBUG: cache_invalidate:  {"method":"GET","url":"http:/","invalidateInfo":{"tags":["EAV_ATTRIBUTE_customer_address_region","FPC"],"mode":"matchingTag"}} []
[2026-04-21T08:06:09.253186+00:00] main.DEBUG: cache_invalidate:  {"method":"GET","url":"http:/","invalidateInfo":{"tags":["EAV","EAV_ATTRIBUTE"],"mode":"matchingAnyTag"}} []
[2026-04-21T08:06:09.255901+00:00] main.DEBUG: cache_invalidate:  {"method":"GET","url":"http:/","invalidateInfo":{"tags":["EAV","EAV_ATTRIBUTE"],"mode":"matchingAnyTag"}} []
[2026-04-21T08:06:09.257461+00:00] main.DEBUG: cache_invalidate:  {"method":"GET","url":"http:/","invalidateInfo":{"tags":["EAV","EAV_ATTRIBUTE"],"mode":"matchingAnyTag"}} []
[2026-04-21T08:06:09.258501+00:00] main.DEBUG: cache_invalidate:  {"method":"GET","url":"http:/","invalidateInfo":{"tags":["EAV_ATTRIBUTE"],"mode":"matchingAnyTag"}} []
[2026-04-21T08:06:09.261714+00:00] main.DEBUG: cache_invalidate:  {"method":"GET","url":"http:/","invalidateInfo":{"tags":["EAV_ATTRIBUTE_32","FPC"],"mode":"matchingTag"}} []
[2026-04-21T08:06:09.262296+00:00] main.DEBUG: cache_invalidate:  {"method":"GET","url":"http:/","invalidateInfo":{"tags":["EAV_ENTITY_TYPES_CUSTOMER_ADDRESS_ENTITY","FPC"],"mode":"matchingTag"}} []
[2026-04-21T08:06:09.262745+00:00] main.DEBUG: cache_invalidate:  {"method":"GET","url":"http:/","invalidateInfo":{"tags":["EAV_FORM_adminhtml_customer_address_FORM","FPC"],"mode":"matchingTag"}} []
[2026-04-21T08:06:09.263177+00:00] main.DEBUG: cache_invalidate:  {"method":"GET","url":"http:/","invalidateInfo":{"tags":["EAV_FORM_customer_address_edit_FORM","FPC"],"mode":"matchingTag"}} []
[2026-04-21T08:06:09.263606+00:00] main.DEBUG: cache_invalidate:  {"method":"GET","url":"http:/","invalidateInfo":{"tags":["EAV_FORM_customer_register_address_FORM","FPC"],"mode":"matchingTag"}} []
[2026-04-21T08:06:09.264046+00:00] main.DEBUG: cache_invalidate:  {"method":"GET","url":"http:/","invalidateInfo":{"tags":["EAV_ATTRIBUTE_customer_address_region_id","FPC"],"mode":"matchingTag"}} []
[2026-04-21T08:06:09.279854+00:00] main.DEBUG: cache_invalidate:  {"method":"GET","url":"http:/","invalidateInfo":{"tags":["EAV","EAV_ATTRIBUTE"],"mode":"matchingAnyTag"}} []
[2026-04-21T08:06:09.282278+00:00] main.DEBUG: cache_invalidate:  {"method":"GET","url":"http:/","invalidateInfo":{"tags":["EAV","EAV_ATTRIBUTE"],"mode":"matchingAnyTag"}} []
[2026-04-21T08:06:09.283685+00:00] main.DEBUG: cache_invalidate:  {"method":"GET","url":"http:/","invalidateInfo":{"tags":["EAV","EAV_ATTRIBUTE"],"mode":"matchingAnyTag"}} []
[2026-04-21T08:06:09.284647+00:00] main.DEBUG: cache_invalidate:  {"method":"GET","url":"http:/","invalidateInfo":{"tags":["EAV_ATTRIBUTE"],"mode":"matchingAnyTag"}} []
[2026-04-21T08:06:09.288817+00:00] main.DEBUG: cache_invalidate:  {"method":"GET","url":"http:/","invalidateInfo":{"tags":["EAV_ATTRIBUTE_33","FPC"],"mode":"matchingTag"}} []
[2026-04-21T08:06:09.289484+00:00] main.DEBUG: cache_invalidate:  {"method":"GET","url":"http:/","invalidateInfo":{"tags":["EAV_ENTITY_TYPES_CUSTOMER_ADDRESS_ENTITY","FPC"],"mode":"matchingTag"}} []
[2026-04-21T08:06:09.290043+00:00] main.DEBUG: cache_invalidate:  {"method":"GET","url":"http:/","invalidateInfo":{"tags":["EAV_FORM_adminhtml_customer_address_FORM","FPC"],"mode":"matchingTag"}} []
[2026-04-21T08:06:09.290494+00:00] main.DEBUG: cache_invalidate:  {"method":"GET","url":"http:/","invalidateInfo":{"tags":["EAV_FORM_customer_address_edit_FORM","FPC"],"mode":"matchingTag"}} []
[2026-04-21T08:06:09.290969+00:00] main.DEBUG: cache_invalidate:  {"method":"GET","url":"http:/","invalidateInfo":{"tags":["EAV_FORM_customer_register_address_FORM","FPC"],"mode":"matchingTag"}} []
[2026-04-21T08:06:09.291394+00:00] main.DEBUG: cache_invalidate:  {"method":"GET","url":"http:/","invalidateInfo":{"tags":["EAV_ATTRIBUTE_customer_address_postcode","FPC"],"mode":"matchingTag"}} []
[2026-04-21T08:06:09.307693+00:00] main.DEBUG: cache_invalidate:  {"method":"GET","url":"http:/","invalidateInfo":{"tags":["EAV","EAV_ATTRIBUTE"],"mode":"matchingAnyTag"}} []
[2026-04-21T08:06:09.311342+00:00] main.DEBUG: cache_invalidate:  {"method":"GET","url":"http:/","invalidateInfo":{"tags":["EAV","EAV_ATTRIBUTE"],"mode":"matchingAnyTag"}} []
[2026-04-21T08:06:09.312875+00:00] main.DEBUG: cache_invalidate:  {"method":"GET","url":"http:/","invalidateInfo":{"tags":["EAV","EAV_ATTRIBUTE"],"mode":"matchingAnyTag"}} []
[2026-04-21T08:06:09.313849+00:00] main.DEBUG: cache_invalidate:  {"method":"GET","url":"http:/","invalidateInfo":{"tags":["EAV_ATTRIBUTE"],"mode":"matchingAnyTag"}} []
[2026-04-21T08:06:09.317516+00:00] main.DEBUG: cache_invalidate:  {"method":"GET","url":"http:/","invalidateInfo":{"tags":["EAV_ATTRIBUTE_34","FPC"],"mode":"matchingTag"}} []
[2026-04-21T08:06:09.318311+00:00] main.DEBUG: cache_invalidate:  {"method":"GET","url":"http:/","invalidateInfo":{"tags":["EAV_ENTITY_TYPES_CUSTOMER_ADDRESS_ENTITY","FPC"],"mode":"matchingTag"}} []
[2026-04-21T08:06:09.319004+00:00] main.DEBUG: cache_invalidate:  {"method":"GET","url":"http:/","invalidateInfo":{"tags":["EAV_FORM_adminhtml_customer_address_FORM","FPC"],"mode":"matchingTag"}} []
[2026-04-21T08:06:09.319509+00:00] main.DEBUG: cache_invalidate:  {"method":"GET","url":"http:/","invalidateInfo":{"tags":["EAV_FORM_customer_address_edit_FORM","FPC"],"mode":"matchingTag"}} []
[2026-04-21T08:06:09.320029+00:00] main.DEBUG: cache_invalidate:  {"method":"GET","url":"http:/","invalidateInfo":{"tags":["EAV_FORM_customer_register_address_FORM","FPC"],"mode":"matchingTag"}} []
[2026-04-21T08:06:09.320482+00:00] main.DEBUG: cache_invalidate:  {"method":"GET","url":"http:/","invalidateInfo":{"tags":["EAV_ATTRIBUTE_customer_address_telephone","FPC"],"mode":"matchingTag"}} []
[2026-04-21T08:06:09.338990+00:00] main.DEBUG: cache_invalidate:  {"method":"GET","url":"http:/","invalidateInfo":{"tags":["EAV","EAV_ATTRIBUTE"],"mode":"matchingAnyTag"}} []
[2026-04-21T08:06:09.342684+00:00] main.DEBUG: cache_invalidate:  {"method":"GET","url":"http:/","invalidateInfo":{"tags":["EAV","EAV_ATTRIBUTE"],"mode":"matchingAnyTag"}} []
[2026-04-21T08:06:09.344501+00:00] main.DEBUG: cache_invalidate:  {"method":"GET","url":"http:/","invalidateInfo":{"tags":["EAV","EAV_ATTRIBUTE"],"mode":"matchingAnyTag"}} []
[2026-04-21T08:06:09.345800+00:00] main.DEBUG: cache_invalidate:  {"method":"GET","url":"http:/","invalidateInfo":{"tags":["EAV_ATTRIBUTE"],"mode":"matchingAnyTag"}} []
[2026-04-21T08:06:09.349147+00:00] main.DEBUG: cache_invalidate:  {"method":"GET","url":"http:/","invalidateInfo":{"tags":["EAV_ATTRIBUTE_35","FPC"],"mode":"matchingTag"}} []
[2026-04-21T08:06:09.349680+00:00] main.DEBUG: cache_invalidate:  {"method":"GET","url":"http:/","invalidateInfo":{"tags":["EAV_ENTITY_TYPES_CUSTOMER_ADDRESS_ENTITY","FPC"],"mode":"matchingTag"}} []
[2026-04-21T08:06:09.350151+00:00] main.DEBUG: cache_invalidate:  {"method":"GET","url":"http:/","invalidateInfo":{"tags":["EAV_FORM_adminhtml_customer_address_FORM","FPC"],"mode":"matchingTag"}} []
[2026-04-21T08:06:09.350591+00:00] main.DEBUG: cache_invalidate:  {"method":"GET","url":"http:/","invalidateInfo":{"tags":["EAV_FORM_customer_address_edit_FORM","FPC"],"mode":"matchingTag"}} []
[2026-04-21T08:06:09.351048+00:00] main.DEBUG: cache_invalidate:  {"method":"GET","url":"http:/","invalidateInfo":{"tags":["EAV_FORM_customer_register_address_FORM","FPC"],"mode":"matchingTag"}} []
[2026-04-21T08:06:09.351808+00:00] main.DEBUG: cache_invalidate:  {"method":"GET","url":"http:/","invalidateInfo":{"tags":["EAV_ATTRIBUTE_customer_address_fax","FPC"],"mode":"matchingTag"}} []
[2026-04-21T08:06:09.365554+00:00] main.DEBUG: cache_invalidate:  {"method":"GET","url":"http:/","invalidateInfo":{"tags":["EAV_ATTRIBUTE_1","FPC"],"mode":"matchingTag"}} []
[2026-04-21T08:06:09.366168+00:00] main.DEBUG: cache_invalidate:  {"method":"GET","url":"http:/","invalidateInfo":{"tags":["EAV_ATTRIBUTE_customer_website_id","FPC"],"mode":"matchingTag"}} []
[2026-04-21T08:06:09.367698+00:00] main.DEBUG: cache_invalidate:  {"method":"GET","url":"http:/","invalidateInfo":{"tags":["EAV_ATTRIBUTE_3","FPC"],"mode":"matchingTag"}} []
[2026-04-21T08:06:09.368261+00:00] main.DEBUG: cache_invalidate:  {"method":"GET","url":"http:/","invalidateInfo":{"tags":["EAV_ATTRIBUTE_customer_created_in","FPC"],"mode":"matchingTag"}} []
[2026-04-21T08:06:09.370530+00:00] main.DEBUG: cache_invalidate:  {"method":"GET","url":"http:/","invalidateInfo":{"tags":["EAV_ATTRIBUTE_9","FPC"],"mode":"matchingTag"}} []
[2026-04-21T08:06:09.371879+00:00] main.DEBUG: cache_invalidate:  {"method":"GET","url":"http:/","invalidateInfo":{"tags":["EAV_ATTRIBUTE_customer_email","FPC"],"mode":"matchingTag"}} []
[2026-04-21T08:06:09.374468+00:00] main.DEBUG: cache_invalidate:  {"method":"GET","url":"http:/","invalidateInfo":{"tags":["EAV_ATTRIBUTE_10","FPC"],"mode":"matchingTag"}} []
[2026-04-21T08:06:09.375169+00:00] main.DEBUG: cache_invalidate:  {"method":"GET","url":"http:/","invalidateInfo":{"tags":["EAV_ATTRIBUTE_customer_group_id","FPC"],"mode":"matchingTag"}} []
[2026-04-21T08:06:09.376681+00:00] main.DEBUG: cache_invalidate:  {"method":"GET","url":"http:/","invalidateInfo":{"tags":["EAV_ATTRIBUTE_11","FPC"],"mode":"matchingTag"}} []
[2026-04-21T08:06:09.377163+00:00] main.DEBUG: cache_invalidate:  {"method":"GET","url":"http:/","invalidateInfo":{"tags":["EAV_ATTRIBUTE_customer_dob","FPC"],"mode":"matchingTag"}} []
[2026-04-21T08:06:09.378449+00:00] main.DEBUG: cache_invalidate:  {"method":"GET","url":"http:/","invalidateInfo":{"tags":["EAV_ATTRIBUTE_17","FPC"],"mode":"matchingTag"}} []
[2026-04-21T08:06:09.379013+00:00] main.DEBUG: cache_invalidate:  {"method":"GET","url":"http:/","invalidateInfo":{"tags":["EAV_ATTRIBUTE_customer_taxvat","FPC"],"mode":"matchingTag"}} []
[2026-04-21T08:06:09.380449+00:00] main.DEBUG: cache_invalidate:  {"method":"GET","url":"http:/","invalidateInfo":{"tags":["EAV_ATTRIBUTE_18","FPC"],"mode":"matchingTag"}} []
[2026-04-21T08:06:09.381012+00:00] main.DEBUG: cache_invalidate:  {"method":"GET","url":"http:/","invalidateInfo":{"tags":["EAV_ATTRIBUTE_customer_confirmation","FPC"],"mode":"matchingTag"}} []
[2026-04-21T08:06:09.382825+00:00] main.DEBUG: cache_invalidate:  {"method":"GET","url":"http:/","invalidateInfo":{"tags":["EAV_ATTRIBUTE_19","FPC"],"mode":"matchingTag"}} []
[2026-04-21T08:06:09.383326+00:00] main.DEBUG: cache_invalidate:  {"method":"GET","url":"http:/","invalidateInfo":{"tags":["EAV_ATTRIBUTE_customer_created_at","FPC"],"mode":"matchingTag"}} []
[2026-04-21T08:06:09.384742+00:00] main.DEBUG: cache_invalidate:  {"method":"GET","url":"http:/","invalidateInfo":{"tags":["EAV_ATTRIBUTE_20","FPC"],"mode":"matchingTag"}} []
[2026-04-21T08:06:09.385233+00:00] main.DEBUG: cache_invalidate:  {"method":"GET","url":"http:/","invalidateInfo":{"tags":["EAV_ATTRIBUTE_customer_gender","FPC"],"mode":"matchingTag"}} []
[2026-04-21T08:06:09.386723+00:00] main.DEBUG: cache_invalidate:  {"method":"GET","url":"http:/","invalidateInfo":{"tags":["EAV_ATTRIBUTE_27","FPC"],"mode":"matchingTag"}} []
[2026-04-21T08:06:09.387270+00:00] main.DEBUG: cache_invalidate:  {"method":"GET","url":"http:/","invalidateInfo":{"tags":["EAV_ATTRIBUTE_customer_address_company","FPC"],"mode":"matchingTag"}} []
[2026-04-21T08:06:09.388790+00:00] main.DEBUG: cache_invalidate:  {"method":"GET","url":"http:/","invalidateInfo":{"tags":["EAV_ATTRIBUTE_28","FPC"],"mode":"matchingTag"}} []
[2026-04-21T08:06:09.389317+00:00] main.DEBUG: cache_invalidate:  {"method":"GET","url":"http:/","invalidateInfo":{"tags":["EAV_ATTRIBUTE_customer_address_street","FPC"],"mode":"matchingTag"}} []
[2026-04-21T08:06:09.390652+00:00] main.DEBUG: cache_invalidate:  {"method":"GET","url":"http:/","invalidateInfo":{"tags":["EAV_ATTRIBUTE_29","FPC"],"mode":"matchingTag"}} []
[2026-04-21T08:06:09.391113+00:00] main.DEBUG: cache_invalidate:  {"method":"GET","url":"http:/","invalidateInfo":{"tags":["EAV_ATTRIBUTE_customer_address_city","FPC"],"mode":"matchingTag"}} []
[2026-04-21T08:06:09.392706+00:00] main.DEBUG: cache_invalidate:  {"method":"GET","url":"http:/","invalidateInfo":{"tags":["EAV_ATTRIBUTE_30","FPC"],"mode":"matchingTag"}} []
[2026-04-21T08:06:09.393383+00:00] main.DEBUG: cache_invalidate:  {"method":"GET","url":"http:/","invalidateInfo":{"tags":["EAV_ATTRIBUTE_customer_address_country_id","FPC"],"mode":"matchingTag"}} []
[2026-04-21T08:06:09.395012+00:00] main.DEBUG: cache_invalidate:  {"method":"GET","url":"http:/","invalidateInfo":{"tags":["EAV_ATTRIBUTE_31","FPC"],"mode":"matchingTag"}} []
[2026-04-21T08:06:09.395472+00:00] main.DEBUG: cache_invalidate:  {"method":"GET","url":"http:/","invalidateInfo":{"tags":["EAV_ATTRIBUTE_customer_address_region","FPC"],"mode":"matchingTag"}} []
[2026-04-21T08:06:09.396855+00:00] main.DEBUG: cache_invalidate:  {"method":"GET","url":"http:/","invalidateInfo":{"tags":["EAV_ATTRIBUTE_32","FPC"],"mode":"matchingTag"}} []
[2026-04-21T08:06:09.397361+00:00] main.DEBUG: cache_invalidate:  {"method":"GET","url":"http:/","invalidateInfo":{"tags":["EAV_ATTRIBUTE_customer_address_region_id","FPC"],"mode":"matchingTag"}} []
[2026-04-21T08:06:09.399083+00:00] main.DEBUG: cache_invalidate:  {"method":"GET","url":"http:/","invalidateInfo":{"tags":["EAV_ATTRIBUTE_33","FPC"],"mode":"matchingTag"}} []
[2026-04-21T08:06:09.399774+00:00] main.DEBUG: cache_invalidate:  {"method":"GET","url":"http:/","invalidateInfo":{"tags":["EAV_ATTRIBUTE_customer_address_postcode","FPC"],"mode":"matchingTag"}} []
[2026-04-21T08:06:09.401386+00:00] main.DEBUG: cache_invalidate:  {"method":"GET","url":"http:/","invalidateInfo":{"tags":["EAV_ATTRIBUTE_34","FPC"],"mode":"matchingTag"}} []
[2026-04-21T08:06:09.402183+00:00] main.DEBUG: cache_invalidate:  {"method":"GET","url":"http:/","invalidateInfo":{"tags":["EAV_ATTRIBUTE_customer_address_telephone","FPC"],"mode":"matchingTag"}} []
[2026-04-21T08:06:09.404600+00:00] main.DEBUG: cache_invalidate:  {"method":"GET","url":"http:/","invalidateInfo":{"tags":["EAV_ATTRIBUTE_35","FPC"],"mode":"matchingTag"}} []
[2026-04-21T08:06:09.405354+00:00] main.DEBUG: cache_invalidate:  {"method":"GET","url":"http:/","invalidateInfo":{"tags":["EAV_ATTRIBUTE_customer_address_fax","FPC"],"mode":"matchingTag"}} []
[2026-04-21T08:06:09.425413+00:00] main.DEBUG: cache_invalidate:  {"method":"GET","url":"http:/","invalidateInfo":{"tags":["EAV","EAV_ATTRIBUTE"],"mode":"matchingAnyTag"}} []
[2026-04-21T08:06:09.427846+00:00] main.DEBUG: cache_invalidate:  {"method":"GET","url":"http:/","invalidateInfo":{"tags":["EAV","EAV_ATTRIBUTE"],"mode":"matchingAnyTag"}} []
[2026-04-21T08:06:09.429109+00:00] main.DEBUG: cache_invalidate:  {"method":"GET","url":"http:/","invalidateInfo":{"tags":["EAV","EAV_ATTRIBUTE"],"mode":"matchingAnyTag"}} []
[2026-04-21T08:06:09.430083+00:00] main.DEBUG: cache_invalidate:  {"method":"GET","url":"http:/","invalidateInfo":{"tags":["EAV_ATTRIBUTE"],"mode":"matchingAnyTag"}} []
[2026-04-21T08:06:09.433584+00:00] main.DEBUG: cache_invalidate:  {"method":"GET","url":"http:/","invalidateInfo":{"tags":["EAV_ATTRIBUTE_32","FPC"],"mode":"matchingTag"}} []
[2026-04-21T08:06:09.434347+00:00] main.DEBUG: cache_invalidate:  {"method":"GET","url":"http:/","invalidateInfo":{"tags":["EAV_ENTITY_TYPES_CUSTOMER_ADDRESS_ENTITY","FPC"],"mode":"matchingTag"}} []
[2026-04-21T08:06:09.436045+00:00] main.DEBUG: cache_invalidate:  {"method":"GET","url":"http:/","invalidateInfo":{"tags":["EAV_FORM_adminhtml_customer_address_FORM","FPC"],"mode":"matchingTag"}} []
[2026-04-21T08:06:09.436876+00:00] main.DEBUG: cache_invalidate:  {"method":"GET","url":"http:/","invalidateInfo":{"tags":["EAV_FORM_customer_address_edit_FORM","FPC"],"mode":"matchingTag"}} []
[2026-04-21T08:06:09.437558+00:00] main.DEBUG: cache_invalidate:  {"method":"GET","url":"http:/","invalidateInfo":{"tags":["EAV_FORM_customer_register_address_FORM","FPC"],"mode":"matchingTag"}} []
[2026-04-21T08:06:09.438920+00:00] main.DEBUG: cache_invalidate:  {"method":"GET","url":"http:/","invalidateInfo":{"tags":["EAV_ATTRIBUTE_customer_address_region_id","FPC"],"mode":"matchingTag"}} []
[2026-04-21T08:06:09.459358+00:00] main.DEBUG: cache_invalidate:  {"method":"GET","url":"http:/","invalidateInfo":{"tags":["EAV","EAV_ATTRIBUTE"],"mode":"matchingAnyTag"}} []
[2026-04-21T08:06:09.462527+00:00] main.DEBUG: cache_invalidate:  {"method":"GET","url":"http:/","invalidateInfo":{"tags":["EAV","EAV_ATTRIBUTE"],"mode":"matchingAnyTag"}} []
[2026-04-21T08:06:09.463974+00:00] main.DEBUG: cache_invalidate:  {"method":"GET","url":"http:/","invalidateInfo":{"tags":["EAV","EAV_ATTRIBUTE"],"mode":"matchingAnyTag"}} []
[2026-04-21T08:06:09.464849+00:00] main.DEBUG: cache_invalidate:  {"method":"GET","url":"http:/","invalidateInfo":{"tags":["EAV_ATTRIBUTE"],"mode":"matchingAnyTag"}} []
[2026-04-21T08:06:09.469040+00:00] main.DEBUG: cache_invalidate:  {"method":"GET","url":"http:/","invalidateInfo":{"tags":["EAV_ATTRIBUTE_23","FPC"],"mode":"matchingTag"}} []
[2026-04-21T08:06:09.470378+00:00] main.DEBUG: cache_invalidate:  {"method":"GET","url":"http:/","invalidateInfo":{"tags":["EAV_ENTITY_TYPES_CUSTOMER_ADDRESS_ENTITY","FPC"],"mode":"matchingTag"}} []
[2026-04-21T08:06:09.471196+00:00] main.DEBUG: cache_invalidate:  {"method":"GET","url":"http:/","invalidateInfo":{"tags":["EAV_FORM_adminhtml_customer_address_FORM","FPC"],"mode":"matchingTag"}} []
[2026-04-21T08:06:09.472010+00:00] main.DEBUG: cache_invalidate:  {"method":"GET","url":"http:/","invalidateInfo":{"tags":["EAV_FORM_customer_address_edit_FORM","FPC"],"mode":"matchingTag"}} []
[2026-04-21T08:06:09.472716+00:00] main.DEBUG: cache_invalidate:  {"method":"GET","url":"http:/","invalidateInfo":{"tags":["EAV_FORM_customer_register_address_FORM","FPC"],"mode":"matchingTag"}} []
[2026-04-21T08:06:09.473393+00:00] main.DEBUG: cache_invalidate:  {"method":"GET","url":"http:/","invalidateInfo":{"tags":["EAV_ATTRIBUTE_customer_address_firstname","FPC"],"mode":"matchingTag"}} []
[2026-04-21T08:06:09.490896+00:00] main.DEBUG: cache_invalidate:  {"method":"GET","url":"http:/","invalidateInfo":{"tags":["EAV","EAV_ATTRIBUTE"],"mode":"matchingAnyTag"}} []
[2026-04-21T08:06:09.493842+00:00] main.DEBUG: cache_invalidate:  {"method":"GET","url":"http:/","invalidateInfo":{"tags":["EAV","EAV_ATTRIBUTE"],"mode":"matchingAnyTag"}} []
[2026-04-21T08:06:09.495064+00:00] main.DEBUG: cache_invalidate:  {"method":"GET","url":"http:/","invalidateInfo":{"tags":["EAV","EAV_ATTRIBUTE"],"mode":"matchingAnyTag"}} []
[2026-04-21T08:06:09.496048+00:00] main.DEBUG: cache_invalidate:  {"method":"GET","url":"http:/","invalidateInfo":{"tags":["EAV_ATTRIBUTE"],"mode":"matchingAnyTag"}} []
[2026-04-21T08:06:09.499833+00:00] main.DEBUG: cache_invalidate:  {"method":"GET","url":"http:/","invalidateInfo":{"tags":["EAV_ATTRIBUTE_25","FPC"],"mode":"matchingTag"}} []
[2026-04-21T08:06:09.500574+00:00] main.DEBUG: cache_invalidate:  {"method":"GET","url":"http:/","invalidateInfo":{"tags":["EAV_ENTITY_TYPES_CUSTOMER_ADDRESS_ENTITY","FPC"],"mode":"matchingTag"}} []
[2026-04-21T08:06:09.501305+00:00] main.DEBUG: cache_invalidate:  {"method":"GET","url":"http:/","invalidateInfo":{"tags":["EAV_FORM_adminhtml_customer_address_FORM","FPC"],"mode":"matchingTag"}} []
[2026-04-21T08:06:09.502047+00:00] main.DEBUG: cache_invalidate:  {"method":"GET","url":"http:/","invalidateInfo":{"tags":["EAV_FORM_customer_address_edit_FORM","FPC"],"mode":"matchingTag"}} []
[2026-04-21T08:06:09.502753+00:00] main.DEBUG: cache_invalidate:  {"method":"GET","url":"http:/","invalidateInfo":{"tags":["EAV_FORM_customer_register_address_FORM","FPC"],"mode":"matchingTag"}} []
[2026-04-21T08:06:09.504127+00:00] main.DEBUG: cache_invalidate:  {"method":"GET","url":"http:/","invalidateInfo":{"tags":["EAV_ATTRIBUTE_customer_address_lastname","FPC"],"mode":"matchingTag"}} []
[2026-04-21T08:06:09.507692+00:00] main.DEBUG: cache_invalidate:  {"method":"GET","url":"http:/","invalidateInfo":{"tags":["EAV_ATTRIBUTE_32","FPC"],"mode":"matchingTag"}} []
[2026-04-21T08:06:09.508241+00:00] main.DEBUG: cache_invalidate:  {"method":"GET","url":"http:/","invalidateInfo":{"tags":["EAV_ATTRIBUTE_customer_address_region_id","FPC"],"mode":"matchingTag"}} []
[2026-04-21T08:06:09.510977+00:00] main.DEBUG: cache_invalidate:  {"method":"GET","url":"http:/","invalidateInfo":{"tags":["EAV_ATTRIBUTE_23","FPC"],"mode":"matchingTag"}} []
[2026-04-21T08:06:09.511658+00:00] main.DEBUG: cache_invalidate:  {"method":"GET","url":"http:/","invalidateInfo":{"tags":["EAV_ATTRIBUTE_customer_address_firstname","FPC"],"mode":"matchingTag"}} []
[2026-04-21T08:06:09.513195+00:00] main.DEBUG: cache_invalidate:  {"method":"GET","url":"http:/","invalidateInfo":{"tags":["EAV_ATTRIBUTE_25","FPC"],"mode":"matchingTag"}} []
[2026-04-21T08:06:09.513832+00:00] main.DEBUG: cache_invalidate:  {"method":"GET","url":"http:/","invalidateInfo":{"tags":["EAV_ATTRIBUTE_customer_address_lastname","FPC"],"mode":"matchingTag"}} []
[2026-04-21T08:06:09.539385+00:00] main.DEBUG: cache_invalidate:  {"method":"GET","url":"http:/","invalidateInfo":{"tags":["EAV","EAV_ATTRIBUTE"],"mode":"matchingAnyTag"}} []
[2026-04-21T08:06:09.541866+00:00] main.DEBUG: cache_invalidate:  {"method":"GET","url":"http:/","invalidateInfo":{"tags":["EAV","EAV_ATTRIBUTE"],"mode":"matchingAnyTag"}} []
[2026-04-21T08:06:09.543030+00:00] main.DEBUG: cache_invalidate:  {"method":"GET","url":"http:/","invalidateInfo":{"tags":["EAV","EAV_ATTRIBUTE"],"mode":"matchingAnyTag"}} []
[2026-04-21T08:06:09.544023+00:00] main.DEBUG: cache_invalidate:  {"method":"GET","url":"http:/","invalidateInfo":{"tags":["EAV_ATTRIBUTE"],"mode":"matchingAnyTag"}} []
[2026-04-21T08:06:09.547073+00:00] main.DEBUG: cache_invalidate:  {"method":"GET","url":"http:/","invalidateInfo":{"tags":["EAV_ATTRIBUTE_35","FPC"],"mode":"matchingTag"}} []
[2026-04-21T08:06:09.547715+00:00] main.DEBUG: cache_invalidate:  {"method":"GET","url":"http:/","invalidateInfo":{"tags":["EAV_ENTITY_TYPES_CUSTOMER_ADDRESS_ENTITY","FPC"],"mode":"matchingTag"}} []
[2026-04-21T08:06:09.548285+00:00] main.DEBUG: cache_invalidate:  {"method":"GET","url":"http:/","invalidateInfo":{"tags":["EAV_FORM_adminhtml_customer_address_FORM","FPC"],"mode":"matchingTag"}} []
[2026-04-21T08:06:09.548831+00:00] main.DEBUG: cache_invalidate:  {"method":"GET","url":"http:/","invalidateInfo":{"tags":["EAV_FORM_customer_address_edit_FORM","FPC"],"mode":"matchingTag"}} []
[2026-04-21T08:06:09.549400+00:00] main.DEBUG: cache_invalidate:  {"method":"GET","url":"http:/","invalidateInfo":{"tags":["EAV_FORM_customer_register_address_FORM","FPC"],"mode":"matchingTag"}} []
[2026-04-21T08:06:09.549901+00:00] main.DEBUG: cache_invalidate:  {"method":"GET","url":"http:/","invalidateInfo":{"tags":["EAV_ATTRIBUTE_customer_address_fax","FPC"],"mode":"matchingTag"}} []
[2026-04-21T08:06:09.553506+00:00] main.DEBUG: cache_invalidate:  {"method":"GET","url":"http:/","invalidateInfo":{"tags":["EAV_ATTRIBUTE_35","FPC"],"mode":"matchingTag"}} []
[2026-04-21T08:06:09.554172+00:00] main.DEBUG: cache_invalidate:  {"method":"GET","url":"http:/","invalidateInfo":{"tags":["EAV_ATTRIBUTE_customer_address_fax","FPC"],"mode":"matchingTag"}} []
[2026-04-21T08:06:09.627594+00:00] main.DEBUG: cache_invalidate:  {"method":"GET","url":"http:/","invalidateInfo":{"tags":["EAV","EAV_ATTRIBUTE"],"mode":"matchingAnyTag"}} []
[2026-04-21T08:06:09.630774+00:00] main.DEBUG: cache_invalidate:  {"method":"GET","url":"http:/","invalidateInfo":{"tags":["EAV","EAV_ATTRIBUTE"],"mode":"matchingAnyTag"}} []
[2026-04-21T08:06:09.631950+00:00] main.DEBUG: cache_invalidate:  {"method":"GET","url":"http:/","invalidateInfo":{"tags":["EAV","EAV_ATTRIBUTE"],"mode":"matchingAnyTag"}} []
[2026-04-21T08:06:09.632832+00:00] main.DEBUG: cache_invalidate:  {"method":"GET","url":"http:/","invalidateInfo":{"tags":["EAV_ATTRIBUTE"],"mode":"matchingAnyTag"}} []
[2026-04-21T08:06:09.636707+00:00] main.DEBUG: cache_invalidate:  {"method":"GET","url":"http:/","invalidateInfo":{"tags":["EAV_ATTRIBUTE_30","FPC"],"mode":"matchingTag"}} []
[2026-04-21T08:06:09.638535+00:00] main.DEBUG: cache_invalidate:  {"method":"GET","url":"http:/","invalidateInfo":{"tags":["EAV_ENTITY_TYPES_CUSTOMER_ADDRESS_ENTITY","FPC"],"mode":"matchingTag"}} []
[2026-04-21T08:06:09.639274+00:00] main.DEBUG: cache_invalidate:  {"method":"GET","url":"http:/","invalidateInfo":{"tags":["EAV_FORM_adminhtml_customer_address_FORM","FPC"],"mode":"matchingTag"}} []
[2026-04-21T08:06:09.639933+00:00] main.DEBUG: cache_invalidate:  {"method":"GET","url":"http:/","invalidateInfo":{"tags":["EAV_FORM_customer_address_edit_FORM","FPC"],"mode":"matchingTag"}} []
[2026-04-21T08:06:09.640482+00:00] main.DEBUG: cache_invalidate:  {"method":"GET","url":"http:/","invalidateInfo":{"tags":["EAV_FORM_customer_register_address_FORM","FPC"],"mode":"matchingTag"}} []
[2026-04-21T08:06:09.640999+00:00] main.DEBUG: cache_invalidate:  {"method":"GET","url":"http:/","invalidateInfo":{"tags":["EAV_ATTRIBUTE_customer_address_country_id","FPC"],"mode":"matchingTag"}} []
[2026-04-21T08:06:09.654685+00:00] main.DEBUG: cache_invalidate:  {"method":"GET","url":"http:/","invalidateInfo":{"tags":["EAV","EAV_ATTRIBUTE"],"mode":"matchingAnyTag"}} []
[2026-04-21T08:06:09.657314+00:00] main.DEBUG: cache_invalidate:  {"method":"GET","url":"http:/","invalidateInfo":{"tags":["EAV","EAV_ATTRIBUTE"],"mode":"matchingAnyTag"}} []
[2026-04-21T08:06:09.658754+00:00] main.DEBUG: cache_invalidate:  {"method":"GET","url":"http:/","invalidateInfo":{"tags":["EAV","EAV_ATTRIBUTE"],"mode":"matchingAnyTag"}} []
[2026-04-21T08:06:09.659799+00:00] main.DEBUG: cache_invalidate:  {"method":"GET","url":"http:/","invalidateInfo":{"tags":["EAV_ATTRIBUTE"],"mode":"matchingAnyTag"}} []
[2026-04-21T08:06:09.662917+00:00] main.DEBUG: cache_invalidate:  {"method":"GET","url":"http:/","invalidateInfo":{"tags":["EAV_ATTRIBUTE_31","FPC"],"mode":"matchingTag"}} []
[2026-04-21T08:06:09.663594+00:00] main.DEBUG: cache_invalidate:  {"method":"GET","url":"http:/","invalidateInfo":{"tags":["EAV_ENTITY_TYPES_CUSTOMER_ADDRESS_ENTITY","FPC"],"mode":"matchingTag"}} []
[2026-04-21T08:06:09.664170+00:00] main.DEBUG: cache_invalidate:  {"method":"GET","url":"http:/","invalidateInfo":{"tags":["EAV_FORM_adminhtml_customer_address_FORM","FPC"],"mode":"matchingTag"}} []
[2026-04-21T08:06:09.664667+00:00] main.DEBUG: cache_invalidate:  {"method":"GET","url":"http:/","invalidateInfo":{"tags":["EAV_FORM_customer_address_edit_FORM","FPC"],"mode":"matchingTag"}} []
[2026-04-21T08:06:09.665235+00:00] main.DEBUG: cache_invalidate:  {"method":"GET","url":"http:/","invalidateInfo":{"tags":["EAV_FORM_customer_register_address_FORM","FPC"],"mode":"matchingTag"}} []
[2026-04-21T08:06:09.665681+00:00] main.DEBUG: cache_invalidate:  {"method":"GET","url":"http:/","invalidateInfo":{"tags":["EAV_ATTRIBUTE_customer_address_region","FPC"],"mode":"matchingTag"}} []
[2026-04-21T08:06:09.680129+00:00] main.DEBUG: cache_invalidate:  {"method":"GET","url":"http:/","invalidateInfo":{"tags":["EAV","EAV_ATTRIBUTE"],"mode":"matchingAnyTag"}} []
[2026-04-21T08:06:09.682881+00:00] main.DEBUG: cache_invalidate:  {"method":"GET","url":"http:/","invalidateInfo":{"tags":["EAV","EAV_ATTRIBUTE"],"mode":"matchingAnyTag"}} []
[2026-04-21T08:06:09.684055+00:00] main.DEBUG: cache_invalidate:  {"method":"GET","url":"http:/","invalidateInfo":{"tags":["EAV","EAV_ATTRIBUTE"],"mode":"matchingAnyTag"}} []
[2026-04-21T08:06:09.684879+00:00] main.DEBUG: cache_invalidate:  {"method":"GET","url":"http:/","invalidateInfo":{"tags":["EAV_ATTRIBUTE"],"mode":"matchingAnyTag"}} []
[2026-04-21T08:06:09.688834+00:00] main.DEBUG: cache_invalidate:  {"method":"GET","url":"http:/","invalidateInfo":{"tags":["EAV_ATTRIBUTE_32","FPC"],"mode":"matchingTag"}} []
[2026-04-21T08:06:09.689449+00:00] main.DEBUG: cache_invalidate:  {"method":"GET","url":"http:/","invalidateInfo":{"tags":["EAV_ENTITY_TYPES_CUSTOMER_ADDRESS_ENTITY","FPC"],"mode":"matchingTag"}} []
[2026-04-21T08:06:09.689982+00:00] main.DEBUG: cache_invalidate:  {"method":"GET","url":"http:/","invalidateInfo":{"tags":["EAV_FORM_adminhtml_customer_address_FORM","FPC"],"mode":"matchingTag"}} []
[2026-04-21T08:06:09.690464+00:00] main.DEBUG: cache_invalidate:  {"method":"GET","url":"http:/","invalidateInfo":{"tags":["EAV_FORM_customer_address_edit_FORM","FPC"],"mode":"matchingTag"}} []
[2026-04-21T08:06:09.690936+00:00] main.DEBUG: cache_invalidate:  {"method":"GET","url":"http:/","invalidateInfo":{"tags":["EAV_FORM_customer_register_address_FORM","FPC"],"mode":"matchingTag"}} []
[2026-04-21T08:06:09.691339+00:00] main.DEBUG: cache_invalidate:  {"method":"GET","url":"http:/","invalidateInfo":{"tags":["EAV_ATTRIBUTE_customer_address_region_id","FPC"],"mode":"matchingTag"}} []
[2026-04-21T08:06:09.707250+00:00] main.DEBUG: cache_invalidate:  {"method":"GET","url":"http:/","invalidateInfo":{"tags":["EAV","EAV_ATTRIBUTE"],"mode":"matchingAnyTag"}} []
[2026-04-21T08:06:09.712225+00:00] main.DEBUG: cache_invalidate:  {"method":"GET","url":"http:/","invalidateInfo":{"tags":["EAV","EAV_ATTRIBUTE"],"mode":"matchingAnyTag"}} []
[2026-04-21T08:06:09.713899+00:00] main.DEBUG: cache_invalidate:  {"method":"GET","url":"http:/","invalidateInfo":{"tags":["EAV","EAV_ATTRIBUTE"],"mode":"matchingAnyTag"}} []
[2026-04-21T08:06:09.714955+00:00] main.DEBUG: cache_invalidate:  {"method":"GET","url":"http:/","invalidateInfo":{"tags":["EAV_ATTRIBUTE"],"mode":"matchingAnyTag"}} []
[2026-04-21T08:06:09.718628+00:00] main.DEBUG: cache_invalidate:  {"method":"GET","url":"http:/","invalidateInfo":{"tags":["EAV_ATTRIBUTE_29","FPC"],"mode":"matchingTag"}} []
[2026-04-21T08:06:09.719221+00:00] main.DEBUG: cache_invalidate:  {"method":"GET","url":"http:/","invalidateInfo":{"tags":["EAV_ENTITY_TYPES_CUSTOMER_ADDRESS_ENTITY","FPC"],"mode":"matchingTag"}} []
[2026-04-21T08:06:09.719750+00:00] main.DEBUG: cache_invalidate:  {"method":"GET","url":"http:/","invalidateInfo":{"tags":["EAV_FORM_adminhtml_customer_address_FORM","FPC"],"mode":"matchingTag"}} []
[2026-04-21T08:06:09.720378+00:00] main.DEBUG: cache_invalidate:  {"method":"GET","url":"http:/","invalidateInfo":{"tags":["EAV_FORM_customer_address_edit_FORM","FPC"],"mode":"matchingTag"}} []
[2026-04-21T08:06:09.720983+00:00] main.DEBUG: cache_invalidate:  {"method":"GET","url":"http:/","invalidateInfo":{"tags":["EAV_FORM_customer_register_address_FORM","FPC"],"mode":"matchingTag"}} []
[2026-04-21T08:06:09.721439+00:00] main.DEBUG: cache_invalidate:  {"method":"GET","url":"http:/","invalidateInfo":{"tags":["EAV_ATTRIBUTE_customer_address_city","FPC"],"mode":"matchingTag"}} []
[2026-04-21T08:06:09.733818+00:00] main.DEBUG: cache_invalidate:  {"method":"GET","url":"http:/","invalidateInfo":{"tags":["EAV_ATTRIBUTE_30","FPC"],"mode":"matchingTag"}} []
[2026-04-21T08:06:09.734433+00:00] main.DEBUG: cache_invalidate:  {"method":"GET","url":"http:/","invalidateInfo":{"tags":["EAV_ATTRIBUTE_customer_address_country_id","FPC"],"mode":"matchingTag"}} []
[2026-04-21T08:06:09.736149+00:00] main.DEBUG: cache_invalidate:  {"method":"GET","url":"http:/","invalidateInfo":{"tags":["EAV_ATTRIBUTE_31","FPC"],"mode":"matchingTag"}} []
[2026-04-21T08:06:09.739957+00:00] main.DEBUG: cache_invalidate:  {"method":"GET","url":"http:/","invalidateInfo":{"tags":["EAV_ATTRIBUTE_customer_address_region","FPC"],"mode":"matchingTag"}} []
[2026-04-21T08:06:09.742320+00:00] main.DEBUG: cache_invalidate:  {"method":"GET","url":"http:/","invalidateInfo":{"tags":["EAV_ATTRIBUTE_32","FPC"],"mode":"matchingTag"}} []
[2026-04-21T08:06:09.743015+00:00] main.DEBUG: cache_invalidate:  {"method":"GET","url":"http:/","invalidateInfo":{"tags":["EAV_ATTRIBUTE_customer_address_region_id","FPC"],"mode":"matchingTag"}} []
[2026-04-21T08:06:09.745158+00:00] main.DEBUG: cache_invalidate:  {"method":"GET","url":"http:/","invalidateInfo":{"tags":["EAV_ATTRIBUTE_29","FPC"],"mode":"matchingTag"}} []
[2026-04-21T08:06:09.745798+00:00] main.DEBUG: cache_invalidate:  {"method":"GET","url":"http:/","invalidateInfo":{"tags":["EAV_ATTRIBUTE_customer_address_city","FPC"],"mode":"matchingTag"}} []
[2026-04-21T08:06:09.770602+00:00] main.DEBUG: cache_invalidate:  {"method":"GET","url":"http:/","invalidateInfo":{"tags":["EAV","EAV_ATTRIBUTE"],"mode":"matchingAnyTag"}} []
[2026-04-21T08:06:09.773222+00:00] main.DEBUG: cache_invalidate:  {"method":"GET","url":"http:/","invalidateInfo":{"tags":["EAV","EAV_ATTRIBUTE"],"mode":"matchingAnyTag"}} []
[2026-04-21T08:06:09.775038+00:00] main.DEBUG: cache_invalidate:  {"method":"GET","url":"http:/","invalidateInfo":{"tags":["EAV","EAV_ATTRIBUTE"],"mode":"matchingAnyTag"}} []
[2026-04-21T08:06:09.775846+00:00] main.DEBUG: cache_invalidate:  {"method":"GET","url":"http:/","invalidateInfo":{"tags":["EAV_ATTRIBUTE"],"mode":"matchingAnyTag"}} []
[2026-04-21T08:06:09.779510+00:00] main.DEBUG: cache_invalidate:  {"method":"GET","url":"http:/","invalidateInfo":{"tags":["EAV_ATTRIBUTE_23","FPC"],"mode":"matchingTag"}} []
[2026-04-21T08:06:09.780073+00:00] main.DEBUG: cache_invalidate:  {"method":"GET","url":"http:/","invalidateInfo":{"tags":["EAV_ENTITY_TYPES_CUSTOMER_ADDRESS_ENTITY","FPC"],"mode":"matchingTag"}} []
[2026-04-21T08:06:09.780505+00:00] main.DEBUG: cache_invalidate:  {"method":"GET","url":"http:/","invalidateInfo":{"tags":["EAV_FORM_adminhtml_customer_address_FORM","FPC"],"mode":"matchingTag"}} []
[2026-04-21T08:06:09.781040+00:00] main.DEBUG: cache_invalidate:  {"method":"GET","url":"http:/","invalidateInfo":{"tags":["EAV_FORM_customer_address_edit_FORM","FPC"],"mode":"matchingTag"}} []
[2026-04-21T08:06:09.781538+00:00] main.DEBUG: cache_invalidate:  {"method":"GET","url":"http:/","invalidateInfo":{"tags":["EAV_FORM_customer_register_address_FORM","FPC"],"mode":"matchingTag"}} []
[2026-04-21T08:06:09.782032+00:00] main.DEBUG: cache_invalidate:  {"method":"GET","url":"http:/","invalidateInfo":{"tags":["EAV_ATTRIBUTE_customer_address_firstname","FPC"],"mode":"matchingTag"}} []
[2026-04-21T08:06:09.796974+00:00] main.DEBUG: cache_invalidate:  {"method":"GET","url":"http:/","invalidateInfo":{"tags":["EAV","EAV_ATTRIBUTE"],"mode":"matchingAnyTag"}} []
[2026-04-21T08:06:09.799393+00:00] main.DEBUG: cache_invalidate:  {"method":"GET","url":"http:/","invalidateInfo":{"tags":["EAV","EAV_ATTRIBUTE"],"mode":"matchingAnyTag"}} []
[2026-04-21T08:06:09.801233+00:00] main.DEBUG: cache_invalidate:  {"method":"GET","url":"http:/","invalidateInfo":{"tags":["EAV","EAV_ATTRIBUTE"],"mode":"matchingAnyTag"}} []
[2026-04-21T08:06:09.802446+00:00] main.DEBUG: cache_invalidate:  {"method":"GET","url":"http:/","invalidateInfo":{"tags":["EAV_ATTRIBUTE"],"mode":"matchingAnyTag"}} []
[2026-04-21T08:06:09.806216+00:00] main.DEBUG: cache_invalidate:  {"method":"GET","url":"http:/","invalidateInfo":{"tags":["EAV_ATTRIBUTE_25","FPC"],"mode":"matchingTag"}} []
[2026-04-21T08:06:09.806770+00:00] main.DEBUG: cache_invalidate:  {"method":"GET","url":"http:/","invalidateInfo":{"tags":["EAV_ENTITY_TYPES_CUSTOMER_ADDRESS_ENTITY","FPC"],"mode":"matchingTag"}} []
[2026-04-21T08:06:09.807256+00:00] main.DEBUG: cache_invalidate:  {"method":"GET","url":"http:/","invalidateInfo":{"tags":["EAV_FORM_adminhtml_customer_address_FORM","FPC"],"mode":"matchingTag"}} []
[2026-04-21T08:06:09.807739+00:00] main.DEBUG: cache_invalidate:  {"method":"GET","url":"http:/","invalidateInfo":{"tags":["EAV_FORM_customer_address_edit_FORM","FPC"],"mode":"matchingTag"}} []
[2026-04-21T08:06:09.808195+00:00] main.DEBUG: cache_invalidate:  {"method":"GET","url":"http:/","invalidateInfo":{"tags":["EAV_FORM_customer_register_address_FORM","FPC"],"mode":"matchingTag"}} []
[2026-04-21T08:06:09.808698+00:00] main.DEBUG: cache_invalidate:  {"method":"GET","url":"http:/","invalidateInfo":{"tags":["EAV_ATTRIBUTE_customer_address_lastname","FPC"],"mode":"matchingTag"}} []
[2026-04-21T08:06:09.824668+00:00] main.DEBUG: cache_invalidate:  {"method":"GET","url":"http:/","invalidateInfo":{"tags":["EAV","EAV_ATTRIBUTE"],"mode":"matchingAnyTag"}} []
[2026-04-21T08:06:09.828080+00:00] main.DEBUG: cache_invalidate:  {"method":"GET","url":"http:/","invalidateInfo":{"tags":["EAV","EAV_ATTRIBUTE"],"mode":"matchingAnyTag"}} []
[2026-04-21T08:06:09.830033+00:00] main.DEBUG: cache_invalidate:  {"method":"GET","url":"http:/","invalidateInfo":{"tags":["EAV","EAV_ATTRIBUTE"],"mode":"matchingAnyTag"}} []
[2026-04-21T08:06:09.830961+00:00] main.DEBUG: cache_invalidate:  {"method":"GET","url":"http:/","invalidateInfo":{"tags":["EAV_ATTRIBUTE"],"mode":"matchingAnyTag"}} []
[2026-04-21T08:06:09.834478+00:00] main.DEBUG: cache_invalidate:  {"method":"GET","url":"http:/","invalidateInfo":{"tags":["EAV_ATTRIBUTE_24","FPC"],"mode":"matchingTag"}} []
[2026-04-21T08:06:09.835118+00:00] main.DEBUG: cache_invalidate:  {"method":"GET","url":"http:/","invalidateInfo":{"tags":["EAV_ENTITY_TYPES_CUSTOMER_ADDRESS_ENTITY","FPC"],"mode":"matchingTag"}} []
[2026-04-21T08:06:09.835636+00:00] main.DEBUG: cache_invalidate:  {"method":"GET","url":"http:/","invalidateInfo":{"tags":["EAV_FORM_adminhtml_customer_address_FORM","FPC"],"mode":"matchingTag"}} []
[2026-04-21T08:06:09.836239+00:00] main.DEBUG: cache_invalidate:  {"method":"GET","url":"http:/","invalidateInfo":{"tags":["EAV_FORM_customer_address_edit_FORM","FPC"],"mode":"matchingTag"}} []
[2026-04-21T08:06:09.836987+00:00] main.DEBUG: cache_invalidate:  {"method":"GET","url":"http:/","invalidateInfo":{"tags":["EAV_FORM_customer_register_address_FORM","FPC"],"mode":"matchingTag"}} []
[2026-04-21T08:06:09.837754+00:00] main.DEBUG: cache_invalidate:  {"method":"GET","url":"http:/","invalidateInfo":{"tags":["EAV_ATTRIBUTE_customer_address_middlename","FPC"],"mode":"matchingTag"}} []
[2026-04-21T08:06:09.854097+00:00] main.DEBUG: cache_invalidate:  {"method":"GET","url":"http:/","invalidateInfo":{"tags":["EAV","EAV_ATTRIBUTE"],"mode":"matchingAnyTag"}} []
[2026-04-21T08:06:09.857128+00:00] main.DEBUG: cache_invalidate:  {"method":"GET","url":"http:/","invalidateInfo":{"tags":["EAV","EAV_ATTRIBUTE"],"mode":"matchingAnyTag"}} []
[2026-04-21T08:06:09.858263+00:00] main.DEBUG: cache_invalidate:  {"method":"GET","url":"http:/","invalidateInfo":{"tags":["EAV","EAV_ATTRIBUTE"],"mode":"matchingAnyTag"}} []
[2026-04-21T08:06:09.859124+00:00] main.DEBUG: cache_invalidate:  {"method":"GET","url":"http:/","invalidateInfo":{"tags":["EAV_ATTRIBUTE"],"mode":"matchingAnyTag"}} []
[2026-04-21T08:06:09.862474+00:00] main.DEBUG: cache_invalidate:  {"method":"GET","url":"http:/","invalidateInfo":{"tags":["EAV_ATTRIBUTE_5","FPC"],"mode":"matchingTag"}} []
[2026-04-21T08:06:09.862978+00:00] main.DEBUG: cache_invalidate:  {"method":"GET","url":"http:/","invalidateInfo":{"tags":["EAV_ENTITY_TYPES_CUSTOMER_ENTITY","FPC"],"mode":"matchingTag"}} []
[2026-04-21T08:06:09.863425+00:00] main.DEBUG: cache_invalidate:  {"method":"GET","url":"http:/","invalidateInfo":{"tags":["EAV_FORM_adminhtml_customer_FORM","FPC"],"mode":"matchingTag"}} []
[2026-04-21T08:06:09.863877+00:00] main.DEBUG: cache_invalidate:  {"method":"GET","url":"http:/","invalidateInfo":{"tags":["EAV_FORM_customer_account_create_FORM","FPC"],"mode":"matchingTag"}} []
[2026-04-21T08:06:09.864299+00:00] main.DEBUG: cache_invalidate:  {"method":"GET","url":"http:/","invalidateInfo":{"tags":["EAV_FORM_customer_account_edit_FORM","FPC"],"mode":"matchingTag"}} []
[2026-04-21T08:06:09.864704+00:00] main.DEBUG: cache_invalidate:  {"method":"GET","url":"http:/","invalidateInfo":{"tags":["EAV_ATTRIBUTE_customer_firstname","FPC"],"mode":"matchingTag"}} []
[2026-04-21T08:06:09.882101+00:00] main.DEBUG: cache_invalidate:  {"method":"GET","url":"http:/","invalidateInfo":{"tags":["EAV","EAV_ATTRIBUTE"],"mode":"matchingAnyTag"}} []
[2026-04-21T08:06:09.884547+00:00] main.DEBUG: cache_invalidate:  {"method":"GET","url":"http:/","invalidateInfo":{"tags":["EAV","EAV_ATTRIBUTE"],"mode":"matchingAnyTag"}} []
[2026-04-21T08:06:09.886381+00:00] main.DEBUG: cache_invalidate:  {"method":"GET","url":"http:/","invalidateInfo":{"tags":["EAV","EAV_ATTRIBUTE"],"mode":"matchingAnyTag"}} []
[2026-04-21T08:06:09.887664+00:00] main.DEBUG: cache_invalidate:  {"method":"GET","url":"http:/","invalidateInfo":{"tags":["EAV_ATTRIBUTE"],"mode":"matchingAnyTag"}} []
[2026-04-21T08:06:09.891050+00:00] main.DEBUG: cache_invalidate:  {"method":"GET","url":"http:/","invalidateInfo":{"tags":["EAV_ATTRIBUTE_7","FPC"],"mode":"matchingTag"}} []
[2026-04-21T08:06:09.892031+00:00] main.DEBUG: cache_invalidate:  {"method":"GET","url":"http:/","invalidateInfo":{"tags":["EAV_ENTITY_TYPES_CUSTOMER_ENTITY","FPC"],"mode":"matchingTag"}} []
[2026-04-21T08:06:09.892643+00:00] main.DEBUG: cache_invalidate:  {"method":"GET","url":"http:/","invalidateInfo":{"tags":["EAV_FORM_adminhtml_customer_FORM","FPC"],"mode":"matchingTag"}} []
[2026-04-21T08:06:09.893148+00:00] main.DEBUG: cache_invalidate:  {"method":"GET","url":"http:/","invalidateInfo":{"tags":["EAV_FORM_customer_account_create_FORM","FPC"],"mode":"matchingTag"}} []
[2026-04-21T08:06:09.893555+00:00] main.DEBUG: cache_invalidate:  {"method":"GET","url":"http:/","invalidateInfo":{"tags":["EAV_FORM_customer_account_edit_FORM","FPC"],"mode":"matchingTag"}} []
[2026-04-21T08:06:09.894216+00:00] main.DEBUG: cache_invalidate:  {"method":"GET","url":"http:/","invalidateInfo":{"tags":["EAV_ATTRIBUTE_customer_lastname","FPC"],"mode":"matchingTag"}} []
[2026-04-21T08:06:09.909741+00:00] main.DEBUG: cache_invalidate:  {"method":"GET","url":"http:/","invalidateInfo":{"tags":["EAV","EAV_ATTRIBUTE"],"mode":"matchingAnyTag"}} []
[2026-04-21T08:06:09.912260+00:00] main.DEBUG: cache_invalidate:  {"method":"GET","url":"http:/","invalidateInfo":{"tags":["EAV","EAV_ATTRIBUTE"],"mode":"matchingAnyTag"}} []
[2026-04-21T08:06:09.913341+00:00] main.DEBUG: cache_invalidate:  {"method":"GET","url":"http:/","invalidateInfo":{"tags":["EAV","EAV_ATTRIBUTE"],"mode":"matchingAnyTag"}} []
[2026-04-21T08:06:09.914009+00:00] main.DEBUG: cache_invalidate:  {"method":"GET","url":"http:/","invalidateInfo":{"tags":["EAV_ATTRIBUTE"],"mode":"matchingAnyTag"}} []
[2026-04-21T08:06:09.916717+00:00] main.DEBUG: cache_invalidate:  {"method":"GET","url":"http:/","invalidateInfo":{"tags":["EAV_ATTRIBUTE_6","FPC"],"mode":"matchingTag"}} []
[2026-04-21T08:06:09.917271+00:00] main.DEBUG: cache_invalidate:  {"method":"GET","url":"http:/","invalidateInfo":{"tags":["EAV_ENTITY_TYPES_CUSTOMER_ENTITY","FPC"],"mode":"matchingTag"}} []
[2026-04-21T08:06:09.917789+00:00] main.DEBUG: cache_invalidate:  {"method":"GET","url":"http:/","invalidateInfo":{"tags":["EAV_FORM_adminhtml_customer_FORM","FPC"],"mode":"matchingTag"}} []
[2026-04-21T08:06:09.918277+00:00] main.DEBUG: cache_invalidate:  {"method":"GET","url":"http:/","invalidateInfo":{"tags":["EAV_FORM_customer_account_create_FORM","FPC"],"mode":"matchingTag"}} []
[2026-04-21T08:06:09.918733+00:00] main.DEBUG: cache_invalidate:  {"method":"GET","url":"http:/","invalidateInfo":{"tags":["EAV_FORM_customer_account_edit_FORM","FPC"],"mode":"matchingTag"}} []
[2026-04-21T08:06:09.919222+00:00] main.DEBUG: cache_invalidate:  {"method":"GET","url":"http:/","invalidateInfo":{"tags":["EAV_ATTRIBUTE_customer_middlename","FPC"],"mode":"matchingTag"}} []
[2026-04-21T08:06:09.923805+00:00] main.DEBUG: cache_invalidate:  {"method":"GET","url":"http:/","invalidateInfo":{"tags":["EAV_ATTRIBUTE_23","FPC"],"mode":"matchingTag"}} []
[2026-04-21T08:06:09.924359+00:00] main.DEBUG: cache_invalidate:  {"method":"GET","url":"http:/","invalidateInfo":{"tags":["EAV_ATTRIBUTE_customer_address_firstname","FPC"],"mode":"matchingTag"}} []
[2026-04-21T08:06:09.925990+00:00] main.DEBUG: cache_invalidate:  {"method":"GET","url":"http:/","invalidateInfo":{"tags":["EAV_ATTRIBUTE_25","FPC"],"mode":"matchingTag"}} []
[2026-04-21T08:06:09.926547+00:00] main.DEBUG: cache_invalidate:  {"method":"GET","url":"http:/","invalidateInfo":{"tags":["EAV_ATTRIBUTE_customer_address_lastname","FPC"],"mode":"matchingTag"}} []
[2026-04-21T08:06:09.928033+00:00] main.DEBUG: cache_invalidate:  {"method":"GET","url":"http:/","invalidateInfo":{"tags":["EAV_ATTRIBUTE_24","FPC"],"mode":"matchingTag"}} []
[2026-04-21T08:06:09.928503+00:00] main.DEBUG: cache_invalidate:  {"method":"GET","url":"http:/","invalidateInfo":{"tags":["EAV_ATTRIBUTE_customer_address_middlename","FPC"],"mode":"matchingTag"}} []
[2026-04-21T08:06:09.929774+00:00] main.DEBUG: cache_invalidate:  {"method":"GET","url":"http:/","invalidateInfo":{"tags":["EAV_ATTRIBUTE_5","FPC"],"mode":"matchingTag"}} []
[2026-04-21T08:06:09.930216+00:00] main.DEBUG: cache_invalidate:  {"method":"GET","url":"http:/","invalidateInfo":{"tags":["EAV_ATTRIBUTE_customer_firstname","FPC"],"mode":"matchingTag"}} []
[2026-04-21T08:06:09.931403+00:00] main.DEBUG: cache_invalidate:  {"method":"GET","url":"http:/","invalidateInfo":{"tags":["EAV_ATTRIBUTE_7","FPC"],"mode":"matchingTag"}} []
[2026-04-21T08:06:09.931869+00:00] main.DEBUG: cache_invalidate:  {"method":"GET","url":"http:/","invalidateInfo":{"tags":["EAV_ATTRIBUTE_customer_lastname","FPC"],"mode":"matchingTag"}} []
[2026-04-21T08:06:09.933003+00:00] main.DEBUG: cache_invalidate:  {"method":"GET","url":"http:/","invalidateInfo":{"tags":["EAV_ATTRIBUTE_6","FPC"],"mode":"matchingTag"}} []
[2026-04-21T08:06:09.933462+00:00] main.DEBUG: cache_invalidate:  {"method":"GET","url":"http:/","invalidateInfo":{"tags":["EAV_ATTRIBUTE_customer_middlename","FPC"],"mode":"matchingTag"}} []
[2026-04-21T08:06:10.104163+00:00] main.DEBUG: cache_invalidate:  {"method":"GET","url":"http:/","invalidateInfo":{"tags":["cms_p"],"mode":"matchingAnyTag"}} []
[2026-04-21T08:06:10.105432+00:00] main.DEBUG: cache_invalidate:  {"method":"GET","url":"http:/","invalidateInfo":{"tags":["cms_p_1","GRAPHQL_QUERY_RESOLVER_RESULT"],"mode":"matchingTag"}} []
[2026-04-21T08:06:10.106445+00:00] main.DEBUG: cache_invalidate:  {"method":"GET","url":"http:/","invalidateInfo":{"tags":["cms_p_1","FPC"],"mode":"matchingTag"}} []
[2026-04-21T08:06:10.159717+00:00] main.DEBUG: cache_invalidate:  {"method":"GET","url":"http:/","invalidateInfo":{"tags":["cms_p"],"mode":"matchingAnyTag"}} []
[2026-04-21T08:06:10.160430+00:00] main.DEBUG: cache_invalidate:  {"method":"GET","url":"http:/","invalidateInfo":{"tags":["cms_p_2","GRAPHQL_QUERY_RESOLVER_RESULT"],"mode":"matchingTag"}} []
[2026-04-21T08:06:10.161052+00:00] main.DEBUG: cache_invalidate:  {"method":"GET","url":"http:/","invalidateInfo":{"tags":["cms_p_2","FPC"],"mode":"matchingTag"}} []
[2026-04-21T08:06:10.174077+00:00] main.DEBUG: cache_invalidate:  {"method":"GET","url":"http:/","invalidateInfo":{"tags":["cms_p"],"mode":"matchingAnyTag"}} []
[2026-04-21T08:06:10.174879+00:00] main.DEBUG: cache_invalidate:  {"method":"GET","url":"http:/","invalidateInfo":{"tags":["cms_p_3","GRAPHQL_QUERY_RESOLVER_RESULT"],"mode":"matchingTag"}} []
[2026-04-21T08:06:10.175600+00:00] main.DEBUG: cache_invalidate:  {"method":"GET","url":"http:/","invalidateInfo":{"tags":["cms_p_3","FPC"],"mode":"matchingTag"}} []
[2026-04-21T08:06:10.197379+00:00] main.DEBUG: cache_invalidate:  {"method":"GET","url":"http:/","invalidateInfo":{"tags":["cms_p"],"mode":"matchingAnyTag"}} []
[2026-04-21T08:06:10.198117+00:00] main.DEBUG: cache_invalidate:  {"method":"GET","url":"http:/","invalidateInfo":{"tags":["cms_p_4","GRAPHQL_QUERY_RESOLVER_RESULT"],"mode":"matchingTag"}} []
[2026-04-21T08:06:10.198608+00:00] main.DEBUG: cache_invalidate:  {"method":"GET","url":"http:/","invalidateInfo":{"tags":["cms_p_4","FPC"],"mode":"matchingTag"}} []
[2026-04-21T08:06:10.219948+00:00] main.DEBUG: cache_invalidate:  {"method":"GET","url":"http:/","invalidateInfo":{"tags":["cms_p_1","FPC"],"mode":"matchingTag"}} []
[2026-04-21T08:06:10.220754+00:00] main.DEBUG: cache_invalidate:  {"method":"GET","url":"http:/","invalidateInfo":{"tags":["cms_p_2","FPC"],"mode":"matchingTag"}} []
[2026-04-21T08:06:10.221476+00:00] main.DEBUG: cache_invalidate:  {"method":"GET","url":"http:/","invalidateInfo":{"tags":["cms_p_3","FPC"],"mode":"matchingTag"}} []
[2026-04-21T08:06:10.222152+00:00] main.DEBUG: cache_invalidate:  {"method":"GET","url":"http:/","invalidateInfo":{"tags":["cms_p_4","FPC"],"mode":"matchingTag"}} []
[2026-04-21T08:06:10.244508+00:00] main.DEBUG: cache_invalidate:  {"method":"GET","url":"http:/","invalidateInfo":{"tags":["cms_p"],"mode":"matchingAnyTag"}} []
[2026-04-21T08:06:10.245200+00:00] main.DEBUG: cache_invalidate:  {"method":"GET","url":"http:/","invalidateInfo":{"tags":["cms_p_4","GRAPHQL_QUERY_RESOLVER_RESULT"],"mode":"matchingTag"}} []
[2026-04-21T08:06:10.245742+00:00] main.DEBUG: cache_invalidate:  {"method":"GET","url":"http:/","invalidateInfo":{"tags":["cms_p_4","FPC"],"mode":"matchingTag"}} []
[2026-04-21T08:06:10.251081+00:00] main.DEBUG: cache_invalidate:  {"method":"GET","url":"http:/","invalidateInfo":{"tags":["cms_p_4","FPC"],"mode":"matchingTag"}} []
[2026-04-21T08:06:10.330782+00:00] main.DEBUG: cache_invalidate:  {"method":"GET","url":"http:/","invalidateInfo":{"tags":["EAV"],"mode":"matchingAnyTag"}} []
[2026-04-21T08:06:10.341949+00:00] main.DEBUG: cache_invalidate:  {"method":"GET","url":"http:/","invalidateInfo":{"tags":["EAV","EAV_ATTRIBUTE"],"mode":"matchingAnyTag"}} []
[2026-04-21T08:06:10.521954+00:00] main.DEBUG: cache_invalidate:  {"method":"GET","url":"http:/","invalidateInfo":{"tags":["EAV","EAV_ATTRIBUTE"],"mode":"matchingAnyTag"}} []
[2026-04-21T08:06:11.105548+00:00] main.DEBUG: cache_invalidate:  {"method":"GET","url":"http:/","invalidateInfo":{"tags":["cat_c_1","cat_c_p_1","cat_c"],"mode":"matchingAnyTag"}} []
[2026-04-21T08:06:11.106846+00:00] main.DEBUG: cache_invalidate:  {"method":"GET","url":"http:/","invalidateInfo":{"tags":["cat_c_1","FPC"],"mode":"matchingTag"}} []
[2026-04-21T08:06:11.107383+00:00] main.DEBUG: cache_invalidate:  {"method":"GET","url":"http:/","invalidateInfo":{"tags":["cat_c_p_1","FPC"],"mode":"matchingTag"}} []
[2026-04-21T08:06:11.107886+00:00] main.DEBUG: cache_invalidate:  {"method":"GET","url":"http:/","invalidateInfo":{"tags":["cat_c","FPC"],"mode":"matchingTag"}} []
[2026-04-21T08:06:11.125014+00:00] main.DEBUG: cache_invalidate:  {"method":"GET","url":"http:/","invalidateInfo":{"tags":["cat_c_1","cat_c","cat_c_p_1"],"mode":"matchingAnyTag"}} []
[2026-04-21T08:06:11.125769+00:00] main.DEBUG: cache_invalidate:  {"method":"GET","url":"http:/","invalidateInfo":{"tags":["cat_c_1","cat_c","cat_c_p_1"],"mode":"matchingAnyTag"}} []
[2026-04-21T08:06:11.149932+00:00] main.DEBUG: cache_invalidate:  {"method":"GET","url":"http:/","invalidateInfo":{"tags":{"0":"cat_c_2","1":"cat_c_p_2","2":"cat_c_p_1","4":"cat_c"},"mode":"matchingAnyTag"}} []
[2026-04-21T08:06:11.150902+00:00] main.DEBUG: cache_invalidate:  {"method":"GET","url":"http:/","invalidateInfo":{"tags":["cat_c_2","FPC"],"mode":"matchingTag"}} []
[2026-04-21T08:06:11.151396+00:00] main.DEBUG: cache_invalidate:  {"method":"GET","url":"http:/","invalidateInfo":{"tags":["cat_c_p_2","FPC"],"mode":"matchingTag"}} []
[2026-04-21T08:06:11.151931+00:00] main.DEBUG: cache_invalidate:  {"method":"GET","url":"http:/","invalidateInfo":{"tags":["cat_c_p_1","FPC"],"mode":"matchingTag"}} []
[2026-04-21T08:06:11.152483+00:00] main.DEBUG: cache_invalidate:  {"method":"GET","url":"http:/","invalidateInfo":{"tags":["cat_c","FPC"],"mode":"matchingTag"}} []
[2026-04-21T08:06:11.153990+00:00] main.DEBUG: cache_invalidate:  {"method":"GET","url":"http:/","invalidateInfo":{"tags":["cat_c_2","cat_c_p_1","cat_c_p_2","cat_c"],"mode":"matchingAnyTag"}} []
[2026-04-21T08:06:11.154828+00:00] main.DEBUG: cache_invalidate:  {"method":"GET","url":"http:/","invalidateInfo":{"tags":["cat_c_2","cat_c_p_1","cat_c_p_2","cat_c"],"mode":"matchingAnyTag"}} []
[2026-04-21T08:06:11.212704+00:00] main.DEBUG: cache_invalidate:  {"method":"GET","url":"http:/","invalidateInfo":{"tags":["cat_c_1","FPC"],"mode":"matchingTag"}} []
[2026-04-21T08:06:11.213246+00:00] main.DEBUG: cache_invalidate:  {"method":"GET","url":"http:/","invalidateInfo":{"tags":["cat_c","FPC"],"mode":"matchingTag"}} []
[2026-04-21T08:06:11.213665+00:00] main.DEBUG: cache_invalidate:  {"method":"GET","url":"http:/","invalidateInfo":{"tags":["cat_c_p_1","FPC"],"mode":"matchingTag"}} []
[2026-04-21T08:06:11.215123+00:00] main.DEBUG: cache_invalidate:  {"method":"GET","url":"http:/","invalidateInfo":{"tags":["cat_c_2","FPC"],"mode":"matchingTag"}} []
[2026-04-21T08:06:11.215528+00:00] main.DEBUG: cache_invalidate:  {"method":"GET","url":"http:/","invalidateInfo":{"tags":["cat_c_p_1","FPC"],"mode":"matchingTag"}} []
[2026-04-21T08:06:11.215917+00:00] main.DEBUG: cache_invalidate:  {"method":"GET","url":"http:/","invalidateInfo":{"tags":["cat_c_p_2","FPC"],"mode":"matchingTag"}} []
[2026-04-21T08:06:11.216249+00:00] main.DEBUG: cache_invalidate:  {"method":"GET","url":"http:/","invalidateInfo":{"tags":["cat_c","FPC"],"mode":"matchingTag"}} []
[2026-04-21T08:06:11.535428+00:00] main.DEBUG: cache_invalidate:  {"method":"GET","url":"http:/","invalidateInfo":{"tags":["EAV","EAV_ATTRIBUTE"],"mode":"matchingAnyTag"}} []
[2026-04-21T08:06:11.537679+00:00] main.DEBUG: cache_invalidate:  {"method":"GET","url":"http:/","invalidateInfo":{"tags":["EAV","EAV_ATTRIBUTE"],"mode":"matchingAnyTag"}} []
[2026-04-21T08:06:11.538554+00:00] main.DEBUG: cache_invalidate:  {"method":"GET","url":"http:/","invalidateInfo":{"tags":["EAV_ATTRIBUTE"],"mode":"matchingAnyTag"}} []
[2026-04-21T08:06:11.540332+00:00] main.DEBUG: cache_invalidate:  {"method":"GET","url":"http:/","invalidateInfo":{"tags":["EAV_ATTRIBUTE_74","FPC"],"mode":"matchingTag"}} []
[2026-04-21T08:06:11.540755+00:00] main.DEBUG: cache_invalidate:  {"method":"GET","url":"http:/","invalidateInfo":{"tags":["EAV_ENTITY_TYPES_CATALOG_PRODUCT_ENTITY","FPC"],"mode":"matchingTag"}} []
[2026-04-21T08:06:11.541115+00:00] main.DEBUG: cache_invalidate:  {"method":"GET","url":"http:/","invalidateInfo":{"tags":["EAV_ATTRIBUTE_catalog_product_sku","FPC"],"mode":"matchingTag"}} []
[2026-04-21T08:06:11.541937+00:00] main.DEBUG: cache_invalidate:  {"method":"GET","url":"http:/","invalidateInfo":{"identifier":"request_declaration"}} []
[2026-04-21T08:06:11.561860+00:00] main.DEBUG: cache_invalidate:  {"method":"GET","url":"http:/","invalidateInfo":{"identifier":"request_declaration"}} []
[2026-04-21T08:06:11.595360+00:00] main.DEBUG: cache_invalidate:  {"method":"GET","url":"http:/","invalidateInfo":{"tags":["EAV","EAV_ATTRIBUTE"],"mode":"matchingAnyTag"}} []
[2026-04-21T08:06:11.597256+00:00] main.DEBUG: cache_invalidate:  {"method":"GET","url":"http:/","invalidateInfo":{"tags":["EAV","EAV_ATTRIBUTE"],"mode":"matchingAnyTag"}} []
[2026-04-21T08:06:11.598004+00:00] main.DEBUG: cache_invalidate:  {"method":"GET","url":"http:/","invalidateInfo":{"tags":["EAV_ATTRIBUTE"],"mode":"matchingAnyTag"}} []
[2026-04-21T08:06:11.599575+00:00] main.DEBUG: cache_invalidate:  {"method":"GET","url":"http:/","invalidateInfo":{"tags":["EAV_ATTRIBUTE_73","FPC"],"mode":"matchingTag"}} []
[2026-04-21T08:06:11.599968+00:00] main.DEBUG: cache_invalidate:  {"method":"GET","url":"http:/","invalidateInfo":{"tags":["EAV_ENTITY_TYPES_CATALOG_PRODUCT_ENTITY","FPC"],"mode":"matchingTag"}} []
[2026-04-21T08:06:11.600298+00:00] main.DEBUG: cache_invalidate:  {"method":"GET","url":"http:/","invalidateInfo":{"tags":["EAV_ATTRIBUTE_catalog_product_name","FPC"],"mode":"matchingTag"}} []
[2026-04-21T08:06:11.600889+00:00] main.DEBUG: cache_invalidate:  {"method":"GET","url":"http:/","invalidateInfo":{"identifier":"request_declaration"}} []
[2026-04-21T08:06:11.623174+00:00] main.DEBUG: cache_invalidate:  {"method":"GET","url":"http:/","invalidateInfo":{"identifier":"request_declaration"}} []
[2026-04-21T08:06:11.657143+00:00] main.DEBUG: cache_invalidate:  {"method":"GET","url":"http:/","invalidateInfo":{"tags":["EAV_ATTRIBUTE_74","FPC"],"mode":"matchingTag"}} []
[2026-04-21T08:06:11.657592+00:00] main.DEBUG: cache_invalidate:  {"method":"GET","url":"http:/","invalidateInfo":{"tags":["EAV_ATTRIBUTE_catalog_product_sku","FPC"],"mode":"matchingTag"}} []
[2026-04-21T08:06:11.658194+00:00] main.DEBUG: cache_invalidate:  {"method":"GET","url":"http:/","invalidateInfo":{"tags":["EAV_ATTRIBUTE_73","FPC"],"mode":"matchingTag"}} []
[2026-04-21T08:06:11.658514+00:00] main.DEBUG: cache_invalidate:  {"method":"GET","url":"http:/","invalidateInfo":{"tags":["EAV_ATTRIBUTE_catalog_product_name","FPC"],"mode":"matchingTag"}} []
[2026-04-21T08:06:11.891637+00:00] main.DEBUG: cache_invalidate:  {"method":"GET","url":"http:/","invalidateInfo":{"tags":["EAV"],"mode":"matchingAnyTag"}} []
[2026-04-21T08:06:11.901895+00:00] main.DEBUG: cache_invalidate:  {"method":"GET","url":"http:/","invalidateInfo":{"tags":["EAV","EAV_ATTRIBUTE"],"mode":"matchingAnyTag"}} []
[2026-04-21T08:06:11.915813+00:00] main.DEBUG: cache_invalidate:  {"method":"GET","url":"http:/","invalidateInfo":{"tags":["EAV","EAV_ATTRIBUTE"],"mode":"matchingAnyTag"}} []
[2026-04-21T08:06:11.927763+00:00] main.DEBUG: cache_invalidate:  {"method":"GET","url":"http:/","invalidateInfo":{"tags":["EAV","EAV_ATTRIBUTE"],"mode":"matchingAnyTag"}} []
[2026-04-21T08:06:11.936556+00:00] main.DEBUG: cache_invalidate:  {"method":"GET","url":"http:/","invalidateInfo":{"tags":["EAV","EAV_ATTRIBUTE"],"mode":"matchingAnyTag"}} []
[2026-04-21T08:06:11.977795+00:00] main.DEBUG: cache_invalidate:  {"method":"GET","url":"http:/","invalidateInfo":{"tags":["EAV","EAV_ATTRIBUTE"],"mode":"matchingAnyTag"}} []
[2026-04-21T08:06:12.008750+00:00] main.DEBUG: cache_invalidate:  {"method":"GET","url":"http:/","invalidateInfo":{"tags":["EAV","EAV_ATTRIBUTE"],"mode":"matchingAnyTag"}} []
[2026-04-21T08:06:12.017424+00:00] main.DEBUG: cache_invalidate:  {"method":"GET","url":"http:/","invalidateInfo":{"tags":["EAV","EAV_ATTRIBUTE"],"mode":"matchingAnyTag"}} []
[2026-04-21T08:06:12.021186+00:00] main.DEBUG: cache_invalidate:  {"method":"GET","url":"http:/","invalidateInfo":{"tags":["EAV","EAV_ATTRIBUTE"],"mode":"matchingAnyTag"}} []
[2026-04-21T08:06:12.642405+00:00] main.DEBUG: cache_invalidate:  {"method":"GET","url":"http:/","invalidateInfo":{"tags":["cms_p"],"mode":"matchingAnyTag"}} []
[2026-04-21T08:06:12.643159+00:00] main.DEBUG: cache_invalidate:  {"method":"GET","url":"http:/","invalidateInfo":{"tags":["cms_p_2","GRAPHQL_QUERY_RESOLVER_RESULT"],"mode":"matchingTag"}} []
[2026-04-21T08:06:12.643730+00:00] main.DEBUG: cache_invalidate:  {"method":"GET","url":"http:/","invalidateInfo":{"tags":["cms_p_2","FPC"],"mode":"matchingTag"}} []
[2026-04-21T08:06:12.645663+00:00] main.DEBUG: cache_invalidate:  {"method":"GET","url":"http:/","invalidateInfo":{"tags":["cms_p_2","FPC"],"mode":"matchingTag"}} []
[2026-04-21T08:06:13.022765+00:00] main.DEBUG: cache_invalidate:  {"method":"GET","url":"http:/","invalidateInfo":{"tags":["CONFIG"],"mode":"matchingTag"}} []
[2026-04-21T08:06:13.621633+00:00] main.DEBUG: cache_invalidate:  {"method":"GET","url":"http:/","invalidateInfo":{"identifier":"DB_PDO_MYSQL_DDL_design_config_grid_flat_1"}} []
[2026-04-21T08:06:13.622451+00:00] main.DEBUG: cache_invalidate:  {"method":"GET","url":"http:/","invalidateInfo":{"identifier":"DB_PDO_MYSQL_DDL_design_config_grid_flat_2"}} []
[2026-04-21T08:06:13.623195+00:00] main.DEBUG: cache_invalidate:  {"method":"GET","url":"http:/","invalidateInfo":{"identifier":"DB_PDO_MYSQL_DDL_design_config_grid_flat_3"}} []
[2026-04-21T08:06:13.623924+00:00] main.DEBUG: cache_invalidate:  {"method":"GET","url":"http:/","invalidateInfo":{"identifier":"DB_PDO_MYSQL_DDL_design_config_grid_flat_4"}} []
[2026-04-21T08:06:13.624583+00:00] main.DEBUG: cache_invalidate:  {"method":"GET","url":"http:/","invalidateInfo":{"identifier":"DB_PDO_MYSQL_DDL_design_config_grid_flat_5"}} []
[2026-04-21T08:06:13.918097+00:00] main.DEBUG: cache_invalidate:  {"method":"GET","url":"http:/","invalidateInfo":{"identifier":"DB_PDO_MYSQL_DDL_customer_grid_flat_1"}} []
[2026-04-21T08:06:13.918944+00:00] main.DEBUG: cache_invalidate:  {"method":"GET","url":"http:/","invalidateInfo":{"identifier":"DB_PDO_MYSQL_DDL_customer_grid_flat_2"}} []
[2026-04-21T08:06:13.919731+00:00] main.DEBUG: cache_invalidate:  {"method":"GET","url":"http:/","invalidateInfo":{"identifier":"DB_PDO_MYSQL_DDL_customer_grid_flat_3"}} []
[2026-04-21T08:06:13.920508+00:00] main.DEBUG: cache_invalidate:  {"method":"GET","url":"http:/","invalidateInfo":{"identifier":"DB_PDO_MYSQL_DDL_customer_grid_flat_4"}} []
[2026-04-21T08:06:13.921148+00:00] main.DEBUG: cache_invalidate:  {"method":"GET","url":"http:/","invalidateInfo":{"identifier":"DB_PDO_MYSQL_DDL_customer_grid_flat_5"}} []
[2026-04-21T08:06:14.478078+00:00] main.DEBUG: cache_invalidate:  {"method":"GET","url":"http:/","invalidateInfo":{"tags":["CONFIG"],"mode":"matchingTag"}} []
[2026-04-21T08:06:14.509605+00:00] main.DEBUG: cache_invalidate:  {"method":"GET","url":"http:/","invalidateInfo":{"tags":["LAYOUT_GENERAL_CACHE_TAG"],"mode":"matchingTag"}} []
[2026-04-21T08:06:14.511173+00:00] main.DEBUG: cache_invalidate:  {"method":"GET","url":"http:/","invalidateInfo":{"tags":["BLOCK_HTML"],"mode":"matchingTag"}} []
[2026-04-21T08:06:14.512696+00:00] main.DEBUG: cache_invalidate:  {"method":"GET","url":"http:/","invalidateInfo":{"tags":["COLLECTION_DATA"],"mode":"matchingTag"}} []
[2026-04-21T08:06:14.514261+00:00] main.DEBUG: cache_invalidate:  {"method":"GET","url":"http:/","invalidateInfo":{"tags":["REFLECTION"],"mode":"matchingTag"}} []
[2026-04-21T08:06:14.516103+00:00] main.DEBUG: cache_invalidate:  {"method":"GET","url":"http:/","invalidateInfo":{"tags":["DB_DDL"],"mode":"matchingTag"}} []
[2026-04-21T08:06:14.517448+00:00] main.DEBUG: cache_invalidate:  {"method":"GET","url":"http:/","invalidateInfo":{"tags":["COMPILED_CONFIG"],"mode":"matchingTag"}} []
[2026-04-21T08:06:14.519120+00:00] main.DEBUG: cache_invalidate:  {"method":"GET","url":"http:/","invalidateInfo":{"tags":["EAV"],"mode":"matchingTag"}} []
[2026-04-21T08:06:14.520757+00:00] main.DEBUG: cache_invalidate:  {"method":"GET","url":"http:/","invalidateInfo":{"tags":["CUSTOMER_NOTIFICATION"],"mode":"matchingTag"}} []
[2026-04-21T08:06:14.522286+00:00] main.DEBUG: cache_invalidate:  {"method":"GET","url":"http:/","invalidateInfo":{"tags":["INTEGRATION"],"mode":"matchingTag"}} []
[2026-04-21T08:06:14.523859+00:00] main.DEBUG: cache_invalidate:  {"method":"GET","url":"http:/","invalidateInfo":{"tags":["INTEGRATION_API_CONFIG"],"mode":"matchingTag"}} []
[2026-04-21T08:06:14.524934+00:00] main.DEBUG: cache_invalidate:  {"method":"GET","url":"http:/","invalidateInfo":{"tags":["GRAPHQL_QUERY_RESOLVER_RESULT"],"mode":"matchingTag"}} []
[2026-04-21T08:06:14.526257+00:00] main.DEBUG: cache_invalidate:  {"method":"GET","url":"http:/","invalidateInfo":{"tags":["FPC"],"mode":"matchingTag"}} []
[2026-04-21T08:06:14.527676+00:00] main.DEBUG: cache_invalidate:  {"method":"GET","url":"http:/","invalidateInfo":{"tags":["WEBSERVICE"],"mode":"matchingTag"}} []
[2026-04-21T08:06:14.528989+00:00] main.DEBUG: cache_invalidate:  {"method":"GET","url":"http:/","invalidateInfo":{"tags":["TRANSLATE"],"mode":"matchingTag"}} []
[2026-04-21T08:06:14.628510+00:00] main.DEBUG: cache_invalidate:  {"method":"GET","url":"http:/","invalidateInfo":{"identifier":"DB_PDO_MYSQL_DDL_cataloginventory_stock_status_1"}} []
[2026-04-21T08:06:14.629209+00:00] main.DEBUG: cache_invalidate:  {"method":"GET","url":"http:/","invalidateInfo":{"identifier":"DB_PDO_MYSQL_DDL_cataloginventory_stock_status_2"}} []
[2026-04-21T08:06:14.629790+00:00] main.DEBUG: cache_invalidate:  {"method":"GET","url":"http:/","invalidateInfo":{"identifier":"DB_PDO_MYSQL_DDL_cataloginventory_stock_status_3"}} []
[2026-04-21T08:06:14.630312+00:00] main.DEBUG: cache_invalidate:  {"method":"GET","url":"http:/","invalidateInfo":{"identifier":"DB_PDO_MYSQL_DDL_cataloginventory_stock_status_4"}} []
[2026-04-21T08:06:14.630843+00:00] main.DEBUG: cache_invalidate:  {"method":"GET","url":"http:/","invalidateInfo":{"identifier":"DB_PDO_MYSQL_DDL_cataloginventory_stock_status_5"}} []
[2026-04-21T08:06:14.631374+00:00] main.DEBUG: cache_invalidate:  {"method":"GET","url":"http:/","invalidateInfo":{"identifier":"DB_PDO_MYSQL_DDL_cataloginventory_stock_status_outdated_1"}} []
[2026-04-21T08:06:14.632286+00:00] main.DEBUG: cache_invalidate:  {"method":"GET","url":"http:/","invalidateInfo":{"identifier":"DB_PDO_MYSQL_DDL_cataloginventory_stock_status_outdated_2"}} []
[2026-04-21T08:06:14.632873+00:00] main.DEBUG: cache_invalidate:  {"method":"GET","url":"http:/","invalidateInfo":{"identifier":"DB_PDO_MYSQL_DDL_cataloginventory_stock_status_outdated_3"}} []
[2026-04-21T08:06:14.633363+00:00] main.DEBUG: cache_invalidate:  {"method":"GET","url":"http:/","invalidateInfo":{"identifier":"DB_PDO_MYSQL_DDL_cataloginventory_stock_status_outdated_4"}} []
[2026-04-21T08:06:14.633897+00:00] main.DEBUG: cache_invalidate:  {"method":"GET","url":"http:/","invalidateInfo":{"identifier":"DB_PDO_MYSQL_DDL_cataloginventory_stock_status_outdated_5"}} []
[2026-04-21T08:06:14.634446+00:00] main.DEBUG: cache_invalidate:  {"method":"GET","url":"http:/","invalidateInfo":{"identifier":"DB_PDO_MYSQL_DDL_cataloginventory_stock_status_replica_1"}} []
[2026-04-21T08:06:14.635111+00:00] main.DEBUG: cache_invalidate:  {"method":"GET","url":"http:/","invalidateInfo":{"identifier":"DB_PDO_MYSQL_DDL_cataloginventory_stock_status_replica_2"}} []
[2026-04-21T08:06:14.635850+00:00] main.DEBUG: cache_invalidate:  {"method":"GET","url":"http:/","invalidateInfo":{"identifier":"DB_PDO_MYSQL_DDL_cataloginventory_stock_status_replica_3"}} []
[2026-04-21T08:06:14.636677+00:00] main.DEBUG: cache_invalidate:  {"method":"GET","url":"http:/","invalidateInfo":{"identifier":"DB_PDO_MYSQL_DDL_cataloginventory_stock_status_replica_4"}} []
[2026-04-21T08:06:14.637402+00:00] main.DEBUG: cache_invalidate:  {"method":"GET","url":"http:/","invalidateInfo":{"identifier":"DB_PDO_MYSQL_DDL_cataloginventory_stock_status_replica_5"}} []
[2026-04-21T08:06:14.638305+00:00] main.DEBUG: cache_invalidate:  {"method":"GET","url":"http:/","invalidateInfo":{"tags":["cat_c","FPC"],"mode":"matchingTag"}} []
[2026-04-21T08:06:14.638903+00:00] main.DEBUG: cache_invalidate:  {"method":"GET","url":"http:/","invalidateInfo":{"tags":["cat_p","FPC"],"mode":"matchingTag"}} []
[2026-04-21T08:06:14.639667+00:00] main.DEBUG: cache_invalidate:  {"method":"GET","url":"http:/","invalidateInfo":{"tags":["cat_c","cat_p"],"mode":"matchingAnyTag"}} []
[2026-04-21T08:06:14.705038+00:00] main.DEBUG: cache_invalidate:  {"method":"GET","url":"http:/","invalidateInfo":{"identifier":"DB_PDO_MYSQL_DDL_customer_grid_flat_1"}} []
[2026-04-21T08:06:14.705963+00:00] main.DEBUG: cache_invalidate:  {"method":"GET","url":"http:/","invalidateInfo":{"identifier":"DB_PDO_MYSQL_DDL_customer_grid_flat_2"}} []
[2026-04-21T08:06:14.706770+00:00] main.DEBUG: cache_invalidate:  {"method":"GET","url":"http:/","invalidateInfo":{"identifier":"DB_PDO_MYSQL_DDL_customer_grid_flat_3"}} []
[2026-04-21T08:06:14.707281+00:00] main.DEBUG: cache_invalidate:  {"method":"GET","url":"http:/","invalidateInfo":{"identifier":"DB_PDO_MYSQL_DDL_customer_grid_flat_4"}} []
[2026-04-21T08:06:14.707869+00:00] main.DEBUG: cache_invalidate:  {"method":"GET","url":"http:/","invalidateInfo":{"identifier":"DB_PDO_MYSQL_DDL_customer_grid_flat_5"}} []
[2026-04-21T08:06:14.856568+00:00] main.DEBUG: cache_invalidate:  {"method":"GET","url":"http:/","invalidateInfo":{"identifier":"DB_PDO_MYSQL_DDL_customer_grid_flat_1"}} []
[2026-04-21T08:06:14.857330+00:00] main.DEBUG: cache_invalidate:  {"method":"GET","url":"http:/","invalidateInfo":{"identifier":"DB_PDO_MYSQL_DDL_customer_grid_flat_2"}} []
[2026-04-21T08:06:14.857951+00:00] main.DEBUG: cache_invalidate:  {"method":"GET","url":"http:/","invalidateInfo":{"identifier":"DB_PDO_MYSQL_DDL_customer_grid_flat_3"}} []
[2026-04-21T08:06:14.858527+00:00] main.DEBUG: cache_invalidate:  {"method":"GET","url":"http:/","invalidateInfo":{"identifier":"DB_PDO_MYSQL_DDL_customer_grid_flat_4"}} []
[2026-04-21T08:06:14.859041+00:00] main.DEBUG: cache_invalidate:  {"method":"GET","url":"http:/","invalidateInfo":{"identifier":"DB_PDO_MYSQL_DDL_customer_grid_flat_5"}} []
[2026-04-21T08:06:15.042182+00:00] main.DEBUG: cache_invalidate:  {"method":"GET","url":"http:/","invalidateInfo":{"identifier":"DB_PDO_MYSQL_DDL_catalog_category_product_index_store1_1"}} []
[2026-04-21T08:06:15.043045+00:00] main.DEBUG: cache_invalidate:  {"method":"GET","url":"http:/","invalidateInfo":{"identifier":"DB_PDO_MYSQL_DDL_catalog_category_product_index_store1_2"}} []
[2026-04-21T08:06:15.043819+00:00] main.DEBUG: cache_invalidate:  {"method":"GET","url":"http:/","invalidateInfo":{"identifier":"DB_PDO_MYSQL_DDL_catalog_category_product_index_store1_3"}} []
[2026-04-21T08:06:15.044549+00:00] main.DEBUG: cache_invalidate:  {"method":"GET","url":"http:/","invalidateInfo":{"identifier":"DB_PDO_MYSQL_DDL_catalog_category_product_index_store1_4"}} []
[2026-04-21T08:06:15.045288+00:00] main.DEBUG: cache_invalidate:  {"method":"GET","url":"http:/","invalidateInfo":{"identifier":"DB_PDO_MYSQL_DDL_catalog_category_product_index_store1_5"}} []
[2026-04-21T08:06:15.045990+00:00] main.DEBUG: cache_invalidate:  {"method":"GET","url":"http:/","invalidateInfo":{"identifier":"DB_PDO_MYSQL_DDL_catalog_category_product_index_store1_outdated_1"}} []
[2026-04-21T08:06:15.046696+00:00] main.DEBUG: cache_invalidate:  {"method":"GET","url":"http:/","invalidateInfo":{"identifier":"DB_PDO_MYSQL_DDL_catalog_category_product_index_store1_outdated_2"}} []
[2026-04-21T08:06:15.047371+00:00] main.DEBUG: cache_invalidate:  {"method":"GET","url":"http:/","invalidateInfo":{"identifier":"DB_PDO_MYSQL_DDL_catalog_category_product_index_store1_outdated_3"}} []
[2026-04-21T08:06:15.048036+00:00] main.DEBUG: cache_invalidate:  {"method":"GET","url":"http:/","invalidateInfo":{"identifier":"DB_PDO_MYSQL_DDL_catalog_category_product_index_store1_outdated_4"}} []
[2026-04-21T08:06:15.048720+00:00] main.DEBUG: cache_invalidate:  {"method":"GET","url":"http:/","invalidateInfo":{"identifier":"DB_PDO_MYSQL_DDL_catalog_category_product_index_store1_outdated_5"}} []
[2026-04-21T08:06:15.049429+00:00] main.DEBUG: cache_invalidate:  {"method":"GET","url":"http:/","invalidateInfo":{"identifier":"DB_PDO_MYSQL_DDL_catalog_category_product_index_store1_replica_1"}} []
[2026-04-21T08:06:15.050101+00:00] main.DEBUG: cache_invalidate:  {"method":"GET","url":"http:/","invalidateInfo":{"identifier":"DB_PDO_MYSQL_DDL_catalog_category_product_index_store1_replica_2"}} []
[2026-04-21T08:06:15.050775+00:00] main.DEBUG: cache_invalidate:  {"method":"GET","url":"http:/","invalidateInfo":{"identifier":"DB_PDO_MYSQL_DDL_catalog_category_product_index_store1_replica_3"}} []
[2026-04-21T08:06:15.051504+00:00] main.DEBUG: cache_invalidate:  {"method":"GET","url":"http:/","invalidateInfo":{"identifier":"DB_PDO_MYSQL_DDL_catalog_category_product_index_store1_replica_4"}} []
[2026-04-21T08:06:15.052178+00:00] main.DEBUG: cache_invalidate:  {"method":"GET","url":"http:/","invalidateInfo":{"identifier":"DB_PDO_MYSQL_DDL_catalog_category_product_index_store1_replica_5"}} []
[2026-04-21T08:06:15.053851+00:00] main.DEBUG: cache_invalidate:  {"method":"GET","url":"http:/","invalidateInfo":{"tags":["cat_c","FPC"],"mode":"matchingTag"}} []
[2026-04-21T08:06:15.054492+00:00] main.DEBUG: cache_invalidate:  {"method":"GET","url":"http:/","invalidateInfo":{"tags":["cat_c"],"mode":"matchingAnyTag"}} []
[2026-04-21T08:06:15.201973+00:00] main.DEBUG: cache_invalidate:  {"method":"GET","url":"http:/","invalidateInfo":{"identifier":"DB_PDO_MYSQL_DDL_catalog_category_product_index_store1_1"}} []
[2026-04-21T08:06:15.203018+00:00] main.DEBUG: cache_invalidate:  {"method":"GET","url":"http:/","invalidateInfo":{"identifier":"DB_PDO_MYSQL_DDL_catalog_category_product_index_store1_2"}} []
[2026-04-21T08:06:15.204251+00:00] main.DEBUG: cache_invalidate:  {"method":"GET","url":"http:/","invalidateInfo":{"identifier":"DB_PDO_MYSQL_DDL_catalog_category_product_index_store1_3"}} []
[2026-04-21T08:06:15.205261+00:00] main.DEBUG: cache_invalidate:  {"method":"GET","url":"http:/","invalidateInfo":{"identifier":"DB_PDO_MYSQL_DDL_catalog_category_product_index_store1_4"}} []
[2026-04-21T08:06:15.206089+00:00] main.DEBUG: cache_invalidate:  {"method":"GET","url":"http:/","invalidateInfo":{"identifier":"DB_PDO_MYSQL_DDL_catalog_category_product_index_store1_5"}} []
[2026-04-21T08:06:15.206781+00:00] main.DEBUG: cache_invalidate:  {"method":"GET","url":"http:/","invalidateInfo":{"identifier":"DB_PDO_MYSQL_DDL_catalog_category_product_index_store1_outdated_1"}} []
[2026-04-21T08:06:15.207292+00:00] main.DEBUG: cache_invalidate:  {"method":"GET","url":"http:/","invalidateInfo":{"identifier":"DB_PDO_MYSQL_DDL_catalog_category_product_index_store1_outdated_2"}} []
[2026-04-21T08:06:15.207823+00:00] main.DEBUG: cache_invalidate:  {"method":"GET","url":"http:/","invalidateInfo":{"identifier":"DB_PDO_MYSQL_DDL_catalog_category_product_index_store1_outdated_3"}} []
[2026-04-21T08:06:15.208341+00:00] main.DEBUG: cache_invalidate:  {"method":"GET","url":"http:/","invalidateInfo":{"identifier":"DB_PDO_MYSQL_DDL_catalog_category_product_index_store1_outdated_4"}} []
[2026-04-21T08:06:15.208909+00:00] main.DEBUG: cache_invalidate:  {"method":"GET","url":"http:/","invalidateInfo":{"identifier":"DB_PDO_MYSQL_DDL_catalog_category_product_index_store1_outdated_5"}} []
[2026-04-21T08:06:15.209477+00:00] main.DEBUG: cache_invalidate:  {"method":"GET","url":"http:/","invalidateInfo":{"identifier":"DB_PDO_MYSQL_DDL_catalog_category_product_index_store1_replica_1"}} []
[2026-04-21T08:06:15.210007+00:00] main.DEBUG: cache_invalidate:  {"method":"GET","url":"http:/","invalidateInfo":{"identifier":"DB_PDO_MYSQL_DDL_catalog_category_product_index_store1_replica_2"}} []
[2026-04-21T08:06:15.210509+00:00] main.DEBUG: cache_invalidate:  {"method":"GET","url":"http:/","invalidateInfo":{"identifier":"DB_PDO_MYSQL_DDL_catalog_category_product_index_store1_replica_3"}} []
[2026-04-21T08:06:15.211032+00:00] main.DEBUG: cache_invalidate:  {"method":"GET","url":"http:/","invalidateInfo":{"identifier":"DB_PDO_MYSQL_DDL_catalog_category_product_index_store1_replica_4"}} []
[2026-04-21T08:06:15.211536+00:00] main.DEBUG: cache_invalidate:  {"method":"GET","url":"http:/","invalidateInfo":{"identifier":"DB_PDO_MYSQL_DDL_catalog_category_product_index_store1_replica_5"}} []
[2026-04-21T08:06:15.212939+00:00] main.DEBUG: cache_invalidate:  {"method":"GET","url":"http:/","invalidateInfo":{"tags":["cat_c","FPC"],"mode":"matchingTag"}} []
[2026-04-21T08:06:15.213378+00:00] main.DEBUG: cache_invalidate:  {"method":"GET","url":"http:/","invalidateInfo":{"tags":["cat_p","FPC"],"mode":"matchingTag"}} []
[2026-04-21T08:06:15.213980+00:00] main.DEBUG: cache_invalidate:  {"method":"GET","url":"http:/","invalidateInfo":{"tags":["cat_c","cat_p"],"mode":"matchingAnyTag"}} []
[2026-04-21T08:06:15.365437+00:00] main.DEBUG: cache_invalidate:  {"method":"GET","url":"http:/","invalidateInfo":{"identifier":"DB_PDO_MYSQL_DDL_catalogrule_product_1"}} []
[2026-04-21T08:06:15.366137+00:00] main.DEBUG: cache_invalidate:  {"method":"GET","url":"http:/","invalidateInfo":{"identifier":"DB_PDO_MYSQL_DDL_catalogrule_product_2"}} []
[2026-04-21T08:06:15.366746+00:00] main.DEBUG: cache_invalidate:  {"method":"GET","url":"http:/","invalidateInfo":{"identifier":"DB_PDO_MYSQL_DDL_catalogrule_product_3"}} []
[2026-04-21T08:06:15.367375+00:00] main.DEBUG: cache_invalidate:  {"method":"GET","url":"http:/","invalidateInfo":{"identifier":"DB_PDO_MYSQL_DDL_catalogrule_product_4"}} []
[2026-04-21T08:06:15.368100+00:00] main.DEBUG: cache_invalidate:  {"method":"GET","url":"http:/","invalidateInfo":{"identifier":"DB_PDO_MYSQL_DDL_catalogrule_product_5"}} []
[2026-04-21T08:06:15.368847+00:00] main.DEBUG: cache_invalidate:  {"method":"GET","url":"http:/","invalidateInfo":{"identifier":"DB_PDO_MYSQL_DDL_catalogrule_productf15f864f_1"}} []
[2026-04-21T08:06:15.369782+00:00] main.DEBUG: cache_invalidate:  {"method":"GET","url":"http:/","invalidateInfo":{"identifier":"DB_PDO_MYSQL_DDL_catalogrule_productf15f864f_2"}} []
[2026-04-21T08:06:15.370648+00:00] main.DEBUG: cache_invalidate:  {"method":"GET","url":"http:/","invalidateInfo":{"identifier":"DB_PDO_MYSQL_DDL_catalogrule_productf15f864f_3"}} []
[2026-04-21T08:06:15.371438+00:00] main.DEBUG: cache_invalidate:  {"method":"GET","url":"http:/","invalidateInfo":{"identifier":"DB_PDO_MYSQL_DDL_catalogrule_productf15f864f_4"}} []
[2026-04-21T08:06:15.372108+00:00] main.DEBUG: cache_invalidate:  {"method":"GET","url":"http:/","invalidateInfo":{"identifier":"DB_PDO_MYSQL_DDL_catalogrule_productf15f864f_5"}} []
[2026-04-21T08:06:15.372872+00:00] main.DEBUG: cache_invalidate:  {"method":"GET","url":"http:/","invalidateInfo":{"identifier":"DB_PDO_MYSQL_DDL_catalogrule_product__temp586d1f30_1"}} []
[2026-04-21T08:06:15.373548+00:00] main.DEBUG: cache_invalidate:  {"method":"GET","url":"http:/","invalidateInfo":{"identifier":"DB_PDO_MYSQL_DDL_catalogrule_product__temp586d1f30_2"}} []
[2026-04-21T08:06:15.374136+00:00] main.DEBUG: cache_invalidate:  {"method":"GET","url":"http:/","invalidateInfo":{"identifier":"DB_PDO_MYSQL_DDL_catalogrule_product__temp586d1f30_3"}} []
[2026-04-21T08:06:15.374679+00:00] main.DEBUG: cache_invalidate:  {"method":"GET","url":"http:/","invalidateInfo":{"identifier":"DB_PDO_MYSQL_DDL_catalogrule_product__temp586d1f30_4"}} []
[2026-04-21T08:06:15.375251+00:00] main.DEBUG: cache_invalidate:  {"method":"GET","url":"http:/","invalidateInfo":{"identifier":"DB_PDO_MYSQL_DDL_catalogrule_product__temp586d1f30_5"}} []
[2026-04-21T08:06:15.375869+00:00] main.DEBUG: cache_invalidate:  {"method":"GET","url":"http:/","invalidateInfo":{"identifier":"DB_PDO_MYSQL_DDL_catalogrule_product_price_1"}} []
[2026-04-21T08:06:15.376417+00:00] main.DEBUG: cache_invalidate:  {"method":"GET","url":"http:/","invalidateInfo":{"identifier":"DB_PDO_MYSQL_DDL_catalogrule_product_price_2"}} []
[2026-04-21T08:06:15.376939+00:00] main.DEBUG: cache_invalidate:  {"method":"GET","url":"http:/","invalidateInfo":{"identifier":"DB_PDO_MYSQL_DDL_catalogrule_product_price_3"}} []
[2026-04-21T08:06:15.377437+00:00] main.DEBUG: cache_invalidate:  {"method":"GET","url":"http:/","invalidateInfo":{"identifier":"DB_PDO_MYSQL_DDL_catalogrule_product_price_4"}} []
[2026-04-21T08:06:15.377942+00:00] main.DEBUG: cache_invalidate:  {"method":"GET","url":"http:/","invalidateInfo":{"identifier":"DB_PDO_MYSQL_DDL_catalogrule_product_price_5"}} []
[2026-04-21T08:06:15.378443+00:00] main.DEBUG: cache_invalidate:  {"method":"GET","url":"http:/","invalidateInfo":{"identifier":"DB_PDO_MYSQL_DDL_catalogrule_product_price52249905_1"}} []
[2026-04-21T08:06:15.379017+00:00] main.DEBUG: cache_invalidate:  {"method":"GET","url":"http:/","invalidateInfo":{"identifier":"DB_PDO_MYSQL_DDL_catalogrule_product_price52249905_2"}} []
[2026-04-21T08:06:15.379525+00:00] main.DEBUG: cache_invalidate:  {"method":"GET","url":"http:/","invalidateInfo":{"identifier":"DB_PDO_MYSQL_DDL_catalogrule_product_price52249905_3"}} []
[2026-04-21T08:06:15.380093+00:00] main.DEBUG: cache_invalidate:  {"method":"GET","url":"http:/","invalidateInfo":{"identifier":"DB_PDO_MYSQL_DDL_catalogrule_product_price52249905_4"}} []
[2026-04-21T08:06:15.380588+00:00] main.DEBUG: cache_invalidate:  {"method":"GET","url":"http:/","invalidateInfo":{"identifier":"DB_PDO_MYSQL_DDL_catalogrule_product_price52249905_5"}} []
[2026-04-21T08:06:15.381121+00:00] main.DEBUG: cache_invalidate:  {"method":"GET","url":"http:/","invalidateInfo":{"identifier":"DB_PDO_MYSQL_DDL_catalogrule_product_price__temp88634b0f_1"}} []
[2026-04-21T08:06:15.381601+00:00] main.DEBUG: cache_invalidate:  {"method":"GET","url":"http:/","invalidateInfo":{"identifier":"DB_PDO_MYSQL_DDL_catalogrule_product_price__temp88634b0f_2"}} []
[2026-04-21T08:06:15.382108+00:00] main.DEBUG: cache_invalidate:  {"method":"GET","url":"http:/","invalidateInfo":{"identifier":"DB_PDO_MYSQL_DDL_catalogrule_product_price__temp88634b0f_3"}} []
[2026-04-21T08:06:15.382572+00:00] main.DEBUG: cache_invalidate:  {"method":"GET","url":"http:/","invalidateInfo":{"identifier":"DB_PDO_MYSQL_DDL_catalogrule_product_price__temp88634b0f_4"}} []
[2026-04-21T08:06:15.383091+00:00] main.DEBUG: cache_invalidate:  {"method":"GET","url":"http:/","invalidateInfo":{"identifier":"DB_PDO_MYSQL_DDL_catalogrule_product_price__temp88634b0f_5"}} []
[2026-04-21T08:06:15.383601+00:00] main.DEBUG: cache_invalidate:  {"method":"GET","url":"http:/","invalidateInfo":{"identifier":"DB_PDO_MYSQL_DDL_catalogrule_group_website_1"}} []
[2026-04-21T08:06:15.384140+00:00] main.DEBUG: cache_invalidate:  {"method":"GET","url":"http:/","invalidateInfo":{"identifier":"DB_PDO_MYSQL_DDL_catalogrule_group_website_2"}} []
[2026-04-21T08:06:15.384726+00:00] main.DEBUG: cache_invalidate:  {"method":"GET","url":"http:/","invalidateInfo":{"identifier":"DB_PDO_MYSQL_DDL_catalogrule_group_website_3"}} []
[2026-04-21T08:06:15.385223+00:00] main.DEBUG: cache_invalidate:  {"method":"GET","url":"http:/","invalidateInfo":{"identifier":"DB_PDO_MYSQL_DDL_catalogrule_group_website_4"}} []
[2026-04-21T08:06:15.385828+00:00] main.DEBUG: cache_invalidate:  {"method":"GET","url":"http:/","invalidateInfo":{"identifier":"DB_PDO_MYSQL_DDL_catalogrule_group_website_5"}} []
[2026-04-21T08:06:15.386569+00:00] main.DEBUG: cache_invalidate:  {"method":"GET","url":"http:/","invalidateInfo":{"identifier":"DB_PDO_MYSQL_DDL_catalogrule_group_website36a46d32_1"}} []
[2026-04-21T08:06:15.387345+00:00] main.DEBUG: cache_invalidate:  {"method":"GET","url":"http:/","invalidateInfo":{"identifier":"DB_PDO_MYSQL_DDL_catalogrule_group_website36a46d32_2"}} []
[2026-04-21T08:06:15.388096+00:00] main.DEBUG: cache_invalidate:  {"method":"GET","url":"http:/","invalidateInfo":{"identifier":"DB_PDO_MYSQL_DDL_catalogrule_group_website36a46d32_3"}} []
[2026-04-21T08:06:15.388854+00:00] main.DEBUG: cache_invalidate:  {"method":"GET","url":"http:/","invalidateInfo":{"identifier":"DB_PDO_MYSQL_DDL_catalogrule_group_website36a46d32_4"}} []
[2026-04-21T08:06:15.389472+00:00] main.DEBUG: cache_invalidate:  {"method":"GET","url":"http:/","invalidateInfo":{"identifier":"DB_PDO_MYSQL_DDL_catalogrule_group_website36a46d32_5"}} []
[2026-04-21T08:06:15.390124+00:00] main.DEBUG: cache_invalidate:  {"method":"GET","url":"http:/","invalidateInfo":{"identifier":"DB_PDO_MYSQL_DDL_catalogrule_group_website__temp27560248_1"}} []
[2026-04-21T08:06:15.390659+00:00] main.DEBUG: cache_invalidate:  {"method":"GET","url":"http:/","invalidateInfo":{"identifier":"DB_PDO_MYSQL_DDL_catalogrule_group_website__temp27560248_2"}} []
[2026-04-21T08:06:15.391113+00:00] main.DEBUG: cache_invalidate:  {"method":"GET","url":"http:/","invalidateInfo":{"identifier":"DB_PDO_MYSQL_DDL_catalogrule_group_website__temp27560248_3"}} []
[2026-04-21T08:06:15.391550+00:00] main.DEBUG: cache_invalidate:  {"method":"GET","url":"http:/","invalidateInfo":{"identifier":"DB_PDO_MYSQL_DDL_catalogrule_group_website__temp27560248_4"}} []
[2026-04-21T08:06:15.392088+00:00] main.DEBUG: cache_invalidate:  {"method":"GET","url":"http:/","invalidateInfo":{"identifier":"DB_PDO_MYSQL_DDL_catalogrule_group_website__temp27560248_5"}} []
[2026-04-21T08:06:15.399580+00:00] main.DEBUG: cache_invalidate:  {"method":"GET","url":"http:/","invalidateInfo":{"identifier":"DB_PDO_MYSQL_DDL_catalogrule_productf15f864f_1"}} []
[2026-04-21T08:06:15.400204+00:00] main.DEBUG: cache_invalidate:  {"method":"GET","url":"http:/","invalidateInfo":{"identifier":"DB_PDO_MYSQL_DDL_catalogrule_productf15f864f_2"}} []
[2026-04-21T08:06:15.400658+00:00] main.DEBUG: cache_invalidate:  {"method":"GET","url":"http:/","invalidateInfo":{"identifier":"DB_PDO_MYSQL_DDL_catalogrule_productf15f864f_3"}} []
[2026-04-21T08:06:15.401241+00:00] main.DEBUG: cache_invalidate:  {"method":"GET","url":"http:/","invalidateInfo":{"identifier":"DB_PDO_MYSQL_DDL_catalogrule_productf15f864f_4"}} []
[2026-04-21T08:06:15.401751+00:00] main.DEBUG: cache_invalidate:  {"method":"GET","url":"http:/","invalidateInfo":{"identifier":"DB_PDO_MYSQL_DDL_catalogrule_productf15f864f_5"}} []
[2026-04-21T08:06:15.409556+00:00] main.DEBUG: cache_invalidate:  {"method":"GET","url":"http:/","invalidateInfo":{"identifier":"DB_PDO_MYSQL_DDL_catalogrule_product_price52249905_1"}} []
[2026-04-21T08:06:15.410264+00:00] main.DEBUG: cache_invalidate:  {"method":"GET","url":"http:/","invalidateInfo":{"identifier":"DB_PDO_MYSQL_DDL_catalogrule_product_price52249905_2"}} []
[2026-04-21T08:06:15.410818+00:00] main.DEBUG: cache_invalidate:  {"method":"GET","url":"http:/","invalidateInfo":{"identifier":"DB_PDO_MYSQL_DDL_catalogrule_product_price52249905_3"}} []
[2026-04-21T08:06:15.411355+00:00] main.DEBUG: cache_invalidate:  {"method":"GET","url":"http:/","invalidateInfo":{"identifier":"DB_PDO_MYSQL_DDL_catalogrule_product_price52249905_4"}} []
[2026-04-21T08:06:15.411863+00:00] main.DEBUG: cache_invalidate:  {"method":"GET","url":"http:/","invalidateInfo":{"identifier":"DB_PDO_MYSQL_DDL_catalogrule_product_price52249905_5"}} []
[2026-04-21T08:06:15.419072+00:00] main.DEBUG: cache_invalidate:  {"method":"GET","url":"http:/","invalidateInfo":{"identifier":"DB_PDO_MYSQL_DDL_catalogrule_group_website36a46d32_1"}} []
[2026-04-21T08:06:15.419952+00:00] main.DEBUG: cache_invalidate:  {"method":"GET","url":"http:/","invalidateInfo":{"identifier":"DB_PDO_MYSQL_DDL_catalogrule_group_website36a46d32_2"}} []
[2026-04-21T08:06:15.420587+00:00] main.DEBUG: cache_invalidate:  {"method":"GET","url":"http:/","invalidateInfo":{"identifier":"DB_PDO_MYSQL_DDL_catalogrule_group_website36a46d32_3"}} []
[2026-04-21T08:06:15.421226+00:00] main.DEBUG: cache_invalidate:  {"method":"GET","url":"http:/","invalidateInfo":{"identifier":"DB_PDO_MYSQL_DDL_catalogrule_group_website36a46d32_4"}} []
[2026-04-21T08:06:15.421827+00:00] main.DEBUG: cache_invalidate:  {"method":"GET","url":"http:/","invalidateInfo":{"identifier":"DB_PDO_MYSQL_DDL_catalogrule_group_website36a46d32_5"}} []
[2026-04-21T08:06:15.450069+00:00] main.DEBUG: cache_invalidate:  {"method":"GET","url":"http:/","invalidateInfo":{"tags":["cat_c","FPC"],"mode":"matchingTag"}} []
[2026-04-21T08:06:15.450824+00:00] main.DEBUG: cache_invalidate:  {"method":"GET","url":"http:/","invalidateInfo":{"tags":["cat_p","FPC"],"mode":"matchingTag"}} []
[2026-04-21T08:06:15.451496+00:00] main.DEBUG: cache_invalidate:  {"method":"GET","url":"http:/","invalidateInfo":{"tags":["BLOCK_HTML","FPC"],"mode":"matchingTag"}} []
[2026-04-21T08:06:15.452681+00:00] main.DEBUG: cache_invalidate:  {"method":"GET","url":"http:/","invalidateInfo":{"tags":["cat_c","cat_p","BLOCK_HTML"],"mode":"matchingAnyTag"}} []
[2026-04-21T08:06:15.544344+00:00] main.DEBUG: cache_invalidate:  {"method":"GET","url":"http:/","invalidateInfo":{"identifier":"DB_PDO_MYSQL_DDL_catalog_product_index_eav_1"}} []
[2026-04-21T08:06:15.545329+00:00] main.DEBUG: cache_invalidate:  {"method":"GET","url":"http:/","invalidateInfo":{"identifier":"DB_PDO_MYSQL_DDL_catalog_product_index_eav_2"}} []
[2026-04-21T08:06:15.546213+00:00] main.DEBUG: cache_invalidate:  {"method":"GET","url":"http:/","invalidateInfo":{"identifier":"DB_PDO_MYSQL_DDL_catalog_product_index_eav_3"}} []
[2026-04-21T08:06:15.547004+00:00] main.DEBUG: cache_invalidate:  {"method":"GET","url":"http:/","invalidateInfo":{"identifier":"DB_PDO_MYSQL_DDL_catalog_product_index_eav_4"}} []
[2026-04-21T08:06:15.547748+00:00] main.DEBUG: cache_invalidate:  {"method":"GET","url":"http:/","invalidateInfo":{"identifier":"DB_PDO_MYSQL_DDL_catalog_product_index_eav_5"}} []
[2026-04-21T08:06:15.548475+00:00] main.DEBUG: cache_invalidate:  {"method":"GET","url":"http:/","invalidateInfo":{"identifier":"DB_PDO_MYSQL_DDL_catalog_product_index_eav_outdated_1"}} []
[2026-04-21T08:06:15.549195+00:00] main.DEBUG: cache_invalidate:  {"method":"GET","url":"http:/","invalidateInfo":{"identifier":"DB_PDO_MYSQL_DDL_catalog_product_index_eav_outdated_2"}} []
[2026-04-21T08:06:15.549893+00:00] main.DEBUG: cache_invalidate:  {"method":"GET","url":"http:/","invalidateInfo":{"identifier":"DB_PDO_MYSQL_DDL_catalog_product_index_eav_outdated_3"}} []
[2026-04-21T08:06:15.550576+00:00] main.DEBUG: cache_invalidate:  {"method":"GET","url":"http:/","invalidateInfo":{"identifier":"DB_PDO_MYSQL_DDL_catalog_product_index_eav_outdated_4"}} []
[2026-04-21T08:06:15.551375+00:00] main.DEBUG: cache_invalidate:  {"method":"GET","url":"http:/","invalidateInfo":{"identifier":"DB_PDO_MYSQL_DDL_catalog_product_index_eav_outdated_5"}} []
[2026-04-21T08:06:15.552148+00:00] main.DEBUG: cache_invalidate:  {"method":"GET","url":"http:/","invalidateInfo":{"identifier":"DB_PDO_MYSQL_DDL_catalog_product_index_eav_replica_1"}} []
[2026-04-21T08:06:15.552943+00:00] main.DEBUG: cache_invalidate:  {"method":"GET","url":"http:/","invalidateInfo":{"identifier":"DB_PDO_MYSQL_DDL_catalog_product_index_eav_replica_2"}} []
[2026-04-21T08:06:15.553706+00:00] main.DEBUG: cache_invalidate:  {"method":"GET","url":"http:/","invalidateInfo":{"identifier":"DB_PDO_MYSQL_DDL_catalog_product_index_eav_replica_3"}} []
[2026-04-21T08:06:15.554418+00:00] main.DEBUG: cache_invalidate:  {"method":"GET","url":"http:/","invalidateInfo":{"identifier":"DB_PDO_MYSQL_DDL_catalog_product_index_eav_replica_4"}} []
[2026-04-21T08:06:15.555084+00:00] main.DEBUG: cache_invalidate:  {"method":"GET","url":"http:/","invalidateInfo":{"identifier":"DB_PDO_MYSQL_DDL_catalog_product_index_eav_replica_5"}} []
[2026-04-21T08:06:15.604244+00:00] main.DEBUG: cache_invalidate:  {"method":"GET","url":"http:/","invalidateInfo":{"identifier":"DB_PDO_MYSQL_DDL_catalog_product_index_eav_decimal_1"}} []
[2026-04-21T08:06:15.604997+00:00] main.DEBUG: cache_invalidate:  {"method":"GET","url":"http:/","invalidateInfo":{"identifier":"DB_PDO_MYSQL_DDL_catalog_product_index_eav_decimal_2"}} []
[2026-04-21T08:06:15.605691+00:00] main.DEBUG: cache_invalidate:  {"method":"GET","url":"http:/","invalidateInfo":{"identifier":"DB_PDO_MYSQL_DDL_catalog_product_index_eav_decimal_3"}} []
[2026-04-21T08:06:15.606209+00:00] main.DEBUG: cache_invalidate:  {"method":"GET","url":"http:/","invalidateInfo":{"identifier":"DB_PDO_MYSQL_DDL_catalog_product_index_eav_decimal_4"}} []
[2026-04-21T08:06:15.606738+00:00] main.DEBUG: cache_invalidate:  {"method":"GET","url":"http:/","invalidateInfo":{"identifier":"DB_PDO_MYSQL_DDL_catalog_product_index_eav_decimal_5"}} []
[2026-04-21T08:06:15.607321+00:00] main.DEBUG: cache_invalidate:  {"method":"GET","url":"http:/","invalidateInfo":{"identifier":"DB_PDO_MYSQL_DDL_catalog_product_index_eav_decimal_outdated_1"}} []
[2026-04-21T08:06:15.607986+00:00] main.DEBUG: cache_invalidate:  {"method":"GET","url":"http:/","invalidateInfo":{"identifier":"DB_PDO_MYSQL_DDL_catalog_product_index_eav_decimal_outdated_2"}} []
[2026-04-21T08:06:15.608625+00:00] main.DEBUG: cache_invalidate:  {"method":"GET","url":"http:/","invalidateInfo":{"identifier":"DB_PDO_MYSQL_DDL_catalog_product_index_eav_decimal_outdated_3"}} []
[2026-04-21T08:06:15.609353+00:00] main.DEBUG: cache_invalidate:  {"method":"GET","url":"http:/","invalidateInfo":{"identifier":"DB_PDO_MYSQL_DDL_catalog_product_index_eav_decimal_outdated_4"}} []
[2026-04-21T08:06:15.609967+00:00] main.DEBUG: cache_invalidate:  {"method":"GET","url":"http:/","invalidateInfo":{"identifier":"DB_PDO_MYSQL_DDL_catalog_product_index_eav_decimal_outdated_5"}} []
[2026-04-21T08:06:15.610566+00:00] main.DEBUG: cache_invalidate:  {"method":"GET","url":"http:/","invalidateInfo":{"identifier":"DB_PDO_MYSQL_DDL_catalog_product_index_eav_decimal_replica_1"}} []
[2026-04-21T08:06:15.611169+00:00] main.DEBUG: cache_invalidate:  {"method":"GET","url":"http:/","invalidateInfo":{"identifier":"DB_PDO_MYSQL_DDL_catalog_product_index_eav_decimal_replica_2"}} []
[2026-04-21T08:06:15.611852+00:00] main.DEBUG: cache_invalidate:  {"method":"GET","url":"http:/","invalidateInfo":{"identifier":"DB_PDO_MYSQL_DDL_catalog_product_index_eav_decimal_replica_3"}} []
[2026-04-21T08:06:15.612500+00:00] main.DEBUG: cache_invalidate:  {"method":"GET","url":"http:/","invalidateInfo":{"identifier":"DB_PDO_MYSQL_DDL_catalog_product_index_eav_decimal_replica_4"}} []
[2026-04-21T08:06:15.613233+00:00] main.DEBUG: cache_invalidate:  {"method":"GET","url":"http:/","invalidateInfo":{"identifier":"DB_PDO_MYSQL_DDL_catalog_product_index_eav_decimal_replica_5"}} []
[2026-04-21T08:06:15.614107+00:00] main.DEBUG: cache_invalidate:  {"method":"GET","url":"http:/","invalidateInfo":{"tags":["cat_c","FPC"],"mode":"matchingTag"}} []
[2026-04-21T08:06:15.614604+00:00] main.DEBUG: cache_invalidate:  {"method":"GET","url":"http:/","invalidateInfo":{"tags":["cat_p","FPC"],"mode":"matchingTag"}} []
[2026-04-21T08:06:15.615222+00:00] main.DEBUG: cache_invalidate:  {"method":"GET","url":"http:/","invalidateInfo":{"tags":["cat_c","cat_p"],"mode":"matchingAnyTag"}} []
[2026-04-21T08:06:15.844293+00:00] main.DEBUG: cache_invalidate:  {"method":"GET","url":"http:/","invalidateInfo":{"identifier":"DB_PDO_MYSQL_DDL_catalog_product_index_price_1"}} []
[2026-04-21T08:06:15.845247+00:00] main.DEBUG: cache_invalidate:  {"method":"GET","url":"http:/","invalidateInfo":{"identifier":"DB_PDO_MYSQL_DDL_catalog_product_index_price_2"}} []
[2026-04-21T08:06:15.846014+00:00] main.DEBUG: cache_invalidate:  {"method":"GET","url":"http:/","invalidateInfo":{"identifier":"DB_PDO_MYSQL_DDL_catalog_product_index_price_3"}} []
[2026-04-21T08:06:15.846768+00:00] main.DEBUG: cache_invalidate:  {"method":"GET","url":"http:/","invalidateInfo":{"identifier":"DB_PDO_MYSQL_DDL_catalog_product_index_price_4"}} []
[2026-04-21T08:06:15.847430+00:00] main.DEBUG: cache_invalidate:  {"method":"GET","url":"http:/","invalidateInfo":{"identifier":"DB_PDO_MYSQL_DDL_catalog_product_index_price_5"}} []
[2026-04-21T08:06:15.848064+00:00] main.DEBUG: cache_invalidate:  {"method":"GET","url":"http:/","invalidateInfo":{"identifier":"DB_PDO_MYSQL_DDL_catalog_product_index_price_outdated_1"}} []
[2026-04-21T08:06:15.848664+00:00] main.DEBUG: cache_invalidate:  {"method":"GET","url":"http:/","invalidateInfo":{"identifier":"DB_PDO_MYSQL_DDL_catalog_product_index_price_outdated_2"}} []
[2026-04-21T08:06:15.849290+00:00] main.DEBUG: cache_invalidate:  {"method":"GET","url":"http:/","invalidateInfo":{"identifier":"DB_PDO_MYSQL_DDL_catalog_product_index_price_outdated_3"}} []
[2026-04-21T08:06:15.849976+00:00] main.DEBUG: cache_invalidate:  {"method":"GET","url":"http:/","invalidateInfo":{"identifier":"DB_PDO_MYSQL_DDL_catalog_product_index_price_outdated_4"}} []
[2026-04-21T08:06:15.850496+00:00] main.DEBUG: cache_invalidate:  {"method":"GET","url":"http:/","invalidateInfo":{"identifier":"DB_PDO_MYSQL_DDL_catalog_product_index_price_outdated_5"}} []
[2026-04-21T08:06:15.851052+00:00] main.DEBUG: cache_invalidate:  {"method":"GET","url":"http:/","invalidateInfo":{"identifier":"DB_PDO_MYSQL_DDL_catalog_product_index_price_replica_1"}} []
[2026-04-21T08:06:15.851520+00:00] main.DEBUG: cache_invalidate:  {"method":"GET","url":"http:/","invalidateInfo":{"identifier":"DB_PDO_MYSQL_DDL_catalog_product_index_price_replica_2"}} []
[2026-04-21T08:06:15.852044+00:00] main.DEBUG: cache_invalidate:  {"method":"GET","url":"http:/","invalidateInfo":{"identifier":"DB_PDO_MYSQL_DDL_catalog_product_index_price_replica_3"}} []
[2026-04-21T08:06:15.852779+00:00] main.DEBUG: cache_invalidate:  {"method":"GET","url":"http:/","invalidateInfo":{"identifier":"DB_PDO_MYSQL_DDL_catalog_product_index_price_replica_4"}} []
[2026-04-21T08:06:15.853555+00:00] main.DEBUG: cache_invalidate:  {"method":"GET","url":"http:/","invalidateInfo":{"identifier":"DB_PDO_MYSQL_DDL_catalog_product_index_price_replica_5"}} []
[2026-04-21T08:06:15.854737+00:00] main.DEBUG: cache_invalidate:  {"method":"GET","url":"http:/","invalidateInfo":{"tags":["cat_c","FPC"],"mode":"matchingTag"}} []
[2026-04-21T08:06:15.855399+00:00] main.DEBUG: cache_invalidate:  {"method":"GET","url":"http:/","invalidateInfo":{"tags":["cat_p","FPC"],"mode":"matchingTag"}} []
[2026-04-21T08:06:15.856536+00:00] main.DEBUG: cache_invalidate:  {"method":"GET","url":"http:/","invalidateInfo":{"tags":["cat_c","cat_p"],"mode":"matchingAnyTag"}} []
[2026-04-21T08:06:15.988751+00:00] main.DEBUG: cache_invalidate:  {"method":"GET","url":"http:/","invalidateInfo":{"identifier":"DB_PDO_MYSQL_DDL_catalogrule_product_1"}} []
[2026-04-21T08:06:15.989395+00:00] main.DEBUG: cache_invalidate:  {"method":"GET","url":"http:/","invalidateInfo":{"identifier":"DB_PDO_MYSQL_DDL_catalogrule_product_2"}} []
[2026-04-21T08:06:15.989959+00:00] main.DEBUG: cache_invalidate:  {"method":"GET","url":"http:/","invalidateInfo":{"identifier":"DB_PDO_MYSQL_DDL_catalogrule_product_3"}} []
[2026-04-21T08:06:15.990530+00:00] main.DEBUG: cache_invalidate:  {"method":"GET","url":"http:/","invalidateInfo":{"identifier":"DB_PDO_MYSQL_DDL_catalogrule_product_4"}} []
[2026-04-21T08:06:15.991304+00:00] main.DEBUG: cache_invalidate:  {"method":"GET","url":"http:/","invalidateInfo":{"identifier":"DB_PDO_MYSQL_DDL_catalogrule_product_5"}} []
[2026-04-21T08:06:15.991924+00:00] main.DEBUG: cache_invalidate:  {"method":"GET","url":"http:/","invalidateInfo":{"identifier":"DB_PDO_MYSQL_DDL_catalogrule_product810c2e3a_1"}} []
[2026-04-21T08:06:15.992604+00:00] main.DEBUG: cache_invalidate:  {"method":"GET","url":"http:/","invalidateInfo":{"identifier":"DB_PDO_MYSQL_DDL_catalogrule_product810c2e3a_2"}} []
[2026-04-21T08:06:15.993139+00:00] main.DEBUG: cache_invalidate:  {"method":"GET","url":"http:/","invalidateInfo":{"identifier":"DB_PDO_MYSQL_DDL_catalogrule_product810c2e3a_3"}} []
[2026-04-21T08:06:15.993579+00:00] main.DEBUG: cache_invalidate:  {"method":"GET","url":"http:/","invalidateInfo":{"identifier":"DB_PDO_MYSQL_DDL_catalogrule_product810c2e3a_4"}} []
[2026-04-21T08:06:15.994063+00:00] main.DEBUG: cache_invalidate:  {"method":"GET","url":"http:/","invalidateInfo":{"identifier":"DB_PDO_MYSQL_DDL_catalogrule_product810c2e3a_5"}} []
[2026-04-21T08:06:15.994511+00:00] main.DEBUG: cache_invalidate:  {"method":"GET","url":"http:/","invalidateInfo":{"identifier":"DB_PDO_MYSQL_DDL_catalogrule_product__temp35600a66_1"}} []
[2026-04-21T08:06:15.994990+00:00] main.DEBUG: cache_invalidate:  {"method":"GET","url":"http:/","invalidateInfo":{"identifier":"DB_PDO_MYSQL_DDL_catalogrule_product__temp35600a66_2"}} []
[2026-04-21T08:06:15.995406+00:00] main.DEBUG: cache_invalidate:  {"method":"GET","url":"http:/","invalidateInfo":{"identifier":"DB_PDO_MYSQL_DDL_catalogrule_product__temp35600a66_3"}} []
[2026-04-21T08:06:15.995845+00:00] main.DEBUG: cache_invalidate:  {"method":"GET","url":"http:/","invalidateInfo":{"identifier":"DB_PDO_MYSQL_DDL_catalogrule_product__temp35600a66_4"}} []
[2026-04-21T08:06:15.996351+00:00] main.DEBUG: cache_invalidate:  {"method":"GET","url":"http:/","invalidateInfo":{"identifier":"DB_PDO_MYSQL_DDL_catalogrule_product__temp35600a66_5"}} []
[2026-04-21T08:06:15.996831+00:00] main.DEBUG: cache_invalidate:  {"method":"GET","url":"http:/","invalidateInfo":{"identifier":"DB_PDO_MYSQL_DDL_catalogrule_product_price_1"}} []
[2026-04-21T08:06:15.997256+00:00] main.DEBUG: cache_invalidate:  {"method":"GET","url":"http:/","invalidateInfo":{"identifier":"DB_PDO_MYSQL_DDL_catalogrule_product_price_2"}} []
[2026-04-21T08:06:15.997696+00:00] main.DEBUG: cache_invalidate:  {"method":"GET","url":"http:/","invalidateInfo":{"identifier":"DB_PDO_MYSQL_DDL_catalogrule_product_price_3"}} []
[2026-04-21T08:06:15.998353+00:00] main.DEBUG: cache_invalidate:  {"method":"GET","url":"http:/","invalidateInfo":{"identifier":"DB_PDO_MYSQL_DDL_catalogrule_product_price_4"}} []
[2026-04-21T08:06:15.999034+00:00] main.DEBUG: cache_invalidate:  {"method":"GET","url":"http:/","invalidateInfo":{"identifier":"DB_PDO_MYSQL_DDL_catalogrule_product_price_5"}} []
[2026-04-21T08:06:15.999623+00:00] main.DEBUG: cache_invalidate:  {"method":"GET","url":"http:/","invalidateInfo":{"identifier":"DB_PDO_MYSQL_DDL_catalogrule_product_price25f3a7f8_1"}} []
[2026-04-21T08:06:16.000242+00:00] main.DEBUG: cache_invalidate:  {"method":"GET","url":"http:/","invalidateInfo":{"identifier":"DB_PDO_MYSQL_DDL_catalogrule_product_price25f3a7f8_2"}} []
[2026-04-21T08:06:16.000797+00:00] main.DEBUG: cache_invalidate:  {"method":"GET","url":"http:/","invalidateInfo":{"identifier":"DB_PDO_MYSQL_DDL_catalogrule_product_price25f3a7f8_3"}} []
[2026-04-21T08:06:16.001324+00:00] main.DEBUG: cache_invalidate:  {"method":"GET","url":"http:/","invalidateInfo":{"identifier":"DB_PDO_MYSQL_DDL_catalogrule_product_price25f3a7f8_4"}} []
[2026-04-21T08:06:16.001843+00:00] main.DEBUG: cache_invalidate:  {"method":"GET","url":"http:/","invalidateInfo":{"identifier":"DB_PDO_MYSQL_DDL_catalogrule_product_price25f3a7f8_5"}} []
[2026-04-21T08:06:16.002472+00:00] main.DEBUG: cache_invalidate:  {"method":"GET","url":"http:/","invalidateInfo":{"identifier":"DB_PDO_MYSQL_DDL_catalogrule_product_price__temp8303df2b_1"}} []
[2026-04-21T08:06:16.003311+00:00] main.DEBUG: cache_invalidate:  {"method":"GET","url":"http:/","invalidateInfo":{"identifier":"DB_PDO_MYSQL_DDL_catalogrule_product_price__temp8303df2b_2"}} []
[2026-04-21T08:06:16.004120+00:00] main.DEBUG: cache_invalidate:  {"method":"GET","url":"http:/","invalidateInfo":{"identifier":"DB_PDO_MYSQL_DDL_catalogrule_product_price__temp8303df2b_3"}} []
[2026-04-21T08:06:16.004753+00:00] main.DEBUG: cache_invalidate:  {"method":"GET","url":"http:/","invalidateInfo":{"identifier":"DB_PDO_MYSQL_DDL_catalogrule_product_price__temp8303df2b_4"}} []
[2026-04-21T08:06:16.005353+00:00] main.DEBUG: cache_invalidate:  {"method":"GET","url":"http:/","invalidateInfo":{"identifier":"DB_PDO_MYSQL_DDL_catalogrule_product_price__temp8303df2b_5"}} []
[2026-04-21T08:06:16.005923+00:00] main.DEBUG: cache_invalidate:  {"method":"GET","url":"http:/","invalidateInfo":{"identifier":"DB_PDO_MYSQL_DDL_catalogrule_group_website_1"}} []
[2026-04-21T08:06:16.006441+00:00] main.DEBUG: cache_invalidate:  {"method":"GET","url":"http:/","invalidateInfo":{"identifier":"DB_PDO_MYSQL_DDL_catalogrule_group_website_2"}} []
[2026-04-21T08:06:16.007033+00:00] main.DEBUG: cache_invalidate:  {"method":"GET","url":"http:/","invalidateInfo":{"identifier":"DB_PDO_MYSQL_DDL_catalogrule_group_website_3"}} []
[2026-04-21T08:06:16.007574+00:00] main.DEBUG: cache_invalidate:  {"method":"GET","url":"http:/","invalidateInfo":{"identifier":"DB_PDO_MYSQL_DDL_catalogrule_group_website_4"}} []
[2026-04-21T08:06:16.008293+00:00] main.DEBUG: cache_invalidate:  {"method":"GET","url":"http:/","invalidateInfo":{"identifier":"DB_PDO_MYSQL_DDL_catalogrule_group_website_5"}} []
[2026-04-21T08:06:16.008993+00:00] main.DEBUG: cache_invalidate:  {"method":"GET","url":"http:/","invalidateInfo":{"identifier":"DB_PDO_MYSQL_DDL_catalogrule_group_websitef285b924_1"}} []
[2026-04-21T08:06:16.009659+00:00] main.DEBUG: cache_invalidate:  {"method":"GET","url":"http:/","invalidateInfo":{"identifier":"DB_PDO_MYSQL_DDL_catalogrule_group_websitef285b924_2"}} []
[2026-04-21T08:06:16.010300+00:00] main.DEBUG: cache_invalidate:  {"method":"GET","url":"http:/","invalidateInfo":{"identifier":"DB_PDO_MYSQL_DDL_catalogrule_group_websitef285b924_3"}} []
[2026-04-21T08:06:16.010919+00:00] main.DEBUG: cache_invalidate:  {"method":"GET","url":"http:/","invalidateInfo":{"identifier":"DB_PDO_MYSQL_DDL_catalogrule_group_websitef285b924_4"}} []
[2026-04-21T08:06:16.011442+00:00] main.DEBUG: cache_invalidate:  {"method":"GET","url":"http:/","invalidateInfo":{"identifier":"DB_PDO_MYSQL_DDL_catalogrule_group_websitef285b924_5"}} []
[2026-04-21T08:06:16.011972+00:00] main.DEBUG: cache_invalidate:  {"method":"GET","url":"http:/","invalidateInfo":{"identifier":"DB_PDO_MYSQL_DDL_catalogrule_group_website__temp6388cdd7_1"}} []
[2026-04-21T08:06:16.012459+00:00] main.DEBUG: cache_invalidate:  {"method":"GET","url":"http:/","invalidateInfo":{"identifier":"DB_PDO_MYSQL_DDL_catalogrule_group_website__temp6388cdd7_2"}} []
[2026-04-21T08:06:16.013048+00:00] main.DEBUG: cache_invalidate:  {"method":"GET","url":"http:/","invalidateInfo":{"identifier":"DB_PDO_MYSQL_DDL_catalogrule_group_website__temp6388cdd7_3"}} []
[2026-04-21T08:06:16.013632+00:00] main.DEBUG: cache_invalidate:  {"method":"GET","url":"http:/","invalidateInfo":{"identifier":"DB_PDO_MYSQL_DDL_catalogrule_group_website__temp6388cdd7_4"}} []
[2026-04-21T08:06:16.014178+00:00] main.DEBUG: cache_invalidate:  {"method":"GET","url":"http:/","invalidateInfo":{"identifier":"DB_PDO_MYSQL_DDL_catalogrule_group_website__temp6388cdd7_5"}} []
[2026-04-21T08:06:16.020885+00:00] main.DEBUG: cache_invalidate:  {"method":"GET","url":"http:/","invalidateInfo":{"identifier":"DB_PDO_MYSQL_DDL_catalogrule_product810c2e3a_1"}} []
[2026-04-21T08:06:16.021577+00:00] main.DEBUG: cache_invalidate:  {"method":"GET","url":"http:/","invalidateInfo":{"identifier":"DB_PDO_MYSQL_DDL_catalogrule_product810c2e3a_2"}} []
[2026-04-21T08:06:16.022227+00:00] main.DEBUG: cache_invalidate:  {"method":"GET","url":"http:/","invalidateInfo":{"identifier":"DB_PDO_MYSQL_DDL_catalogrule_product810c2e3a_3"}} []
[2026-04-21T08:06:16.022847+00:00] main.DEBUG: cache_invalidate:  {"method":"GET","url":"http:/","invalidateInfo":{"identifier":"DB_PDO_MYSQL_DDL_catalogrule_product810c2e3a_4"}} []
[2026-04-21T08:06:16.023579+00:00] main.DEBUG: cache_invalidate:  {"method":"GET","url":"http:/","invalidateInfo":{"identifier":"DB_PDO_MYSQL_DDL_catalogrule_product810c2e3a_5"}} []
[2026-04-21T08:06:16.030799+00:00] main.DEBUG: cache_invalidate:  {"method":"GET","url":"http:/","invalidateInfo":{"identifier":"DB_PDO_MYSQL_DDL_catalogrule_product_price25f3a7f8_1"}} []
[2026-04-21T08:06:16.031580+00:00] main.DEBUG: cache_invalidate:  {"method":"GET","url":"http:/","invalidateInfo":{"identifier":"DB_PDO_MYSQL_DDL_catalogrule_product_price25f3a7f8_2"}} []
[2026-04-21T08:06:16.032209+00:00] main.DEBUG: cache_invalidate:  {"method":"GET","url":"http:/","invalidateInfo":{"identifier":"DB_PDO_MYSQL_DDL_catalogrule_product_price25f3a7f8_3"}} []
[2026-04-21T08:06:16.032758+00:00] main.DEBUG: cache_invalidate:  {"method":"GET","url":"http:/","invalidateInfo":{"identifier":"DB_PDO_MYSQL_DDL_catalogrule_product_price25f3a7f8_4"}} []
[2026-04-21T08:06:16.033291+00:00] main.DEBUG: cache_invalidate:  {"method":"GET","url":"http:/","invalidateInfo":{"identifier":"DB_PDO_MYSQL_DDL_catalogrule_product_price25f3a7f8_5"}} []
[2026-04-21T08:06:16.041370+00:00] main.DEBUG: cache_invalidate:  {"method":"GET","url":"http:/","invalidateInfo":{"identifier":"DB_PDO_MYSQL_DDL_catalogrule_group_websitef285b924_1"}} []
[2026-04-21T08:06:16.042565+00:00] main.DEBUG: cache_invalidate:  {"method":"GET","url":"http:/","invalidateInfo":{"identifier":"DB_PDO_MYSQL_DDL_catalogrule_group_websitef285b924_2"}} []
[2026-04-21T08:06:16.043803+00:00] main.DEBUG: cache_invalidate:  {"method":"GET","url":"http:/","invalidateInfo":{"identifier":"DB_PDO_MYSQL_DDL_catalogrule_group_websitef285b924_3"}} []
[2026-04-21T08:06:16.044539+00:00] main.DEBUG: cache_invalidate:  {"method":"GET","url":"http:/","invalidateInfo":{"identifier":"DB_PDO_MYSQL_DDL_catalogrule_group_websitef285b924_4"}} []
[2026-04-21T08:06:16.045392+00:00] main.DEBUG: cache_invalidate:  {"method":"GET","url":"http:/","invalidateInfo":{"identifier":"DB_PDO_MYSQL_DDL_catalogrule_group_websitef285b924_5"}} []
[2026-04-21T08:06:16.069735+00:00] main.DEBUG: cache_invalidate:  {"method":"GET","url":"http:/","invalidateInfo":{"tags":["cat_c","FPC"],"mode":"matchingTag"}} []
[2026-04-21T08:06:16.070487+00:00] main.DEBUG: cache_invalidate:  {"method":"GET","url":"http:/","invalidateInfo":{"tags":["cat_p","FPC"],"mode":"matchingTag"}} []
[2026-04-21T08:06:16.071190+00:00] main.DEBUG: cache_invalidate:  {"method":"GET","url":"http:/","invalidateInfo":{"tags":["BLOCK_HTML","FPC"],"mode":"matchingTag"}} []
[2026-04-21T08:06:16.072849+00:00] main.DEBUG: cache_invalidate:  {"method":"GET","url":"http:/","invalidateInfo":{"tags":["cat_c","cat_p","BLOCK_HTML"],"mode":"matchingAnyTag"}} []
[2026-04-21T08:06:17.528481+00:00] main.INFO: {"feed":"salesOrders","operation":"full reindex(legacy)","status":"Initialize","elapsed":"844 ms","pid":"1825","caller":"bin\/magento setup:install --db-host=db --db-name=magento --db-user=magento --db-password=magento"} [] []
[2026-04-21T08:06:17.559755+00:00] main.DEBUG: cache_invalidate:  {"method":"GET","url":"http:/","invalidateInfo":{"identifier":"DB_PDO_MYSQL_DDL_sales_data_exporter_orders_index_sequence_1"}} []
[2026-04-21T08:06:17.561034+00:00] main.DEBUG: cache_invalidate:  {"method":"GET","url":"http:/","invalidateInfo":{"identifier":"DB_PDO_MYSQL_DDL_sales_data_exporter_orders_index_sequence_2"}} []
[2026-04-21T08:06:17.561989+00:00] main.DEBUG: cache_invalidate:  {"method":"GET","url":"http:/","invalidateInfo":{"identifier":"DB_PDO_MYSQL_DDL_sales_data_exporter_orders_index_sequence_3"}} []
[2026-04-21T08:06:17.562691+00:00] main.DEBUG: cache_invalidate:  {"method":"GET","url":"http:/","invalidateInfo":{"identifier":"DB_PDO_MYSQL_DDL_sales_data_exporter_orders_index_sequence_4"}} []
[2026-04-21T08:06:17.563281+00:00] main.DEBUG: cache_invalidate:  {"method":"GET","url":"http:/","invalidateInfo":{"identifier":"DB_PDO_MYSQL_DDL_sales_data_exporter_orders_index_sequence_5"}} []
[2026-04-21T08:06:17.584561+00:00] main.DEBUG: cache_invalidate:  {"method":"GET","url":"http:/","invalidateInfo":{"identifier":"DB_PDO_MYSQL_DDL_sales_data_exporter_orders_index_sequence_1"}} []
[2026-04-21T08:06:17.586478+00:00] main.DEBUG: cache_invalidate:  {"method":"GET","url":"http:/","invalidateInfo":{"identifier":"DB_PDO_MYSQL_DDL_sales_data_exporter_orders_index_sequence_2"}} []
[2026-04-21T08:06:17.589883+00:00] main.DEBUG: cache_invalidate:  {"method":"GET","url":"http:/","invalidateInfo":{"identifier":"DB_PDO_MYSQL_DDL_sales_data_exporter_orders_index_sequence_3"}} []
[2026-04-21T08:06:17.591218+00:00] main.DEBUG: cache_invalidate:  {"method":"GET","url":"http:/","invalidateInfo":{"identifier":"DB_PDO_MYSQL_DDL_sales_data_exporter_orders_index_sequence_4"}} []
[2026-04-21T08:06:17.592364+00:00] main.DEBUG: cache_invalidate:  {"method":"GET","url":"http:/","invalidateInfo":{"identifier":"DB_PDO_MYSQL_DDL_sales_data_exporter_orders_index_sequence_5"}} []
[2026-04-21T08:06:17.596858+00:00] main.INFO: {"feed":"salesOrders","operation":"full reindex(legacy)","status":"Creating batch table `sales_data_exporter_orders_index_batches`. Start position: 0","elapsed":"912 ms","pid":"1825","caller":"bin\/magento setup:install --db-host=db --db-name=magento --db-user=magento --db-password=magento"} [] []
[2026-04-21T08:06:17.602406+00:00] main.DEBUG: cache_invalidate:  {"method":"GET","url":"http:/","invalidateInfo":{"identifier":"DB_PDO_MYSQL_DDL_sales_data_exporter_orders_index_batches_1"}} []
[2026-04-21T08:06:17.603267+00:00] main.DEBUG: cache_invalidate:  {"method":"GET","url":"http:/","invalidateInfo":{"identifier":"DB_PDO_MYSQL_DDL_sales_data_exporter_orders_index_batches_2"}} []
[2026-04-21T08:06:17.604179+00:00] main.DEBUG: cache_invalidate:  {"method":"GET","url":"http:/","invalidateInfo":{"identifier":"DB_PDO_MYSQL_DDL_sales_data_exporter_orders_index_batches_3"}} []
[2026-04-21T08:06:17.605082+00:00] main.DEBUG: cache_invalidate:  {"method":"GET","url":"http:/","invalidateInfo":{"identifier":"DB_PDO_MYSQL_DDL_sales_data_exporter_orders_index_batches_4"}} []
[2026-04-21T08:06:17.605805+00:00] main.DEBUG: cache_invalidate:  {"method":"GET","url":"http:/","invalidateInfo":{"identifier":"DB_PDO_MYSQL_DDL_sales_data_exporter_orders_index_batches_5"}} []
[2026-04-21T08:06:17.620975+00:00] main.DEBUG: cache_invalidate:  {"method":"GET","url":"http:/","invalidateInfo":{"identifier":"DB_PDO_MYSQL_DDL_sales_data_exporter_orders_index_batches_1"}} []
[2026-04-21T08:06:17.621867+00:00] main.DEBUG: cache_invalidate:  {"method":"GET","url":"http:/","invalidateInfo":{"identifier":"DB_PDO_MYSQL_DDL_sales_data_exporter_orders_index_batches_2"}} []
[2026-04-21T08:06:17.622570+00:00] main.DEBUG: cache_invalidate:  {"method":"GET","url":"http:/","invalidateInfo":{"identifier":"DB_PDO_MYSQL_DDL_sales_data_exporter_orders_index_batches_3"}} []
[2026-04-21T08:06:17.623325+00:00] main.DEBUG: cache_invalidate:  {"method":"GET","url":"http:/","invalidateInfo":{"identifier":"DB_PDO_MYSQL_DDL_sales_data_exporter_orders_index_batches_4"}} []
[2026-04-21T08:06:17.624132+00:00] main.DEBUG: cache_invalidate:  {"method":"GET","url":"http:/","invalidateInfo":{"identifier":"DB_PDO_MYSQL_DDL_sales_data_exporter_orders_index_batches_5"}} []
[2026-04-21T08:06:17.630503+00:00] main.INFO: {"feed":"salesOrders","operation":"full reindex(legacy)","status":"Batch table `sales_data_exporter_orders_index_batches` created. Total Items: 0, batches: ~0","elapsed":"946 ms","pid":"1825","caller":"bin\/magento setup:install --db-host=db --db-name=magento --db-user=magento --db-password=magento"} [] []
[2026-04-21T08:06:17.631108+00:00] main.INFO: {"feed":"salesOrders","operation":"full reindex(legacy)","status":"nothing to process - no items to sync. Not expected? Are there any items in source table `sales_order`?","elapsed":"946 ms","pid":"1825","caller":"bin\/magento setup:install --db-host=db --db-name=magento --db-user=magento --db-password=magento"} [] []
[2026-04-21T08:06:17.637928+00:00] main.INFO: {"feed":"salesOrders","operation":"full reindex(legacy)","status":"Complete","elapsed":"953 ms","pid":"1825","caller":"bin\/magento setup:install --db-host=db --db-name=magento --db-user=magento --db-password=magento"} [] []
[2026-04-21T08:06:17.665264+00:00] main.INFO: {"feed":"salesOrderStatuses","operation":"full reindex(legacy)","status":"Initialize","elapsed":"00:00:00 117 ms","pid":"1825","caller":"bin\/magento setup:install --db-host=db --db-name=magento --db-user=magento --db-password=magento"} [] []
[2026-04-21T08:06:17.690322+00:00] main.DEBUG: cache_invalidate:  {"method":"GET","url":"http:/","invalidateInfo":{"identifier":"DB_PDO_MYSQL_DDL_sales_data_exporter_order_statuses_index_sequence_1"}} []
[2026-04-21T08:06:17.691073+00:00] main.DEBUG: cache_invalidate:  {"method":"GET","url":"http:/","invalidateInfo":{"identifier":"DB_PDO_MYSQL_DDL_sales_data_exporter_order_statuses_index_sequence_2"}} []
[2026-04-21T08:06:17.692217+00:00] main.DEBUG: cache_invalidate:  {"method":"GET","url":"http:/","invalidateInfo":{"identifier":"DB_PDO_MYSQL_DDL_sales_data_exporter_order_statuses_index_sequence_3"}} []
[2026-04-21T08:06:17.693826+00:00] main.DEBUG: cache_invalidate:  {"method":"GET","url":"http:/","invalidateInfo":{"identifier":"DB_PDO_MYSQL_DDL_sales_data_exporter_order_statuses_index_sequence_4"}} []
[2026-04-21T08:06:17.694543+00:00] main.DEBUG: cache_invalidate:  {"method":"GET","url":"http:/","invalidateInfo":{"identifier":"DB_PDO_MYSQL_DDL_sales_data_exporter_order_statuses_index_sequence_5"}} []
[2026-04-21T08:06:17.710495+00:00] main.DEBUG: cache_invalidate:  {"method":"GET","url":"http:/","invalidateInfo":{"identifier":"DB_PDO_MYSQL_DDL_sales_data_exporter_order_statuses_index_sequence_1"}} []
[2026-04-21T08:06:17.711403+00:00] main.DEBUG: cache_invalidate:  {"method":"GET","url":"http:/","invalidateInfo":{"identifier":"DB_PDO_MYSQL_DDL_sales_data_exporter_order_statuses_index_sequence_2"}} []
[2026-04-21T08:06:17.712488+00:00] main.DEBUG: cache_invalidate:  {"method":"GET","url":"http:/","invalidateInfo":{"identifier":"DB_PDO_MYSQL_DDL_sales_data_exporter_order_statuses_index_sequence_3"}} []
[2026-04-21T08:06:17.713200+00:00] main.DEBUG: cache_invalidate:  {"method":"GET","url":"http:/","invalidateInfo":{"identifier":"DB_PDO_MYSQL_DDL_sales_data_exporter_order_statuses_index_sequence_4"}} []
[2026-04-21T08:06:17.713883+00:00] main.DEBUG: cache_invalidate:  {"method":"GET","url":"http:/","invalidateInfo":{"identifier":"DB_PDO_MYSQL_DDL_sales_data_exporter_order_statuses_index_sequence_5"}} []
[2026-04-21T08:06:17.715671+00:00] main.INFO: {"feed":"salesOrderStatuses","operation":"full reindex(legacy)","status":"Creating batch table `sales_data_exporter_order_statuses_index_batches`. Start position: ","elapsed":"00:00:00 168 ms","pid":"1825","caller":"bin\/magento setup:install --db-host=db --db-name=magento --db-user=magento --db-password=magento"} [] []
[2026-04-21T08:06:17.720592+00:00] main.DEBUG: cache_invalidate:  {"method":"GET","url":"http:/","invalidateInfo":{"identifier":"DB_PDO_MYSQL_DDL_sales_data_exporter_order_statuses_index_batches_1"}} []
[2026-04-21T08:06:17.721391+00:00] main.DEBUG: cache_invalidate:  {"method":"GET","url":"http:/","invalidateInfo":{"identifier":"DB_PDO_MYSQL_DDL_sales_data_exporter_order_statuses_index_batches_2"}} []
[2026-04-21T08:06:17.722105+00:00] main.DEBUG: cache_invalidate:  {"method":"GET","url":"http:/","invalidateInfo":{"identifier":"DB_PDO_MYSQL_DDL_sales_data_exporter_order_statuses_index_batches_3"}} []
[2026-04-21T08:06:17.722961+00:00] main.DEBUG: cache_invalidate:  {"method":"GET","url":"http:/","invalidateInfo":{"identifier":"DB_PDO_MYSQL_DDL_sales_data_exporter_order_statuses_index_batches_4"}} []
[2026-04-21T08:06:17.723704+00:00] main.DEBUG: cache_invalidate:  {"method":"GET","url":"http:/","invalidateInfo":{"identifier":"DB_PDO_MYSQL_DDL_sales_data_exporter_order_statuses_index_batches_5"}} []
[2026-04-21T08:06:17.746543+00:00] main.DEBUG: cache_invalidate:  {"method":"GET","url":"http:/","invalidateInfo":{"identifier":"DB_PDO_MYSQL_DDL_sales_data_exporter_order_statuses_index_batches_1"}} []
[2026-04-21T08:06:17.747367+00:00] main.DEBUG: cache_invalidate:  {"method":"GET","url":"http:/","invalidateInfo":{"identifier":"DB_PDO_MYSQL_DDL_sales_data_exporter_order_statuses_index_batches_2"}} []
[2026-04-21T08:06:17.748071+00:00] main.DEBUG: cache_invalidate:  {"method":"GET","url":"http:/","invalidateInfo":{"identifier":"DB_PDO_MYSQL_DDL_sales_data_exporter_order_statuses_index_batches_3"}} []
[2026-04-21T08:06:17.748912+00:00] main.DEBUG: cache_invalidate:  {"method":"GET","url":"http:/","invalidateInfo":{"identifier":"DB_PDO_MYSQL_DDL_sales_data_exporter_order_statuses_index_batches_4"}} []
[2026-04-21T08:06:17.749588+00:00] main.DEBUG: cache_invalidate:  {"method":"GET","url":"http:/","invalidateInfo":{"identifier":"DB_PDO_MYSQL_DDL_sales_data_exporter_order_statuses_index_batches_5"}} []
[2026-04-21T08:06:17.756492+00:00] main.INFO: {"feed":"salesOrderStatuses","operation":"full reindex(legacy)","status":"Batch table `sales_data_exporter_order_statuses_index_batches` created. Total Items: 12, batches: ~0","elapsed":"00:00:00 208 ms","pid":"1825","caller":"bin\/magento setup:install --db-host=db --db-name=magento --db-user=magento --db-password=magento"} [] []
[2026-04-21T08:06:17.757137+00:00] main.INFO: {"feed":"salesOrderStatuses","operation":"full reindex(legacy)","status":"start processing `12` items in `1` threads with `100` batch size","elapsed":"00:00:00 209 ms","pid":"1825","caller":"bin\/magento setup:install --db-host=db --db-name=magento --db-user=magento --db-password=magento"} [] []
[2026-04-21T08:06:17.802205+00:00] main.INFO: {"feed":"salesOrderStatuses","operation":"full reindex(legacy)","status":"Progress 1\/1, processed 12, synced 12","elapsed":"00:00:00 254 ms","pid":"1825","caller":"bin\/magento setup:install --db-host=db --db-name=magento --db-user=magento --db-password=magento"} [] []
[2026-04-21T08:06:17.806312+00:00] main.INFO: {"feed":"salesOrderStatuses","operation":"full reindex(legacy)","status":"Complete","elapsed":"00:00:00 258 ms","pid":"1825","caller":"bin\/magento setup:install --db-host=db --db-name=magento --db-user=magento --db-password=magento"} [] []
[2026-04-21T08:06:17.829690+00:00] main.INFO: {"feed":"stores","operation":"full reindex(legacy)","status":"Initialize","elapsed":"00:00:00 446 ms","pid":"1825","caller":"bin\/magento setup:install --db-host=db --db-name=magento --db-user=magento --db-password=magento"} [] []
[2026-04-21T08:06:17.854110+00:00] main.DEBUG: cache_invalidate:  {"method":"GET","url":"http:/","invalidateInfo":{"identifier":"DB_PDO_MYSQL_DDL_stores_data_exporter_index_sequence_1"}} []
[2026-04-21T08:06:17.855409+00:00] main.DEBUG: cache_invalidate:  {"method":"GET","url":"http:/","invalidateInfo":{"identifier":"DB_PDO_MYSQL_DDL_stores_data_exporter_index_sequence_2"}} []
[2026-04-21T08:06:17.856411+00:00] main.DEBUG: cache_invalidate:  {"method":"GET","url":"http:/","invalidateInfo":{"identifier":"DB_PDO_MYSQL_DDL_stores_data_exporter_index_sequence_3"}} []
[2026-04-21T08:06:17.857156+00:00] main.DEBUG: cache_invalidate:  {"method":"GET","url":"http:/","invalidateInfo":{"identifier":"DB_PDO_MYSQL_DDL_stores_data_exporter_index_sequence_4"}} []
[2026-04-21T08:06:17.857801+00:00] main.DEBUG: cache_invalidate:  {"method":"GET","url":"http:/","invalidateInfo":{"identifier":"DB_PDO_MYSQL_DDL_stores_data_exporter_index_sequence_5"}} []
[2026-04-21T08:06:17.872861+00:00] main.DEBUG: cache_invalidate:  {"method":"GET","url":"http:/","invalidateInfo":{"identifier":"DB_PDO_MYSQL_DDL_stores_data_exporter_index_sequence_1"}} []
[2026-04-21T08:06:17.873550+00:00] main.DEBUG: cache_invalidate:  {"method":"GET","url":"http:/","invalidateInfo":{"identifier":"DB_PDO_MYSQL_DDL_stores_data_exporter_index_sequence_2"}} []
[2026-04-21T08:06:17.874396+00:00] main.DEBUG: cache_invalidate:  {"method":"GET","url":"http:/","invalidateInfo":{"identifier":"DB_PDO_MYSQL_DDL_stores_data_exporter_index_sequence_3"}} []
[2026-04-21T08:06:17.875081+00:00] main.DEBUG: cache_invalidate:  {"method":"GET","url":"http:/","invalidateInfo":{"identifier":"DB_PDO_MYSQL_DDL_stores_data_exporter_index_sequence_4"}} []
[2026-04-21T08:06:17.875791+00:00] main.DEBUG: cache_invalidate:  {"method":"GET","url":"http:/","invalidateInfo":{"identifier":"DB_PDO_MYSQL_DDL_stores_data_exporter_index_sequence_5"}} []
[2026-04-21T08:06:17.877742+00:00] main.INFO: {"feed":"stores","operation":"full reindex(legacy)","status":"Creating batch table `stores_data_exporter_index_batches`. Start position: 0","elapsed":"00:00:00 494 ms","pid":"1825","caller":"bin\/magento setup:install --db-host=db --db-name=magento --db-user=magento --db-password=magento"} [] []
[2026-04-21T08:06:17.882350+00:00] main.DEBUG: cache_invalidate:  {"method":"GET","url":"http:/","invalidateInfo":{"identifier":"DB_PDO_MYSQL_DDL_stores_data_exporter_index_batches_1"}} []
[2026-04-21T08:06:17.883161+00:00] main.DEBUG: cache_invalidate:  {"method":"GET","url":"http:/","invalidateInfo":{"identifier":"DB_PDO_MYSQL_DDL_stores_data_exporter_index_batches_2"}} []
[2026-04-21T08:06:17.883857+00:00] main.DEBUG: cache_invalidate:  {"method":"GET","url":"http:/","invalidateInfo":{"identifier":"DB_PDO_MYSQL_DDL_stores_data_exporter_index_batches_3"}} []
[2026-04-21T08:06:17.884521+00:00] main.DEBUG: cache_invalidate:  {"method":"GET","url":"http:/","invalidateInfo":{"identifier":"DB_PDO_MYSQL_DDL_stores_data_exporter_index_batches_4"}} []
[2026-04-21T08:06:17.885339+00:00] main.DEBUG: cache_invalidate:  {"method":"GET","url":"http:/","invalidateInfo":{"identifier":"DB_PDO_MYSQL_DDL_stores_data_exporter_index_batches_5"}} []
[2026-04-21T08:06:17.898982+00:00] main.DEBUG: cache_invalidate:  {"method":"GET","url":"http:/","invalidateInfo":{"identifier":"DB_PDO_MYSQL_DDL_stores_data_exporter_index_batches_1"}} []
[2026-04-21T08:06:17.899660+00:00] main.DEBUG: cache_invalidate:  {"method":"GET","url":"http:/","invalidateInfo":{"identifier":"DB_PDO_MYSQL_DDL_stores_data_exporter_index_batches_2"}} []
[2026-04-21T08:06:17.900260+00:00] main.DEBUG: cache_invalidate:  {"method":"GET","url":"http:/","invalidateInfo":{"identifier":"DB_PDO_MYSQL_DDL_stores_data_exporter_index_batches_3"}} []
[2026-04-21T08:06:17.900887+00:00] main.DEBUG: cache_invalidate:  {"method":"GET","url":"http:/","invalidateInfo":{"identifier":"DB_PDO_MYSQL_DDL_stores_data_exporter_index_batches_4"}} []
[2026-04-21T08:06:17.901726+00:00] main.DEBUG: cache_invalidate:  {"method":"GET","url":"http:/","invalidateInfo":{"identifier":"DB_PDO_MYSQL_DDL_stores_data_exporter_index_batches_5"}} []
[2026-04-21T08:06:17.905529+00:00] main.INFO: {"feed":"stores","operation":"full reindex(legacy)","status":"Batch table `stores_data_exporter_index_batches` created. Total Items: 1, batches: ~0","elapsed":"00:00:00 522 ms","pid":"1825","caller":"bin\/magento setup:install --db-host=db --db-name=magento --db-user=magento --db-password=magento"} [] []
[2026-04-21T08:06:17.906200+00:00] main.INFO: {"feed":"stores","operation":"full reindex(legacy)","status":"start processing `1` items in `1` threads with `100` batch size","elapsed":"00:00:00 523 ms","pid":"1825","caller":"bin\/magento setup:install --db-host=db --db-name=magento --db-user=magento --db-password=magento"} [] []
[2026-04-21T08:06:17.918102+00:00] main.INFO: {"feed":"stores","operation":"full reindex(legacy)","status":"Progress 1\/1, processed 1, synced 1","elapsed":"00:00:00 534 ms","pid":"1825","caller":"bin\/magento setup:install --db-host=db --db-name=magento --db-user=magento --db-password=magento"} [] []
[2026-04-21T08:06:17.921657+00:00] main.INFO: {"feed":"stores","operation":"full reindex(legacy)","status":"Complete","elapsed":"00:00:00 538 ms","pid":"1825","caller":"bin\/magento setup:install --db-host=db --db-name=magento --db-user=magento --db-password=magento"} [] []
[2026-04-21T08:08:34.500632+00:00] main.DEBUG: cache_invalidate:  {"method":"GET","url":"http:/","invalidateInfo":{"identifier":"DB_PDO_MYSQL_DDL_cataloginventory_stock_status_1"}} []
[2026-04-21T08:08:34.502125+00:00] main.DEBUG: cache_invalidate:  {"method":"GET","url":"http:/","invalidateInfo":{"identifier":"DB_PDO_MYSQL_DDL_cataloginventory_stock_status_2"}} []
[2026-04-21T08:08:34.502713+00:00] main.DEBUG: cache_invalidate:  {"method":"GET","url":"http:/","invalidateInfo":{"identifier":"DB_PDO_MYSQL_DDL_cataloginventory_stock_status_3"}} []
[2026-04-21T08:08:34.503253+00:00] main.DEBUG: cache_invalidate:  {"method":"GET","url":"http:/","invalidateInfo":{"identifier":"DB_PDO_MYSQL_DDL_cataloginventory_stock_status_4"}} []
[2026-04-21T08:08:34.503759+00:00] main.DEBUG: cache_invalidate:  {"method":"GET","url":"http:/","invalidateInfo":{"identifier":"DB_PDO_MYSQL_DDL_cataloginventory_stock_status_5"}} []
[2026-04-21T08:08:34.504309+00:00] main.DEBUG: cache_invalidate:  {"method":"GET","url":"http:/","invalidateInfo":{"identifier":"DB_PDO_MYSQL_DDL_cataloginventory_stock_status_outdated_1"}} []
[2026-04-21T08:08:34.504790+00:00] main.DEBUG: cache_invalidate:  {"method":"GET","url":"http:/","invalidateInfo":{"identifier":"DB_PDO_MYSQL_DDL_cataloginventory_stock_status_outdated_2"}} []
[2026-04-21T08:08:34.505255+00:00] main.DEBUG: cache_invalidate:  {"method":"GET","url":"http:/","invalidateInfo":{"identifier":"DB_PDO_MYSQL_DDL_cataloginventory_stock_status_outdated_3"}} []
[2026-04-21T08:08:34.505716+00:00] main.DEBUG: cache_invalidate:  {"method":"GET","url":"http:/","invalidateInfo":{"identifier":"DB_PDO_MYSQL_DDL_cataloginventory_stock_status_outdated_4"}} []
[2026-04-21T08:08:34.506168+00:00] main.DEBUG: cache_invalidate:  {"method":"GET","url":"http:/","invalidateInfo":{"identifier":"DB_PDO_MYSQL_DDL_cataloginventory_stock_status_outdated_5"}} []
[2026-04-21T08:08:34.506634+00:00] main.DEBUG: cache_invalidate:  {"method":"GET","url":"http:/","invalidateInfo":{"identifier":"DB_PDO_MYSQL_DDL_cataloginventory_stock_status_replica_1"}} []
[2026-04-21T08:08:34.507095+00:00] main.DEBUG: cache_invalidate:  {"method":"GET","url":"http:/","invalidateInfo":{"identifier":"DB_PDO_MYSQL_DDL_cataloginventory_stock_status_replica_2"}} []
[2026-04-21T08:08:34.507535+00:00] main.DEBUG: cache_invalidate:  {"method":"GET","url":"http:/","invalidateInfo":{"identifier":"DB_PDO_MYSQL_DDL_cataloginventory_stock_status_replica_3"}} []
[2026-04-21T08:08:34.508009+00:00] main.DEBUG: cache_invalidate:  {"method":"GET","url":"http:/","invalidateInfo":{"identifier":"DB_PDO_MYSQL_DDL_cataloginventory_stock_status_replica_4"}} []
[2026-04-21T08:08:34.508495+00:00] main.DEBUG: cache_invalidate:  {"method":"GET","url":"http:/","invalidateInfo":{"identifier":"DB_PDO_MYSQL_DDL_cataloginventory_stock_status_replica_5"}} []
[2026-04-21T08:08:34.519510+00:00] main.DEBUG: cache_invalidate:  {"method":"GET","url":"http:/","invalidateInfo":{"tags":["cat_c","FPC"],"mode":"matchingTag"}} []
[2026-04-21T08:08:34.520026+00:00] main.DEBUG: cache_invalidate:  {"method":"GET","url":"http:/","invalidateInfo":{"tags":["cat_p","FPC"],"mode":"matchingTag"}} []
[2026-04-21T08:08:34.520713+00:00] main.DEBUG: cache_invalidate:  {"method":"GET","url":"http:/","invalidateInfo":{"tags":["cat_c","cat_p"],"mode":"matchingAnyTag"}} []
[2026-04-21T08:08:34.958372+00:00] main.DEBUG: cache_invalidate:  {"method":"GET","url":"http:/","invalidateInfo":{"identifier":"DB_PDO_MYSQL_DDL_customer_grid_flat_1"}} []
[2026-04-21T08:08:34.959199+00:00] main.DEBUG: cache_invalidate:  {"method":"GET","url":"http:/","invalidateInfo":{"identifier":"DB_PDO_MYSQL_DDL_customer_grid_flat_2"}} []
[2026-04-21T08:08:34.959939+00:00] main.DEBUG: cache_invalidate:  {"method":"GET","url":"http:/","invalidateInfo":{"identifier":"DB_PDO_MYSQL_DDL_customer_grid_flat_3"}} []
[2026-04-21T08:08:34.960610+00:00] main.DEBUG: cache_invalidate:  {"method":"GET","url":"http:/","invalidateInfo":{"identifier":"DB_PDO_MYSQL_DDL_customer_grid_flat_4"}} []
[2026-04-21T08:08:34.961239+00:00] main.DEBUG: cache_invalidate:  {"method":"GET","url":"http:/","invalidateInfo":{"identifier":"DB_PDO_MYSQL_DDL_customer_grid_flat_5"}} []
[2026-04-21T08:08:35.206764+00:00] main.DEBUG: cache_invalidate:  {"method":"GET","url":"http:/","invalidateInfo":{"identifier":"DB_PDO_MYSQL_DDL_customer_grid_flat_1"}} []
[2026-04-21T08:08:35.207447+00:00] main.DEBUG: cache_invalidate:  {"method":"GET","url":"http:/","invalidateInfo":{"identifier":"DB_PDO_MYSQL_DDL_customer_grid_flat_2"}} []
[2026-04-21T08:08:35.208035+00:00] main.DEBUG: cache_invalidate:  {"method":"GET","url":"http:/","invalidateInfo":{"identifier":"DB_PDO_MYSQL_DDL_customer_grid_flat_3"}} []
[2026-04-21T08:08:35.208560+00:00] main.DEBUG: cache_invalidate:  {"method":"GET","url":"http:/","invalidateInfo":{"identifier":"DB_PDO_MYSQL_DDL_customer_grid_flat_4"}} []
[2026-04-21T08:08:35.209249+00:00] main.DEBUG: cache_invalidate:  {"method":"GET","url":"http:/","invalidateInfo":{"identifier":"DB_PDO_MYSQL_DDL_customer_grid_flat_5"}} []
[2026-04-21T08:08:35.545075+00:00] main.DEBUG: cache_invalidate:  {"method":"GET","url":"http:/","invalidateInfo":{"identifier":"DB_PDO_MYSQL_DDL_catalog_category_product_index_store1_1"}} []
[2026-04-21T08:08:35.545865+00:00] main.DEBUG: cache_invalidate:  {"method":"GET","url":"http:/","invalidateInfo":{"identifier":"DB_PDO_MYSQL_DDL_catalog_category_product_index_store1_2"}} []
[2026-04-21T08:08:35.546501+00:00] main.DEBUG: cache_invalidate:  {"method":"GET","url":"http:/","invalidateInfo":{"identifier":"DB_PDO_MYSQL_DDL_catalog_category_product_index_store1_3"}} []
[2026-04-21T08:08:35.547129+00:00] main.DEBUG: cache_invalidate:  {"method":"GET","url":"http:/","invalidateInfo":{"identifier":"DB_PDO_MYSQL_DDL_catalog_category_product_index_store1_4"}} []
[2026-04-21T08:08:35.547771+00:00] main.DEBUG: cache_invalidate:  {"method":"GET","url":"http:/","invalidateInfo":{"identifier":"DB_PDO_MYSQL_DDL_catalog_category_product_index_store1_5"}} []
[2026-04-21T08:08:35.548375+00:00] main.DEBUG: cache_invalidate:  {"method":"GET","url":"http:/","invalidateInfo":{"identifier":"DB_PDO_MYSQL_DDL_catalog_category_product_index_store1_outdated_1"}} []
[2026-04-21T08:08:35.548954+00:00] main.DEBUG: cache_invalidate:  {"method":"GET","url":"http:/","invalidateInfo":{"identifier":"DB_PDO_MYSQL_DDL_catalog_category_product_index_store1_outdated_2"}} []
[2026-04-21T08:08:35.549531+00:00] main.DEBUG: cache_invalidate:  {"method":"GET","url":"http:/","invalidateInfo":{"identifier":"DB_PDO_MYSQL_DDL_catalog_category_product_index_store1_outdated_3"}} []
[2026-04-21T08:08:35.550179+00:00] main.DEBUG: cache_invalidate:  {"method":"GET","url":"http:/","invalidateInfo":{"identifier":"DB_PDO_MYSQL_DDL_catalog_category_product_index_store1_outdated_4"}} []
[2026-04-21T08:08:35.550763+00:00] main.DEBUG: cache_invalidate:  {"method":"GET","url":"http:/","invalidateInfo":{"identifier":"DB_PDO_MYSQL_DDL_catalog_category_product_index_store1_outdated_5"}} []
[2026-04-21T08:08:35.551405+00:00] main.DEBUG: cache_invalidate:  {"method":"GET","url":"http:/","invalidateInfo":{"identifier":"DB_PDO_MYSQL_DDL_catalog_category_product_index_store1_replica_1"}} []
[2026-04-21T08:08:35.551979+00:00] main.DEBUG: cache_invalidate:  {"method":"GET","url":"http:/","invalidateInfo":{"identifier":"DB_PDO_MYSQL_DDL_catalog_category_product_index_store1_replica_2"}} []
[2026-04-21T08:08:35.552534+00:00] main.DEBUG: cache_invalidate:  {"method":"GET","url":"http:/","invalidateInfo":{"identifier":"DB_PDO_MYSQL_DDL_catalog_category_product_index_store1_replica_3"}} []
[2026-04-21T08:08:35.553092+00:00] main.DEBUG: cache_invalidate:  {"method":"GET","url":"http:/","invalidateInfo":{"identifier":"DB_PDO_MYSQL_DDL_catalog_category_product_index_store1_replica_4"}} []
[2026-04-21T08:08:35.553680+00:00] main.DEBUG: cache_invalidate:  {"method":"GET","url":"http:/","invalidateInfo":{"identifier":"DB_PDO_MYSQL_DDL_catalog_category_product_index_store1_replica_5"}} []
[2026-04-21T08:08:35.556521+00:00] main.DEBUG: cache_invalidate:  {"method":"GET","url":"http:/","invalidateInfo":{"tags":["cat_c","FPC"],"mode":"matchingTag"}} []
[2026-04-21T08:08:35.557060+00:00] main.DEBUG: cache_invalidate:  {"method":"GET","url":"http:/","invalidateInfo":{"tags":["cat_c"],"mode":"matchingAnyTag"}} []
[2026-04-21T08:08:36.074733+00:00] main.DEBUG: cache_invalidate:  {"method":"GET","url":"http:/","invalidateInfo":{"identifier":"DB_PDO_MYSQL_DDL_catalogrule_product_1"}} []
[2026-04-21T08:08:36.076004+00:00] main.DEBUG: cache_invalidate:  {"method":"GET","url":"http:/","invalidateInfo":{"identifier":"DB_PDO_MYSQL_DDL_catalogrule_product_2"}} []
[2026-04-21T08:08:36.077144+00:00] main.DEBUG: cache_invalidate:  {"method":"GET","url":"http:/","invalidateInfo":{"identifier":"DB_PDO_MYSQL_DDL_catalogrule_product_3"}} []
[2026-04-21T08:08:36.078240+00:00] main.DEBUG: cache_invalidate:  {"method":"GET","url":"http:/","invalidateInfo":{"identifier":"DB_PDO_MYSQL_DDL_catalogrule_product_4"}} []
[2026-04-21T08:08:36.079154+00:00] main.DEBUG: cache_invalidate:  {"method":"GET","url":"http:/","invalidateInfo":{"identifier":"DB_PDO_MYSQL_DDL_catalogrule_product_5"}} []
[2026-04-21T08:08:36.080085+00:00] main.DEBUG: cache_invalidate:  {"method":"GET","url":"http:/","invalidateInfo":{"identifier":"DB_PDO_MYSQL_DDL_catalogrule_product9406b551_1"}} []
[2026-04-21T08:08:36.081084+00:00] main.DEBUG: cache_invalidate:  {"method":"GET","url":"http:/","invalidateInfo":{"identifier":"DB_PDO_MYSQL_DDL_catalogrule_product9406b551_2"}} []
[2026-04-21T08:08:36.082123+00:00] main.DEBUG: cache_invalidate:  {"method":"GET","url":"http:/","invalidateInfo":{"identifier":"DB_PDO_MYSQL_DDL_catalogrule_product9406b551_3"}} []
[2026-04-21T08:08:36.083223+00:00] main.DEBUG: cache_invalidate:  {"method":"GET","url":"http:/","invalidateInfo":{"identifier":"DB_PDO_MYSQL_DDL_catalogrule_product9406b551_4"}} []
[2026-04-21T08:08:36.084236+00:00] main.DEBUG: cache_invalidate:  {"method":"GET","url":"http:/","invalidateInfo":{"identifier":"DB_PDO_MYSQL_DDL_catalogrule_product9406b551_5"}} []
[2026-04-21T08:08:36.085601+00:00] main.DEBUG: cache_invalidate:  {"method":"GET","url":"http:/","invalidateInfo":{"identifier":"DB_PDO_MYSQL_DDL_catalogrule_product__temp0ee31bad_1"}} []
[2026-04-21T08:08:36.086475+00:00] main.DEBUG: cache_invalidate:  {"method":"GET","url":"http:/","invalidateInfo":{"identifier":"DB_PDO_MYSQL_DDL_catalogrule_product__temp0ee31bad_2"}} []
[2026-04-21T08:08:36.087230+00:00] main.DEBUG: cache_invalidate:  {"method":"GET","url":"http:/","invalidateInfo":{"identifier":"DB_PDO_MYSQL_DDL_catalogrule_product__temp0ee31bad_3"}} []
[2026-04-21T08:08:36.088059+00:00] main.DEBUG: cache_invalidate:  {"method":"GET","url":"http:/","invalidateInfo":{"identifier":"DB_PDO_MYSQL_DDL_catalogrule_product__temp0ee31bad_4"}} []
[2026-04-21T08:08:36.089176+00:00] main.DEBUG: cache_invalidate:  {"method":"GET","url":"http:/","invalidateInfo":{"identifier":"DB_PDO_MYSQL_DDL_catalogrule_product__temp0ee31bad_5"}} []
[2026-04-21T08:08:36.090175+00:00] main.DEBUG: cache_invalidate:  {"method":"GET","url":"http:/","invalidateInfo":{"identifier":"DB_PDO_MYSQL_DDL_catalogrule_product_price_1"}} []
[2026-04-21T08:08:36.091094+00:00] main.DEBUG: cache_invalidate:  {"method":"GET","url":"http:/","invalidateInfo":{"identifier":"DB_PDO_MYSQL_DDL_catalogrule_product_price_2"}} []
[2026-04-21T08:08:36.092161+00:00] main.DEBUG: cache_invalidate:  {"method":"GET","url":"http:/","invalidateInfo":{"identifier":"DB_PDO_MYSQL_DDL_catalogrule_product_price_3"}} []
[2026-04-21T08:08:36.093320+00:00] main.DEBUG: cache_invalidate:  {"method":"GET","url":"http:/","invalidateInfo":{"identifier":"DB_PDO_MYSQL_DDL_catalogrule_product_price_4"}} []
[2026-04-21T08:08:36.094260+00:00] main.DEBUG: cache_invalidate:  {"method":"GET","url":"http:/","invalidateInfo":{"identifier":"DB_PDO_MYSQL_DDL_catalogrule_product_price_5"}} []
[2026-04-21T08:08:36.095121+00:00] main.DEBUG: cache_invalidate:  {"method":"GET","url":"http:/","invalidateInfo":{"identifier":"DB_PDO_MYSQL_DDL_catalogrule_product_priceac57d4e3_1"}} []
[2026-04-21T08:08:36.095870+00:00] main.DEBUG: cache_invalidate:  {"method":"GET","url":"http:/","invalidateInfo":{"identifier":"DB_PDO_MYSQL_DDL_catalogrule_product_priceac57d4e3_2"}} []
[2026-04-21T08:08:36.096416+00:00] main.DEBUG: cache_invalidate:  {"method":"GET","url":"http:/","invalidateInfo":{"identifier":"DB_PDO_MYSQL_DDL_catalogrule_product_priceac57d4e3_3"}} []
[2026-04-21T08:08:36.096975+00:00] main.DEBUG: cache_invalidate:  {"method":"GET","url":"http:/","invalidateInfo":{"identifier":"DB_PDO_MYSQL_DDL_catalogrule_product_priceac57d4e3_4"}} []
[2026-04-21T08:08:36.097927+00:00] main.DEBUG: cache_invalidate:  {"method":"GET","url":"http:/","invalidateInfo":{"identifier":"DB_PDO_MYSQL_DDL_catalogrule_product_priceac57d4e3_5"}} []
[2026-04-21T08:08:36.098975+00:00] main.DEBUG: cache_invalidate:  {"method":"GET","url":"http:/","invalidateInfo":{"identifier":"DB_PDO_MYSQL_DDL_catalogrule_product_price__temp2fc17835_1"}} []
[2026-04-21T08:08:36.099848+00:00] main.DEBUG: cache_invalidate:  {"method":"GET","url":"http:/","invalidateInfo":{"identifier":"DB_PDO_MYSQL_DDL_catalogrule_product_price__temp2fc17835_2"}} []
[2026-04-21T08:08:36.100568+00:00] main.DEBUG: cache_invalidate:  {"method":"GET","url":"http:/","invalidateInfo":{"identifier":"DB_PDO_MYSQL_DDL_catalogrule_product_price__temp2fc17835_3"}} []
[2026-04-21T08:08:36.101382+00:00] main.DEBUG: cache_invalidate:  {"method":"GET","url":"http:/","invalidateInfo":{"identifier":"DB_PDO_MYSQL_DDL_catalogrule_product_price__temp2fc17835_4"}} []
[2026-04-21T08:08:36.102217+00:00] main.DEBUG: cache_invalidate:  {"method":"GET","url":"http:/","invalidateInfo":{"identifier":"DB_PDO_MYSQL_DDL_catalogrule_product_price__temp2fc17835_5"}} []
[2026-04-21T08:08:36.103082+00:00] main.DEBUG: cache_invalidate:  {"method":"GET","url":"http:/","invalidateInfo":{"identifier":"DB_PDO_MYSQL_DDL_catalogrule_group_website_1"}} []
[2026-04-21T08:08:36.103925+00:00] main.DEBUG: cache_invalidate:  {"method":"GET","url":"http:/","invalidateInfo":{"identifier":"DB_PDO_MYSQL_DDL_catalogrule_group_website_2"}} []
[2026-04-21T08:08:36.104729+00:00] main.DEBUG: cache_invalidate:  {"method":"GET","url":"http:/","invalidateInfo":{"identifier":"DB_PDO_MYSQL_DDL_catalogrule_group_website_3"}} []
[2026-04-21T08:08:36.105532+00:00] main.DEBUG: cache_invalidate:  {"method":"GET","url":"http:/","invalidateInfo":{"identifier":"DB_PDO_MYSQL_DDL_catalogrule_group_website_4"}} []
[2026-04-21T08:08:36.106269+00:00] main.DEBUG: cache_invalidate:  {"method":"GET","url":"http:/","invalidateInfo":{"identifier":"DB_PDO_MYSQL_DDL_catalogrule_group_website_5"}} []
[2026-04-21T08:08:36.107018+00:00] main.DEBUG: cache_invalidate:  {"method":"GET","url":"http:/","invalidateInfo":{"identifier":"DB_PDO_MYSQL_DDL_catalogrule_group_website2363dead_1"}} []
[2026-04-21T08:08:36.107749+00:00] main.DEBUG: cache_invalidate:  {"method":"GET","url":"http:/","invalidateInfo":{"identifier":"DB_PDO_MYSQL_DDL_catalogrule_group_website2363dead_2"}} []
[2026-04-21T08:08:36.108326+00:00] main.DEBUG: cache_invalidate:  {"method":"GET","url":"http:/","invalidateInfo":{"identifier":"DB_PDO_MYSQL_DDL_catalogrule_group_website2363dead_3"}} []
[2026-04-21T08:08:36.108979+00:00] main.DEBUG: cache_invalidate:  {"method":"GET","url":"http:/","invalidateInfo":{"identifier":"DB_PDO_MYSQL_DDL_catalogrule_group_website2363dead_4"}} []
[2026-04-21T08:08:36.109675+00:00] main.DEBUG: cache_invalidate:  {"method":"GET","url":"http:/","invalidateInfo":{"identifier":"DB_PDO_MYSQL_DDL_catalogrule_group_website2363dead_5"}} []
[2026-04-21T08:08:36.110732+00:00] main.DEBUG: cache_invalidate:  {"method":"GET","url":"http:/","invalidateInfo":{"identifier":"DB_PDO_MYSQL_DDL_catalogrule_group_website__temp1415a5a9_1"}} []
[2026-04-21T08:08:36.111534+00:00] main.DEBUG: cache_invalidate:  {"method":"GET","url":"http:/","invalidateInfo":{"identifier":"DB_PDO_MYSQL_DDL_catalogrule_group_website__temp1415a5a9_2"}} []
[2026-04-21T08:08:36.112388+00:00] main.DEBUG: cache_invalidate:  {"method":"GET","url":"http:/","invalidateInfo":{"identifier":"DB_PDO_MYSQL_DDL_catalogrule_group_website__temp1415a5a9_3"}} []
[2026-04-21T08:08:36.113496+00:00] main.DEBUG: cache_invalidate:  {"method":"GET","url":"http:/","invalidateInfo":{"identifier":"DB_PDO_MYSQL_DDL_catalogrule_group_website__temp1415a5a9_4"}} []
[2026-04-21T08:08:36.114365+00:00] main.DEBUG: cache_invalidate:  {"method":"GET","url":"http:/","invalidateInfo":{"identifier":"DB_PDO_MYSQL_DDL_catalogrule_group_website__temp1415a5a9_5"}} []
[2026-04-21T08:08:36.136376+00:00] main.DEBUG: cache_invalidate:  {"method":"GET","url":"http:/","invalidateInfo":{"identifier":"DB_PDO_MYSQL_DDL_catalogrule_product9406b551_1"}} []
[2026-04-21T08:08:36.137265+00:00] main.DEBUG: cache_invalidate:  {"method":"GET","url":"http:/","invalidateInfo":{"identifier":"DB_PDO_MYSQL_DDL_catalogrule_product9406b551_2"}} []
[2026-04-21T08:08:36.138006+00:00] main.DEBUG: cache_invalidate:  {"method":"GET","url":"http:/","invalidateInfo":{"identifier":"DB_PDO_MYSQL_DDL_catalogrule_product9406b551_3"}} []
[2026-04-21T08:08:36.139036+00:00] main.DEBUG: cache_invalidate:  {"method":"GET","url":"http:/","invalidateInfo":{"identifier":"DB_PDO_MYSQL_DDL_catalogrule_product9406b551_4"}} []
[2026-04-21T08:08:36.139816+00:00] main.DEBUG: cache_invalidate:  {"method":"GET","url":"http:/","invalidateInfo":{"identifier":"DB_PDO_MYSQL_DDL_catalogrule_product9406b551_5"}} []
[2026-04-21T08:08:36.166847+00:00] main.DEBUG: cache_invalidate:  {"method":"GET","url":"http:/","invalidateInfo":{"identifier":"DB_PDO_MYSQL_DDL_catalogrule_product_priceac57d4e3_1"}} []
[2026-04-21T08:08:36.167929+00:00] main.DEBUG: cache_invalidate:  {"method":"GET","url":"http:/","invalidateInfo":{"identifier":"DB_PDO_MYSQL_DDL_catalogrule_product_priceac57d4e3_2"}} []
[2026-04-21T08:08:36.169113+00:00] main.DEBUG: cache_invalidate:  {"method":"GET","url":"http:/","invalidateInfo":{"identifier":"DB_PDO_MYSQL_DDL_catalogrule_product_priceac57d4e3_3"}} []
[2026-04-21T08:08:36.173301+00:00] main.DEBUG: cache_invalidate:  {"method":"GET","url":"http:/","invalidateInfo":{"identifier":"DB_PDO_MYSQL_DDL_catalogrule_product_priceac57d4e3_4"}} []
[2026-04-21T08:08:36.174180+00:00] main.DEBUG: cache_invalidate:  {"method":"GET","url":"http:/","invalidateInfo":{"identifier":"DB_PDO_MYSQL_DDL_catalogrule_product_priceac57d4e3_5"}} []
[2026-04-21T08:08:36.198212+00:00] main.DEBUG: cache_invalidate:  {"method":"GET","url":"http:/","invalidateInfo":{"identifier":"DB_PDO_MYSQL_DDL_catalogrule_group_website2363dead_1"}} []
[2026-04-21T08:08:36.199373+00:00] main.DEBUG: cache_invalidate:  {"method":"GET","url":"http:/","invalidateInfo":{"identifier":"DB_PDO_MYSQL_DDL_catalogrule_group_website2363dead_2"}} []
[2026-04-21T08:08:36.200170+00:00] main.DEBUG: cache_invalidate:  {"method":"GET","url":"http:/","invalidateInfo":{"identifier":"DB_PDO_MYSQL_DDL_catalogrule_group_website2363dead_3"}} []
[2026-04-21T08:08:36.200878+00:00] main.DEBUG: cache_invalidate:  {"method":"GET","url":"http:/","invalidateInfo":{"identifier":"DB_PDO_MYSQL_DDL_catalogrule_group_website2363dead_4"}} []
[2026-04-21T08:08:36.201601+00:00] main.DEBUG: cache_invalidate:  {"method":"GET","url":"http:/","invalidateInfo":{"identifier":"DB_PDO_MYSQL_DDL_catalogrule_group_website2363dead_5"}} []
[2026-04-21T08:08:36.283553+00:00] main.DEBUG: cache_invalidate:  {"method":"GET","url":"http:/","invalidateInfo":{"tags":["cat_c","FPC"],"mode":"matchingTag"}} []
[2026-04-21T08:08:36.284299+00:00] main.DEBUG: cache_invalidate:  {"method":"GET","url":"http:/","invalidateInfo":{"tags":["cat_p","FPC"],"mode":"matchingTag"}} []
[2026-04-21T08:08:36.285075+00:00] main.DEBUG: cache_invalidate:  {"method":"GET","url":"http:/","invalidateInfo":{"tags":["BLOCK_HTML","FPC"],"mode":"matchingTag"}} []
[2026-04-21T08:08:36.285973+00:00] main.DEBUG: cache_invalidate:  {"method":"GET","url":"http:/","invalidateInfo":{"tags":["cat_c","cat_p","BLOCK_HTML"],"mode":"matchingAnyTag"}} []
[2026-04-21T08:08:36.464710+00:00] main.DEBUG: cache_invalidate:  {"method":"GET","url":"http:/","invalidateInfo":{"identifier":"DB_PDO_MYSQL_DDL_catalog_product_index_eav_1"}} []
[2026-04-21T08:08:36.465599+00:00] main.DEBUG: cache_invalidate:  {"method":"GET","url":"http:/","invalidateInfo":{"identifier":"DB_PDO_MYSQL_DDL_catalog_product_index_eav_2"}} []
[2026-04-21T08:08:36.466388+00:00] main.DEBUG: cache_invalidate:  {"method":"GET","url":"http:/","invalidateInfo":{"identifier":"DB_PDO_MYSQL_DDL_catalog_product_index_eav_3"}} []
[2026-04-21T08:08:36.467118+00:00] main.DEBUG: cache_invalidate:  {"method":"GET","url":"http:/","invalidateInfo":{"identifier":"DB_PDO_MYSQL_DDL_catalog_product_index_eav_4"}} []
[2026-04-21T08:08:36.467849+00:00] main.DEBUG: cache_invalidate:  {"method":"GET","url":"http:/","invalidateInfo":{"identifier":"DB_PDO_MYSQL_DDL_catalog_product_index_eav_5"}} []
[2026-04-21T08:08:36.468520+00:00] main.DEBUG: cache_invalidate:  {"method":"GET","url":"http:/","invalidateInfo":{"identifier":"DB_PDO_MYSQL_DDL_catalog_product_index_eav_outdated_1"}} []
[2026-04-21T08:08:36.469199+00:00] main.DEBUG: cache_invalidate:  {"method":"GET","url":"http:/","invalidateInfo":{"identifier":"DB_PDO_MYSQL_DDL_catalog_product_index_eav_outdated_2"}} []
[2026-04-21T08:08:36.469850+00:00] main.DEBUG: cache_invalidate:  {"method":"GET","url":"http:/","invalidateInfo":{"identifier":"DB_PDO_MYSQL_DDL_catalog_product_index_eav_outdated_3"}} []
[2026-04-21T08:08:36.470493+00:00] main.DEBUG: cache_invalidate:  {"method":"GET","url":"http:/","invalidateInfo":{"identifier":"DB_PDO_MYSQL_DDL_catalog_product_index_eav_outdated_4"}} []
[2026-04-21T08:08:36.471156+00:00] main.DEBUG: cache_invalidate:  {"method":"GET","url":"http:/","invalidateInfo":{"identifier":"DB_PDO_MYSQL_DDL_catalog_product_index_eav_outdated_5"}} []
[2026-04-21T08:08:36.471827+00:00] main.DEBUG: cache_invalidate:  {"method":"GET","url":"http:/","invalidateInfo":{"identifier":"DB_PDO_MYSQL_DDL_catalog_product_index_eav_replica_1"}} []
[2026-04-21T08:08:36.472456+00:00] main.DEBUG: cache_invalidate:  {"method":"GET","url":"http:/","invalidateInfo":{"identifier":"DB_PDO_MYSQL_DDL_catalog_product_index_eav_replica_2"}} []
[2026-04-21T08:08:36.473116+00:00] main.DEBUG: cache_invalidate:  {"method":"GET","url":"http:/","invalidateInfo":{"identifier":"DB_PDO_MYSQL_DDL_catalog_product_index_eav_replica_3"}} []
[2026-04-21T08:08:36.473758+00:00] main.DEBUG: cache_invalidate:  {"method":"GET","url":"http:/","invalidateInfo":{"identifier":"DB_PDO_MYSQL_DDL_catalog_product_index_eav_replica_4"}} []
[2026-04-21T08:08:36.474421+00:00] main.DEBUG: cache_invalidate:  {"method":"GET","url":"http:/","invalidateInfo":{"identifier":"DB_PDO_MYSQL_DDL_catalog_product_index_eav_replica_5"}} []
[2026-04-21T08:08:36.577199+00:00] main.DEBUG: cache_invalidate:  {"method":"GET","url":"http:/","invalidateInfo":{"identifier":"DB_PDO_MYSQL_DDL_catalog_product_index_eav_decimal_1"}} []
[2026-04-21T08:08:36.578244+00:00] main.DEBUG: cache_invalidate:  {"method":"GET","url":"http:/","invalidateInfo":{"identifier":"DB_PDO_MYSQL_DDL_catalog_product_index_eav_decimal_2"}} []
[2026-04-21T08:08:36.579057+00:00] main.DEBUG: cache_invalidate:  {"method":"GET","url":"http:/","invalidateInfo":{"identifier":"DB_PDO_MYSQL_DDL_catalog_product_index_eav_decimal_3"}} []
[2026-04-21T08:08:36.579849+00:00] main.DEBUG: cache_invalidate:  {"method":"GET","url":"http:/","invalidateInfo":{"identifier":"DB_PDO_MYSQL_DDL_catalog_product_index_eav_decimal_4"}} []
[2026-04-21T08:08:36.580484+00:00] main.DEBUG: cache_invalidate:  {"method":"GET","url":"http:/","invalidateInfo":{"identifier":"DB_PDO_MYSQL_DDL_catalog_product_index_eav_decimal_5"}} []
[2026-04-21T08:08:36.581096+00:00] main.DEBUG: cache_invalidate:  {"method":"GET","url":"http:/","invalidateInfo":{"identifier":"DB_PDO_MYSQL_DDL_catalog_product_index_eav_decimal_outdated_1"}} []
[2026-04-21T08:08:36.581667+00:00] main.DEBUG: cache_invalidate:  {"method":"GET","url":"http:/","invalidateInfo":{"identifier":"DB_PDO_MYSQL_DDL_catalog_product_index_eav_decimal_outdated_2"}} []
[2026-04-21T08:08:36.582240+00:00] main.DEBUG: cache_invalidate:  {"method":"GET","url":"http:/","invalidateInfo":{"identifier":"DB_PDO_MYSQL_DDL_catalog_product_index_eav_decimal_outdated_3"}} []
[2026-04-21T08:08:36.582791+00:00] main.DEBUG: cache_invalidate:  {"method":"GET","url":"http:/","invalidateInfo":{"identifier":"DB_PDO_MYSQL_DDL_catalog_product_index_eav_decimal_outdated_4"}} []
[2026-04-21T08:08:36.583324+00:00] main.DEBUG: cache_invalidate:  {"method":"GET","url":"http:/","invalidateInfo":{"identifier":"DB_PDO_MYSQL_DDL_catalog_product_index_eav_decimal_outdated_5"}} []
[2026-04-21T08:08:36.583931+00:00] main.DEBUG: cache_invalidate:  {"method":"GET","url":"http:/","invalidateInfo":{"identifier":"DB_PDO_MYSQL_DDL_catalog_product_index_eav_decimal_replica_1"}} []
[2026-04-21T08:08:36.584516+00:00] main.DEBUG: cache_invalidate:  {"method":"GET","url":"http:/","invalidateInfo":{"identifier":"DB_PDO_MYSQL_DDL_catalog_product_index_eav_decimal_replica_2"}} []
[2026-04-21T08:08:36.585339+00:00] main.DEBUG: cache_invalidate:  {"method":"GET","url":"http:/","invalidateInfo":{"identifier":"DB_PDO_MYSQL_DDL_catalog_product_index_eav_decimal_replica_3"}} []
[2026-04-21T08:08:36.585963+00:00] main.DEBUG: cache_invalidate:  {"method":"GET","url":"http:/","invalidateInfo":{"identifier":"DB_PDO_MYSQL_DDL_catalog_product_index_eav_decimal_replica_4"}} []
[2026-04-21T08:08:36.586597+00:00] main.DEBUG: cache_invalidate:  {"method":"GET","url":"http:/","invalidateInfo":{"identifier":"DB_PDO_MYSQL_DDL_catalog_product_index_eav_decimal_replica_5"}} []
[2026-04-21T08:08:36.587524+00:00] main.DEBUG: cache_invalidate:  {"method":"GET","url":"http:/","invalidateInfo":{"tags":["cat_c","FPC"],"mode":"matchingTag"}} []
[2026-04-21T08:08:36.588063+00:00] main.DEBUG: cache_invalidate:  {"method":"GET","url":"http:/","invalidateInfo":{"tags":["cat_p","FPC"],"mode":"matchingTag"}} []
[2026-04-21T08:08:36.588730+00:00] main.DEBUG: cache_invalidate:  {"method":"GET","url":"http:/","invalidateInfo":{"tags":["cat_c","cat_p"],"mode":"matchingAnyTag"}} []
[2026-04-21T08:08:36.925681+00:00] main.DEBUG: cache_invalidate:  {"method":"GET","url":"http:/","invalidateInfo":{"identifier":"DB_PDO_MYSQL_DDL_catalog_product_index_price_1"}} []
[2026-04-21T08:08:36.926506+00:00] main.DEBUG: cache_invalidate:  {"method":"GET","url":"http:/","invalidateInfo":{"identifier":"DB_PDO_MYSQL_DDL_catalog_product_index_price_2"}} []
[2026-04-21T08:08:36.927240+00:00] main.DEBUG: cache_invalidate:  {"method":"GET","url":"http:/","invalidateInfo":{"identifier":"DB_PDO_MYSQL_DDL_catalog_product_index_price_3"}} []
[2026-04-21T08:08:36.927923+00:00] main.DEBUG: cache_invalidate:  {"method":"GET","url":"http:/","invalidateInfo":{"identifier":"DB_PDO_MYSQL_DDL_catalog_product_index_price_4"}} []
[2026-04-21T08:08:36.928572+00:00] main.DEBUG: cache_invalidate:  {"method":"GET","url":"http:/","invalidateInfo":{"identifier":"DB_PDO_MYSQL_DDL_catalog_product_index_price_5"}} []
[2026-04-21T08:08:36.929636+00:00] main.DEBUG: cache_invalidate:  {"method":"GET","url":"http:/","invalidateInfo":{"identifier":"DB_PDO_MYSQL_DDL_catalog_product_index_price_outdated_1"}} []
[2026-04-21T08:08:36.930356+00:00] main.DEBUG: cache_invalidate:  {"method":"GET","url":"http:/","invalidateInfo":{"identifier":"DB_PDO_MYSQL_DDL_catalog_product_index_price_outdated_2"}} []
[2026-04-21T08:08:36.931025+00:00] main.DEBUG: cache_invalidate:  {"method":"GET","url":"http:/","invalidateInfo":{"identifier":"DB_PDO_MYSQL_DDL_catalog_product_index_price_outdated_3"}} []
[2026-04-21T08:08:36.931692+00:00] main.DEBUG: cache_invalidate:  {"method":"GET","url":"http:/","invalidateInfo":{"identifier":"DB_PDO_MYSQL_DDL_catalog_product_index_price_outdated_4"}} []
[2026-04-21T08:08:36.932342+00:00] main.DEBUG: cache_invalidate:  {"method":"GET","url":"http:/","invalidateInfo":{"identifier":"DB_PDO_MYSQL_DDL_catalog_product_index_price_outdated_5"}} []
[2026-04-21T08:08:36.933024+00:00] main.DEBUG: cache_invalidate:  {"method":"GET","url":"http:/","invalidateInfo":{"identifier":"DB_PDO_MYSQL_DDL_catalog_product_index_price_replica_1"}} []
[2026-04-21T08:08:36.933672+00:00] main.DEBUG: cache_invalidate:  {"method":"GET","url":"http:/","invalidateInfo":{"identifier":"DB_PDO_MYSQL_DDL_catalog_product_index_price_replica_2"}} []
[2026-04-21T08:08:36.934337+00:00] main.DEBUG: cache_invalidate:  {"method":"GET","url":"http:/","invalidateInfo":{"identifier":"DB_PDO_MYSQL_DDL_catalog_product_index_price_replica_3"}} []
[2026-04-21T08:08:36.934914+00:00] main.DEBUG: cache_invalidate:  {"method":"GET","url":"http:/","invalidateInfo":{"identifier":"DB_PDO_MYSQL_DDL_catalog_product_index_price_replica_4"}} []
[2026-04-21T08:08:36.935499+00:00] main.DEBUG: cache_invalidate:  {"method":"GET","url":"http:/","invalidateInfo":{"identifier":"DB_PDO_MYSQL_DDL_catalog_product_index_price_replica_5"}} []
[2026-04-21T08:08:36.936501+00:00] main.DEBUG: cache_invalidate:  {"method":"GET","url":"http:/","invalidateInfo":{"tags":["cat_c","FPC"],"mode":"matchingTag"}} []
[2026-04-21T08:08:36.937138+00:00] main.DEBUG: cache_invalidate:  {"method":"GET","url":"http:/","invalidateInfo":{"tags":["cat_p","FPC"],"mode":"matchingTag"}} []
[2026-04-21T08:08:36.937857+00:00] main.DEBUG: cache_invalidate:  {"method":"GET","url":"http:/","invalidateInfo":{"tags":["cat_c","cat_p"],"mode":"matchingAnyTag"}} []
[2026-04-21T08:08:38.019711+00:00] main.INFO: {"feed":"salesOrders","operation":"full reindex(legacy)","status":"Initialize","elapsed":"00:00:00 826 ms","pid":"1843","caller":"bin\/magento indexer:reindex"} [] []
[2026-04-21T08:08:38.068451+00:00] main.DEBUG: cache_invalidate:  {"method":"GET","url":"http:/","invalidateInfo":{"identifier":"DB_PDO_MYSQL_DDL_sales_data_exporter_orders_index_sequence_1"}} []
[2026-04-21T08:08:38.069095+00:00] main.DEBUG: cache_invalidate:  {"method":"GET","url":"http:/","invalidateInfo":{"identifier":"DB_PDO_MYSQL_DDL_sales_data_exporter_orders_index_sequence_2"}} []
[2026-04-21T08:08:38.069597+00:00] main.DEBUG: cache_invalidate:  {"method":"GET","url":"http:/","invalidateInfo":{"identifier":"DB_PDO_MYSQL_DDL_sales_data_exporter_orders_index_sequence_3"}} []
[2026-04-21T08:08:38.070121+00:00] main.DEBUG: cache_invalidate:  {"method":"GET","url":"http:/","invalidateInfo":{"identifier":"DB_PDO_MYSQL_DDL_sales_data_exporter_orders_index_sequence_4"}} []
[2026-04-21T08:08:38.070586+00:00] main.DEBUG: cache_invalidate:  {"method":"GET","url":"http:/","invalidateInfo":{"identifier":"DB_PDO_MYSQL_DDL_sales_data_exporter_orders_index_sequence_5"}} []
[2026-04-21T08:08:38.100291+00:00] main.DEBUG: cache_invalidate:  {"method":"GET","url":"http:/","invalidateInfo":{"identifier":"DB_PDO_MYSQL_DDL_sales_data_exporter_orders_index_sequence_1"}} []
[2026-04-21T08:08:38.100931+00:00] main.DEBUG: cache_invalidate:  {"method":"GET","url":"http:/","invalidateInfo":{"identifier":"DB_PDO_MYSQL_DDL_sales_data_exporter_orders_index_sequence_2"}} []
[2026-04-21T08:08:38.101450+00:00] main.DEBUG: cache_invalidate:  {"method":"GET","url":"http:/","invalidateInfo":{"identifier":"DB_PDO_MYSQL_DDL_sales_data_exporter_orders_index_sequence_3"}} []
[2026-04-21T08:08:38.101915+00:00] main.DEBUG: cache_invalidate:  {"method":"GET","url":"http:/","invalidateInfo":{"identifier":"DB_PDO_MYSQL_DDL_sales_data_exporter_orders_index_sequence_4"}} []
[2026-04-21T08:08:38.102338+00:00] main.DEBUG: cache_invalidate:  {"method":"GET","url":"http:/","invalidateInfo":{"identifier":"DB_PDO_MYSQL_DDL_sales_data_exporter_orders_index_sequence_5"}} []
[2026-04-21T08:08:38.109544+00:00] main.INFO: {"feed":"salesOrders","operation":"full reindex(legacy)","status":"Creating batch table `sales_data_exporter_orders_index_batches`. Start position: 0","elapsed":"00:00:01 916 ms","pid":"1843","caller":"bin\/magento indexer:reindex"} [] []
[2026-04-21T08:08:38.131058+00:00] main.DEBUG: cache_invalidate:  {"method":"GET","url":"http:/","invalidateInfo":{"identifier":"DB_PDO_MYSQL_DDL_sales_data_exporter_orders_index_batches_1"}} []
[2026-04-21T08:08:38.131575+00:00] main.DEBUG: cache_invalidate:  {"method":"GET","url":"http:/","invalidateInfo":{"identifier":"DB_PDO_MYSQL_DDL_sales_data_exporter_orders_index_batches_2"}} []
[2026-04-21T08:08:38.132061+00:00] main.DEBUG: cache_invalidate:  {"method":"GET","url":"http:/","invalidateInfo":{"identifier":"DB_PDO_MYSQL_DDL_sales_data_exporter_orders_index_batches_3"}} []
[2026-04-21T08:08:38.132479+00:00] main.DEBUG: cache_invalidate:  {"method":"GET","url":"http:/","invalidateInfo":{"identifier":"DB_PDO_MYSQL_DDL_sales_data_exporter_orders_index_batches_4"}} []
[2026-04-21T08:08:38.132922+00:00] main.DEBUG: cache_invalidate:  {"method":"GET","url":"http:/","invalidateInfo":{"identifier":"DB_PDO_MYSQL_DDL_sales_data_exporter_orders_index_batches_5"}} []
[2026-04-21T08:08:38.166230+00:00] main.DEBUG: cache_invalidate:  {"method":"GET","url":"http:/","invalidateInfo":{"identifier":"DB_PDO_MYSQL_DDL_sales_data_exporter_orders_index_batches_1"}} []
[2026-04-21T08:08:38.166774+00:00] main.DEBUG: cache_invalidate:  {"method":"GET","url":"http:/","invalidateInfo":{"identifier":"DB_PDO_MYSQL_DDL_sales_data_exporter_orders_index_batches_2"}} []
[2026-04-21T08:08:38.167230+00:00] main.DEBUG: cache_invalidate:  {"method":"GET","url":"http:/","invalidateInfo":{"identifier":"DB_PDO_MYSQL_DDL_sales_data_exporter_orders_index_batches_3"}} []
[2026-04-21T08:08:38.167663+00:00] main.DEBUG: cache_invalidate:  {"method":"GET","url":"http:/","invalidateInfo":{"identifier":"DB_PDO_MYSQL_DDL_sales_data_exporter_orders_index_batches_4"}} []
[2026-04-21T08:08:38.168089+00:00] main.DEBUG: cache_invalidate:  {"method":"GET","url":"http:/","invalidateInfo":{"identifier":"DB_PDO_MYSQL_DDL_sales_data_exporter_orders_index_batches_5"}} []
[2026-04-21T08:08:38.178411+00:00] main.INFO: {"feed":"salesOrders","operation":"full reindex(legacy)","status":"Batch table `sales_data_exporter_orders_index_batches` created. Total Items: 0, batches: ~0","elapsed":"00:00:01 985 ms","pid":"1843","caller":"bin\/magento indexer:reindex"} [] []
[2026-04-21T08:08:38.178745+00:00] main.INFO: {"feed":"salesOrders","operation":"full reindex(legacy)","status":"nothing to process - no items to sync. Not expected? Are there any items in source table `sales_order`?","elapsed":"00:00:01 985 ms","pid":"1843","caller":"bin\/magento indexer:reindex"} [] []
[2026-04-21T08:08:38.181316+00:00] main.INFO: {"feed":"salesOrders","operation":"full reindex(legacy)","status":"Complete","elapsed":"00:00:01 988 ms","pid":"1843","caller":"bin\/magento indexer:reindex"} [] []
[2026-04-21T08:08:38.214663+00:00] main.INFO: {"feed":"salesOrderStatuses","operation":"full reindex(legacy)","status":"Initialize","elapsed":"216 ms","pid":"1843","caller":"bin\/magento indexer:reindex"} [] []
[2026-04-21T08:08:38.278659+00:00] main.DEBUG: cache_invalidate:  {"method":"GET","url":"http:/","invalidateInfo":{"identifier":"DB_PDO_MYSQL_DDL_sales_data_exporter_order_statuses_index_sequence_1"}} []
[2026-04-21T08:08:38.279205+00:00] main.DEBUG: cache_invalidate:  {"method":"GET","url":"http:/","invalidateInfo":{"identifier":"DB_PDO_MYSQL_DDL_sales_data_exporter_order_statuses_index_sequence_2"}} []
[2026-04-21T08:08:38.279670+00:00] main.DEBUG: cache_invalidate:  {"method":"GET","url":"http:/","invalidateInfo":{"identifier":"DB_PDO_MYSQL_DDL_sales_data_exporter_order_statuses_index_sequence_3"}} []
[2026-04-21T08:08:38.280104+00:00] main.DEBUG: cache_invalidate:  {"method":"GET","url":"http:/","invalidateInfo":{"identifier":"DB_PDO_MYSQL_DDL_sales_data_exporter_order_statuses_index_sequence_4"}} []
[2026-04-21T08:08:38.280507+00:00] main.DEBUG: cache_invalidate:  {"method":"GET","url":"http:/","invalidateInfo":{"identifier":"DB_PDO_MYSQL_DDL_sales_data_exporter_order_statuses_index_sequence_5"}} []
[2026-04-21T08:08:38.311100+00:00] main.DEBUG: cache_invalidate:  {"method":"GET","url":"http:/","invalidateInfo":{"identifier":"DB_PDO_MYSQL_DDL_sales_data_exporter_order_statuses_index_sequence_1"}} []
[2026-04-21T08:08:38.311589+00:00] main.DEBUG: cache_invalidate:  {"method":"GET","url":"http:/","invalidateInfo":{"identifier":"DB_PDO_MYSQL_DDL_sales_data_exporter_order_statuses_index_sequence_2"}} []
[2026-04-21T08:08:38.312062+00:00] main.DEBUG: cache_invalidate:  {"method":"GET","url":"http:/","invalidateInfo":{"identifier":"DB_PDO_MYSQL_DDL_sales_data_exporter_order_statuses_index_sequence_3"}} []
[2026-04-21T08:08:38.312484+00:00] main.DEBUG: cache_invalidate:  {"method":"GET","url":"http:/","invalidateInfo":{"identifier":"DB_PDO_MYSQL_DDL_sales_data_exporter_order_statuses_index_sequence_4"}} []
[2026-04-21T08:08:38.312927+00:00] main.DEBUG: cache_invalidate:  {"method":"GET","url":"http:/","invalidateInfo":{"identifier":"DB_PDO_MYSQL_DDL_sales_data_exporter_order_statuses_index_sequence_5"}} []
[2026-04-21T08:08:38.315779+00:00] main.INFO: {"feed":"salesOrderStatuses","operation":"full reindex(legacy)","status":"Creating batch table `sales_data_exporter_order_statuses_index_batches`. Start position: ","elapsed":"317 ms","pid":"1843","caller":"bin\/magento indexer:reindex"} [] []
[2026-04-21T08:08:38.338753+00:00] main.DEBUG: cache_invalidate:  {"method":"GET","url":"http:/","invalidateInfo":{"identifier":"DB_PDO_MYSQL_DDL_sales_data_exporter_order_statuses_index_batches_1"}} []
[2026-04-21T08:08:38.339316+00:00] main.DEBUG: cache_invalidate:  {"method":"GET","url":"http:/","invalidateInfo":{"identifier":"DB_PDO_MYSQL_DDL_sales_data_exporter_order_statuses_index_batches_2"}} []
[2026-04-21T08:08:38.339869+00:00] main.DEBUG: cache_invalidate:  {"method":"GET","url":"http:/","invalidateInfo":{"identifier":"DB_PDO_MYSQL_DDL_sales_data_exporter_order_statuses_index_batches_3"}} []
[2026-04-21T08:08:38.340339+00:00] main.DEBUG: cache_invalidate:  {"method":"GET","url":"http:/","invalidateInfo":{"identifier":"DB_PDO_MYSQL_DDL_sales_data_exporter_order_statuses_index_batches_4"}} []
[2026-04-21T08:08:38.340796+00:00] main.DEBUG: cache_invalidate:  {"method":"GET","url":"http:/","invalidateInfo":{"identifier":"DB_PDO_MYSQL_DDL_sales_data_exporter_order_statuses_index_batches_5"}} []
[2026-04-21T08:08:38.379992+00:00] main.DEBUG: cache_invalidate:  {"method":"GET","url":"http:/","invalidateInfo":{"identifier":"DB_PDO_MYSQL_DDL_sales_data_exporter_order_statuses_index_batches_1"}} []
[2026-04-21T08:08:38.380495+00:00] main.DEBUG: cache_invalidate:  {"method":"GET","url":"http:/","invalidateInfo":{"identifier":"DB_PDO_MYSQL_DDL_sales_data_exporter_order_statuses_index_batches_2"}} []
[2026-04-21T08:08:38.380965+00:00] main.DEBUG: cache_invalidate:  {"method":"GET","url":"http:/","invalidateInfo":{"identifier":"DB_PDO_MYSQL_DDL_sales_data_exporter_order_statuses_index_batches_3"}} []
[2026-04-21T08:08:38.381386+00:00] main.DEBUG: cache_invalidate:  {"method":"GET","url":"http:/","invalidateInfo":{"identifier":"DB_PDO_MYSQL_DDL_sales_data_exporter_order_statuses_index_batches_4"}} []
[2026-04-21T08:08:38.381834+00:00] main.DEBUG: cache_invalidate:  {"method":"GET","url":"http:/","invalidateInfo":{"identifier":"DB_PDO_MYSQL_DDL_sales_data_exporter_order_statuses_index_batches_5"}} []
[2026-04-21T08:08:38.385569+00:00] main.INFO: {"feed":"salesOrderStatuses","operation":"full reindex(legacy)","status":"Batch table `sales_data_exporter_order_statuses_index_batches` created. Total Items: 12, batches: ~0","elapsed":"387 ms","pid":"1843","caller":"bin\/magento indexer:reindex"} [] []
[2026-04-21T08:08:38.385924+00:00] main.INFO: {"feed":"salesOrderStatuses","operation":"full reindex(legacy)","status":"start processing `12` items in `1` threads with `100` batch size","elapsed":"387 ms","pid":"1843","caller":"bin\/magento indexer:reindex"} [] []
[2026-04-21T08:08:38.408207+00:00] main.INFO: {"feed":"salesOrderStatuses","operation":"full reindex(legacy)","status":"Progress 1\/1, processed 12, synced 12","elapsed":"410 ms","pid":"1843","caller":"bin\/magento indexer:reindex"} [] []
[2026-04-21T08:08:38.419426+00:00] main.INFO: {"feed":"salesOrderStatuses","operation":"full reindex(legacy)","status":"Complete","elapsed":"421 ms","pid":"1843","caller":"bin\/magento indexer:reindex"} [] []
[2026-04-21T08:08:38.453666+00:00] main.INFO: {"feed":"stores","operation":"full reindex(legacy)","status":"Initialize","elapsed":"694 ms","pid":"1843","caller":"bin\/magento indexer:reindex"} [] []
[2026-04-21T08:08:38.511428+00:00] main.DEBUG: cache_invalidate:  {"method":"GET","url":"http:/","invalidateInfo":{"identifier":"DB_PDO_MYSQL_DDL_stores_data_exporter_index_sequence_1"}} []
[2026-04-21T08:08:38.512042+00:00] main.DEBUG: cache_invalidate:  {"method":"GET","url":"http:/","invalidateInfo":{"identifier":"DB_PDO_MYSQL_DDL_stores_data_exporter_index_sequence_2"}} []
[2026-04-21T08:08:38.512530+00:00] main.DEBUG: cache_invalidate:  {"method":"GET","url":"http:/","invalidateInfo":{"identifier":"DB_PDO_MYSQL_DDL_stores_data_exporter_index_sequence_3"}} []
[2026-04-21T08:08:38.513051+00:00] main.DEBUG: cache_invalidate:  {"method":"GET","url":"http:/","invalidateInfo":{"identifier":"DB_PDO_MYSQL_DDL_stores_data_exporter_index_sequence_4"}} []
[2026-04-21T08:08:38.513535+00:00] main.DEBUG: cache_invalidate:  {"method":"GET","url":"http:/","invalidateInfo":{"identifier":"DB_PDO_MYSQL_DDL_stores_data_exporter_index_sequence_5"}} []
[2026-04-21T08:08:38.545413+00:00] main.DEBUG: cache_invalidate:  {"method":"GET","url":"http:/","invalidateInfo":{"identifier":"DB_PDO_MYSQL_DDL_stores_data_exporter_index_sequence_1"}} []
[2026-04-21T08:08:38.545905+00:00] main.DEBUG: cache_invalidate:  {"method":"GET","url":"http:/","invalidateInfo":{"identifier":"DB_PDO_MYSQL_DDL_stores_data_exporter_index_sequence_2"}} []
[2026-04-21T08:08:38.546347+00:00] main.DEBUG: cache_invalidate:  {"method":"GET","url":"http:/","invalidateInfo":{"identifier":"DB_PDO_MYSQL_DDL_stores_data_exporter_index_sequence_3"}} []
[2026-04-21T08:08:38.546786+00:00] main.DEBUG: cache_invalidate:  {"method":"GET","url":"http:/","invalidateInfo":{"identifier":"DB_PDO_MYSQL_DDL_stores_data_exporter_index_sequence_4"}} []
[2026-04-21T08:08:38.547205+00:00] main.DEBUG: cache_invalidate:  {"method":"GET","url":"http:/","invalidateInfo":{"identifier":"DB_PDO_MYSQL_DDL_stores_data_exporter_index_sequence_5"}} []
[2026-04-21T08:08:38.550454+00:00] main.INFO: {"feed":"stores","operation":"full reindex(legacy)","status":"Creating batch table `stores_data_exporter_index_batches`. Start position: 0","elapsed":"791 ms","pid":"1843","caller":"bin\/magento indexer:reindex"} [] []
[2026-04-21T08:08:38.581089+00:00] main.DEBUG: cache_invalidate:  {"method":"GET","url":"http:/","invalidateInfo":{"identifier":"DB_PDO_MYSQL_DDL_stores_data_exporter_index_batches_1"}} []
[2026-04-21T08:08:38.581776+00:00] main.DEBUG: cache_invalidate:  {"method":"GET","url":"http:/","invalidateInfo":{"identifier":"DB_PDO_MYSQL_DDL_stores_data_exporter_index_batches_2"}} []
[2026-04-21T08:08:38.582310+00:00] main.DEBUG: cache_invalidate:  {"method":"GET","url":"http:/","invalidateInfo":{"identifier":"DB_PDO_MYSQL_DDL_stores_data_exporter_index_batches_3"}} []
[2026-04-21T08:08:38.582863+00:00] main.DEBUG: cache_invalidate:  {"method":"GET","url":"http:/","invalidateInfo":{"identifier":"DB_PDO_MYSQL_DDL_stores_data_exporter_index_batches_4"}} []
[2026-04-21T08:08:38.583432+00:00] main.DEBUG: cache_invalidate:  {"method":"GET","url":"http:/","invalidateInfo":{"identifier":"DB_PDO_MYSQL_DDL_stores_data_exporter_index_batches_5"}} []
[2026-04-21T08:08:38.612712+00:00] main.DEBUG: cache_invalidate:  {"method":"GET","url":"http:/","invalidateInfo":{"identifier":"DB_PDO_MYSQL_DDL_stores_data_exporter_index_batches_1"}} []
[2026-04-21T08:08:38.613320+00:00] main.DEBUG: cache_invalidate:  {"method":"GET","url":"http:/","invalidateInfo":{"identifier":"DB_PDO_MYSQL_DDL_stores_data_exporter_index_batches_2"}} []
[2026-04-21T08:08:38.613861+00:00] main.DEBUG: cache_invalidate:  {"method":"GET","url":"http:/","invalidateInfo":{"identifier":"DB_PDO_MYSQL_DDL_stores_data_exporter_index_batches_3"}} []
[2026-04-21T08:08:38.614365+00:00] main.DEBUG: cache_invalidate:  {"method":"GET","url":"http:/","invalidateInfo":{"identifier":"DB_PDO_MYSQL_DDL_stores_data_exporter_index_batches_4"}} []
[2026-04-21T08:08:38.614902+00:00] main.DEBUG: cache_invalidate:  {"method":"GET","url":"http:/","invalidateInfo":{"identifier":"DB_PDO_MYSQL_DDL_stores_data_exporter_index_batches_5"}} []
[2026-04-21T08:08:38.618912+00:00] main.INFO: {"feed":"stores","operation":"full reindex(legacy)","status":"Batch table `stores_data_exporter_index_batches` created. Total Items: 1, batches: ~0","elapsed":"859 ms","pid":"1843","caller":"bin\/magento indexer:reindex"} [] []
[2026-04-21T08:08:38.619255+00:00] main.INFO: {"feed":"stores","operation":"full reindex(legacy)","status":"start processing `1` items in `1` threads with `100` batch size","elapsed":"860 ms","pid":"1843","caller":"bin\/magento indexer:reindex"} [] []
[2026-04-21T08:08:38.636538+00:00] main.INFO: {"feed":"stores","operation":"full reindex(legacy)","status":"Progress 1\/1, processed 1, synced 1","elapsed":"877 ms","pid":"1843","caller":"bin\/magento indexer:reindex"} [] []
[2026-04-21T08:08:38.644587+00:00] main.INFO: {"feed":"stores","operation":"full reindex(legacy)","status":"Complete","elapsed":"885 ms","pid":"1843","caller":"bin\/magento indexer:reindex"} [] []
