[2026-04-21T08:05:43.854412+00:00] main.INFO: Source table payment_services_order_status_data_production_submitted_hash does not exist. Skipping data migration... [] []
[2026-04-21T08:06:03.364028+00:00] main.ERROR: {"feed":"undefined","operation":"undefined","status":"Cannot set indexer to Update On Schedule mode: Invalid entity_type specified: catalog_product","elapsed":"515 ms","pid":"1825","caller":"bin\/magento setup:install --db-host=db --db-name=magento --db-user=magento --db-password=magento"} {"indexer":"catalogsearch_fulltext","exception":"[object] (Magento\\Framework\\Exception\\LocalizedException(code: 0): Invalid entity_type specified: catalog_product at /var/www/html/vendor/magento/module-eav/Model/Config.php:472)"} []
[2026-04-21T08:06:05.500293+00:00] main.DEBUG: cache_invalidate:  {"method":"GET","url":"http:/","invalidateInfo":{"tags":["CONFIG"],"mode":"matchingTag"}} []
[2026-04-21T08:06:05.533374+00:00] main.DEBUG: cache_invalidate:  {"method":"GET","url":"http:/","invalidateInfo":{"tags":["LAYOUT_GENERAL_CACHE_TAG"],"mode":"matchingTag"}} []
[2026-04-21T08:06:05.534949+00:00] main.DEBUG: cache_invalidate:  {"method":"GET","url":"http:/","invalidateInfo":{"tags":["BLOCK_HTML"],"mode":"matchingTag"}} []
[2026-04-21T08:06:05.536806+00:00] main.DEBUG: cache_invalidate:  {"method":"GET","url":"http:/","invalidateInfo":{"tags":["COLLECTION_DATA"],"mode":"matchingTag"}} []
[2026-04-21T08:06:05.538440+00:00] main.DEBUG: cache_invalidate:  {"method":"GET","url":"http:/","invalidateInfo":{"tags":["REFLECTION"],"mode":"matchingTag"}} []
[2026-04-21T08:06:05.539950+00:00] main.DEBUG: cache_invalidate:  {"method":"GET","url":"http:/","invalidateInfo":{"tags":["DB_DDL"],"mode":"matchingTag"}} []
[2026-04-21T08:06:05.541210+00:00] main.DEBUG: cache_invalidate:  {"method":"GET","url":"http:/","invalidateInfo":{"tags":["COMPILED_CONFIG"],"mode":"matchingTag"}} []
[2026-04-21T08:06:05.542289+00:00] main.DEBUG: cache_invalidate:  {"method":"GET","url":"http:/","invalidateInfo":{"tags":["EAV"],"mode":"matchingTag"}} []
[2026-04-21T08:06:05.543325+00:00] main.DEBUG: cache_invalidate:  {"method":"GET","url":"http:/","invalidateInfo":{"tags":["CUSTOMER_NOTIFICATION"],"mode":"matchingTag"}} []
[2026-04-21T08:06:05.544346+00:00] main.DEBUG: cache_invalidate:  {"method":"GET","url":"http:/","invalidateInfo":{"tags":["INTEGRATION"],"mode":"matchingTag"}} []
[2026-04-21T08:06:05.545393+00:00] main.DEBUG: cache_invalidate:  {"method":"GET","url":"http:/","invalidateInfo":{"tags":["INTEGRATION_API_CONFIG"],"mode":"matchingTag"}} []
[2026-04-21T08:06:05.546416+00:00] main.DEBUG: cache_invalidate:  {"method":"GET","url":"http:/","invalidateInfo":{"tags":["GRAPHQL_QUERY_RESOLVER_RESULT"],"mode":"matchingTag"}} []
[2026-04-21T08:06:05.548121+00:00] main.DEBUG: cache_invalidate:  {"method":"GET","url":"http:/","invalidateInfo":{"tags":["FPC"],"mode":"matchingTag"}} []
[2026-04-21T08:06:05.549219+00:00] main.DEBUG: cache_invalidate:  {"method":"GET","url":"http:/","invalidateInfo":{"tags":["WEBSERVICE"],"mode":"matchingTag"}} []
[2026-04-21T08:06:05.550367+00:00] main.DEBUG: cache_invalidate:  {"method":"GET","url":"http:/","invalidateInfo":{"tags":["TRANSLATE"],"mode":"matchingTag"}} []
[2026-04-21T08:06:07.963548+00:00] main.DEBUG: cache_invalidate:  {"method":"GET","url":"http:/","invalidateInfo":{"tags":["BACKEND_MAINMENU"],"mode":"matchingTag"}} []
[2026-04-21T08:06:07.964212+00:00] main.DEBUG: cache_invalidate:  {"method":"GET","url":"http:/","invalidateInfo":{"tags":["user_assigned_role"],"mode":"matchingAnyTag"}} []
[2026-04-21T08:06:08.062061+00:00] main.DEBUG: cache_invalidate:  {"method":"GET","url":"http:/","invalidateInfo":{"tags":["EAV"],"mode":"matchingAnyTag"}} []
[2026-04-21T08:06:08.077202+00:00] main.DEBUG: cache_invalidate:  {"method":"GET","url":"http:/","invalidateInfo":{"tags":["EAV","EAV_ATTRIBUTE"],"mode":"matchingAnyTag"}} []
[2026-04-21T08:06:08.401440+00:00] main.DEBUG: cache_invalidate:  {"method":"GET","url":"http:/","invalidateInfo":{"tags":["EAV","EAV_ATTRIBUTE"],"mode":"matchingAnyTag"}} []
[2026-04-21T08:06:08.679077+00:00] main.DEBUG: cache_invalidate:  {"method":"GET","url":"http:/","invalidateInfo":{"tags":["EAV","EAV_ATTRIBUTE"],"mode":"matchingAnyTag"}} []
[2026-04-21T08:06:08.689831+00:00] main.DEBUG: cache_invalidate:  {"method":"GET","url":"http:/","invalidateInfo":{"tags":["EAV","EAV_ATTRIBUTE"],"mode":"matchingAnyTag"}} []
[2026-04-21T08:06:08.691366+00:00] main.DEBUG: cache_invalidate:  {"method":"GET","url":"http:/","invalidateInfo":{"tags":["EAV","EAV_ATTRIBUTE"],"mode":"matchingAnyTag"}} []
[2026-04-21T08:06:08.692653+00:00] main.DEBUG: cache_invalidate:  {"method":"GET","url":"http:/","invalidateInfo":{"tags":["EAV_ATTRIBUTE"],"mode":"matchingAnyTag"}} []
[2026-04-21T08:06:08.696808+00:00] main.DEBUG: cache_invalidate:  {"method":"GET","url":"http:/","invalidateInfo":{"tags":["EAV_ATTRIBUTE_21","FPC"],"mode":"matchingTag"}} []
[2026-04-21T08:06:08.697590+00:00] main.DEBUG: cache_invalidate:  {"method":"GET","url":"http:/","invalidateInfo":{"tags":["EAV_ENTITY_TYPES_CUSTOMER_ENTITY","FPC"],"mode":"matchingTag"}} []
[2026-04-21T08:06:08.698086+00:00] main.DEBUG: cache_invalidate:  {"method":"GET","url":"http:/","invalidateInfo":{"tags":["EAV_FORM_adminhtml_customer_FORM","FPC"],"mode":"matchingTag"}} []
[2026-04-21T08:06:08.698507+00:00] main.DEBUG: cache_invalidate:  {"method":"GET","url":"http:/","invalidateInfo":{"tags":["EAV_ATTRIBUTE_customer_disable_auto_group_change","FPC"],"mode":"matchingTag"}} []
[2026-04-21T08:06:08.772959+00:00] main.DEBUG: cache_invalidate:  {"method":"GET","url":"http:/","invalidateInfo":{"tags":["EAV","EAV_ATTRIBUTE"],"mode":"matchingAnyTag"}} []
[2026-04-21T08:06:08.775900+00:00] main.DEBUG: cache_invalidate:  {"method":"GET","url":"http:/","invalidateInfo":{"tags":["EAV","EAV_ATTRIBUTE"],"mode":"matchingAnyTag"}} []
[2026-04-21T08:06:08.777120+00:00] main.DEBUG: cache_invalidate:  {"method":"GET","url":"http:/","invalidateInfo":{"tags":["EAV","EAV_ATTRIBUTE"],"mode":"matchingAnyTag"}} []
[2026-04-21T08:06:08.777983+00:00] main.DEBUG: cache_invalidate:  {"method":"GET","url":"http:/","invalidateInfo":{"tags":["EAV_ATTRIBUTE"],"mode":"matchingAnyTag"}} []
[2026-04-21T08:06:08.780730+00:00] main.DEBUG: cache_invalidate:  {"method":"GET","url":"http:/","invalidateInfo":{"tags":["EAV_ATTRIBUTE_36","FPC"],"mode":"matchingTag"}} []
[2026-04-21T08:06:08.781459+00:00] main.DEBUG: cache_invalidate:  {"method":"GET","url":"http:/","invalidateInfo":{"tags":["EAV_ENTITY_TYPES_CUSTOMER_ADDRESS_ENTITY","FPC"],"mode":"matchingTag"}} []
[2026-04-21T08:06:08.782088+00:00] main.DEBUG: cache_invalidate:  {"method":"GET","url":"http:/","invalidateInfo":{"tags":["EAV_FORM_adminhtml_customer_address_FORM","FPC"],"mode":"matchingTag"}} []
[2026-04-21T08:06:08.782556+00:00] main.DEBUG: cache_invalidate:  {"method":"GET","url":"http:/","invalidateInfo":{"tags":["EAV_FORM_customer_address_edit_FORM","FPC"],"mode":"matchingTag"}} []
[2026-04-21T08:06:08.783031+00:00] main.DEBUG: cache_invalidate:  {"method":"GET","url":"http:/","invalidateInfo":{"tags":["EAV_FORM_customer_register_address_FORM","FPC"],"mode":"matchingTag"}} []
[2026-04-21T08:06:08.783424+00:00] main.DEBUG: cache_invalidate:  {"method":"GET","url":"http:/","invalidateInfo":{"tags":["EAV_ATTRIBUTE_customer_address_vat_id","FPC"],"mode":"matchingTag"}} []
[2026-04-21T08:06:08.788432+00:00] main.DEBUG: cache_invalidate:  {"method":"GET","url":"http:/","invalidateInfo":{"tags":["EAV","EAV_ATTRIBUTE"],"mode":"matchingAnyTag"}} []
[2026-04-21T08:06:08.792288+00:00] main.DEBUG: cache_invalidate:  {"method":"GET","url":"http:/","invalidateInfo":{"tags":["EAV","EAV_ATTRIBUTE"],"mode":"matchingAnyTag"}} []
[2026-04-21T08:06:08.805176+00:00] main.DEBUG: cache_invalidate:  {"method":"GET","url":"http:/","invalidateInfo":{"tags":["EAV_ATTRIBUTE_21","FPC"],"mode":"matchingTag"}} []
[2026-04-21T08:06:08.805806+00:00] main.DEBUG: cache_invalidate:  {"method":"GET","url":"http:/","invalidateInfo":{"tags":["EAV_ATTRIBUTE_customer_disable_auto_group_change","FPC"],"mode":"matchingTag"}} []
[2026-04-21T08:06:08.807525+00:00] main.DEBUG: cache_invalidate:  {"method":"GET","url":"http:/","invalidateInfo":{"tags":["EAV_ATTRIBUTE_36","FPC"],"mode":"matchingTag"}} []
[2026-04-21T08:06:08.808807+00:00] main.DEBUG: cache_invalidate:  {"method":"GET","url":"http:/","invalidateInfo":{"tags":["EAV_ATTRIBUTE_customer_address_vat_id","FPC"],"mode":"matchingTag"}} []
[2026-04-21T08:06:08.841210+00:00] main.DEBUG: cache_invalidate:  {"method":"GET","url":"http:/","invalidateInfo":{"tags":["EAV","EAV_ATTRIBUTE"],"mode":"matchingAnyTag"}} []
[2026-04-21T08:06:08.843629+00:00] main.DEBUG: cache_invalidate:  {"method":"GET","url":"http:/","invalidateInfo":{"tags":["EAV","EAV_ATTRIBUTE"],"mode":"matchingAnyTag"}} []
[2026-04-21T08:06:08.844641+00:00] main.DEBUG: cache_invalidate:  {"method":"GET","url":"http:/","invalidateInfo":{"tags":["EAV","EAV_ATTRIBUTE"],"mode":"matchingAnyTag"}} []
[2026-04-21T08:06:08.845444+00:00] main.DEBUG: cache_invalidate:  {"method":"GET","url":"http:/","invalidateInfo":{"tags":["EAV_ATTRIBUTE"],"mode":"matchingAnyTag"}} []
[2026-04-21T08:06:08.848370+00:00] main.DEBUG: cache_invalidate:  {"method":"GET","url":"http:/","invalidateInfo":{"tags":["EAV_ATTRIBUTE_1","FPC"],"mode":"matchingTag"}} []
[2026-04-21T08:06:08.848876+00:00] main.DEBUG: cache_invalidate:  {"method":"GET","url":"http:/","invalidateInfo":{"tags":["EAV_ENTITY_TYPES_CUSTOMER_ENTITY","FPC"],"mode":"matchingTag"}} []
[2026-04-21T08:06:08.849304+00:00] main.DEBUG: cache_invalidate:  {"method":"GET","url":"http:/","invalidateInfo":{"tags":["EAV_FORM_adminhtml_customer_FORM","FPC"],"mode":"matchingTag"}} []
[2026-04-21T08:06:08.849725+00:00] main.DEBUG: cache_invalidate:  {"method":"GET","url":"http:/","invalidateInfo":{"tags":["EAV_ATTRIBUTE_customer_website_id","FPC"],"mode":"matchingTag"}} []
[2026-04-21T08:06:08.863705+00:00] main.DEBUG: cache_invalidate:  {"method":"GET","url":"http:/","invalidateInfo":{"tags":["EAV","EAV_ATTRIBUTE"],"mode":"matchingAnyTag"}} []
[2026-04-21T08:06:08.866043+00:00] main.DEBUG: cache_invalidate:  {"method":"GET","url":"http:/","invalidateInfo":{"tags":["EAV","EAV_ATTRIBUTE"],"mode":"matchingAnyTag"}} []
[2026-04-21T08:06:08.867076+00:00] main.DEBUG: cache_invalidate:  {"method":"GET","url":"http:/","invalidateInfo":{"tags":["EAV","EAV_ATTRIBUTE"],"mode":"matchingAnyTag"}} []
[2026-04-21T08:06:08.867952+00:00] main.DEBUG: cache_invalidate:  {"method":"GET","url":"http:/","invalidateInfo":{"tags":["EAV_ATTRIBUTE"],"mode":"matchingAnyTag"}} []
[2026-04-21T08:06:08.872087+00:00] main.DEBUG: cache_invalidate:  {"method":"GET","url":"http:/","invalidateInfo":{"tags":["EAV_ATTRIBUTE_3","FPC"],"mode":"matchingTag"}} []
[2026-04-21T08:06:08.872877+00:00] main.DEBUG: cache_invalidate:  {"method":"GET","url":"http:/","invalidateInfo":{"tags":["EAV_ENTITY_TYPES_CUSTOMER_ENTITY","FPC"],"mode":"matchingTag"}} []
[2026-04-21T08:06:08.873658+00:00] main.DEBUG: cache_invalidate:  {"method":"GET","url":"http:/","invalidateInfo":{"tags":["EAV_FORM_adminhtml_customer_FORM","FPC"],"mode":"matchingTag"}} []
[2026-04-21T08:06:08.874431+00:00] main.DEBUG: cache_invalidate:  {"method":"GET","url":"http:/","invalidateInfo":{"tags":["EAV_ATTRIBUTE_customer_created_in","FPC"],"mode":"matchingTag"}} []
[2026-04-21T08:06:08.890320+00:00] main.DEBUG: cache_invalidate:  {"method":"GET","url":"http:/","invalidateInfo":{"tags":["EAV","EAV_ATTRIBUTE"],"mode":"matchingAnyTag"}} []
[2026-04-21T08:06:08.892910+00:00] main.DEBUG: cache_invalidate:  {"method":"GET","url":"http:/","invalidateInfo":{"tags":["EAV","EAV_ATTRIBUTE"],"mode":"matchingAnyTag"}} []
[2026-04-21T08:06:08.894434+00:00] main.DEBUG: cache_invalidate:  {"method":"GET","url":"http:/","invalidateInfo":{"tags":["EAV","EAV_ATTRIBUTE"],"mode":"matchingAnyTag"}} []
[2026-04-21T08:06:08.895328+00:00] main.DEBUG: cache_invalidate:  {"method":"GET","url":"http:/","invalidateInfo":{"tags":["EAV_ATTRIBUTE"],"mode":"matchingAnyTag"}} []
[2026-04-21T08:06:08.898742+00:00] main.DEBUG: cache_invalidate:  {"method":"GET","url":"http:/","invalidateInfo":{"tags":["EAV_ATTRIBUTE_9","FPC"],"mode":"matchingTag"}} []
[2026-04-21T08:06:08.899271+00:00] main.DEBUG: cache_invalidate:  {"method":"GET","url":"http:/","invalidateInfo":{"tags":["EAV_ENTITY_TYPES_CUSTOMER_ENTITY","FPC"],"mode":"matchingTag"}} []
[2026-04-21T08:06:08.899856+00:00] main.DEBUG: cache_invalidate:  {"method":"GET","url":"http:/","invalidateInfo":{"tags":["EAV_FORM_adminhtml_checkout_FORM","FPC"],"mode":"matchingTag"}} []
[2026-04-21T08:06:08.900356+00:00] main.DEBUG: cache_invalidate:  {"method":"GET","url":"http:/","invalidateInfo":{"tags":["EAV_FORM_adminhtml_customer_FORM","FPC"],"mode":"matchingTag"}} []
[2026-04-21T08:06:08.900809+00:00] main.DEBUG: cache_invalidate:  {"method":"GET","url":"http:/","invalidateInfo":{"tags":["EAV_FORM_checkout_register_FORM","FPC"],"mode":"matchingTag"}} []
[2026-04-21T08:06:08.901195+00:00] main.DEBUG: cache_invalidate:  {"method":"GET","url":"http:/","invalidateInfo":{"tags":["EAV_FORM_customer_account_create_FORM","FPC"],"mode":"matchingTag"}} []
[2026-04-21T08:06:08.901599+00:00] main.DEBUG: cache_invalidate:  {"method":"GET","url":"http:/","invalidateInfo":{"tags":["EAV_FORM_customer_account_edit_FORM","FPC"],"mode":"matchingTag"}} []
[2026-04-21T08:06:08.902171+00:00] main.DEBUG: cache_invalidate:  {"method":"GET","url":"http:/","invalidateInfo":{"tags":["EAV_ATTRIBUTE_customer_email","FPC"],"mode":"matchingTag"}} []
[2026-04-21T08:06:08.917779+00:00] main.DEBUG: cache_invalidate:  {"method":"GET","url":"http:/","invalidateInfo":{"tags":["EAV","EAV_ATTRIBUTE"],"mode":"matchingAnyTag"}} []
[2026-04-21T08:06:08.921536+00:00] main.DEBUG: cache_invalidate:  {"method":"GET","url":"http:/","invalidateInfo":{"tags":["EAV","EAV_ATTRIBUTE"],"mode":"matchingAnyTag"}} []
[2026-04-21T08:06:08.922997+00:00] main.DEBUG: cache_invalidate:  {"method":"GET","url":"http:/","invalidateInfo":{"tags":["EAV","EAV_ATTRIBUTE"],"mode":"matchingAnyTag"}} []
[2026-04-21T08:06:08.923907+00:00] main.DEBUG: cache_invalidate:  {"method":"GET","url":"http:/","invalidateInfo":{"tags":["EAV_ATTRIBUTE"],"mode":"matchingAnyTag"}} []
[2026-04-21T08:06:08.927318+00:00] main.DEBUG: cache_invalidate:  {"method":"GET","url":"http:/","invalidateInfo":{"tags":["EAV_ATTRIBUTE_10","FPC"],"mode":"matchingTag"}} []
[2026-04-21T08:06:08.927911+00:00] main.DEBUG: cache_invalidate:  {"method":"GET","url":"http:/","invalidateInfo":{"tags":["EAV_ENTITY_TYPES_CUSTOMER_ENTITY","FPC"],"mode":"matchingTag"}} []
[2026-04-21T08:06:08.928381+00:00] main.DEBUG: cache_invalidate:  {"method":"GET","url":"http:/","invalidateInfo":{"tags":["EAV_FORM_adminhtml_checkout_FORM","FPC"],"mode":"matchingTag"}} []
[2026-04-21T08:06:08.928882+00:00] main.DEBUG: cache_invalidate:  {"method":"GET","url":"http:/","invalidateInfo":{"tags":["EAV_FORM_adminhtml_customer_FORM","FPC"],"mode":"matchingTag"}} []
[2026-04-21T08:06:08.929345+00:00] main.DEBUG: cache_invalidate:  {"method":"GET","url":"http:/","invalidateInfo":{"tags":["EAV_ATTRIBUTE_customer_group_id","FPC"],"mode":"matchingTag"}} []
[2026-04-21T08:06:08.947699+00:00] main.DEBUG: cache_invalidate:  {"method":"GET","url":"http:/","invalidateInfo":{"tags":["EAV","EAV_ATTRIBUTE"],"mode":"matchingAnyTag"}} []
[2026-04-21T08:06:08.950720+00:00] main.DEBUG: cache_invalidate:  {"method":"GET","url":"http:/","invalidateInfo":{"tags":["EAV","EAV_ATTRIBUTE"],"mode":"matchingAnyTag"}} []
[2026-04-21T08:06:08.952071+00:00] main.DEBUG: cache_invalidate:  {"method":"GET","url":"http:/","invalidateInfo":{"tags":["EAV","EAV_ATTRIBUTE"],"mode":"matchingAnyTag"}} []
[2026-04-21T08:06:08.953328+00:00] main.DEBUG: cache_invalidate:  {"method":"GET","url":"http:/","invalidateInfo":{"tags":["EAV_ATTRIBUTE"],"mode":"matchingAnyTag"}} []
[2026-04-21T08:06:08.957472+00:00] main.DEBUG: cache_invalidate:  {"method":"GET","url":"http:/","invalidateInfo":{"tags":["EAV_ATTRIBUTE_11","FPC"],"mode":"matchingTag"}} []
[2026-04-21T08:06:08.958069+00:00] main.DEBUG: cache_invalidate:  {"method":"GET","url":"http:/","invalidateInfo":{"tags":["EAV_ENTITY_TYPES_CUSTOMER_ENTITY","FPC"],"mode":"matchingTag"}} []
[2026-04-21T08:06:08.958446+00:00] main.DEBUG: cache_invalidate:  {"method":"GET","url":"http:/","invalidateInfo":{"tags":["EAV_FORM_adminhtml_checkout_FORM","FPC"],"mode":"matchingTag"}} []
[2026-04-21T08:06:08.958905+00:00] main.DEBUG: cache_invalidate:  {"method":"GET","url":"http:/","invalidateInfo":{"tags":["EAV_FORM_adminhtml_customer_FORM","FPC"],"mode":"matchingTag"}} []
[2026-04-21T08:06:08.959306+00:00] main.DEBUG: cache_invalidate:  {"method":"GET","url":"http:/","invalidateInfo":{"tags":["EAV_FORM_checkout_register_FORM","FPC"],"mode":"matchingTag"}} []
[2026-04-21T08:06:08.959840+00:00] main.DEBUG: cache_invalidate:  {"method":"GET","url":"http:/","invalidateInfo":{"tags":["EAV_FORM_customer_account_create_FORM","FPC"],"mode":"matchingTag"}} []
[2026-04-21T08:06:08.960707+00:00] main.DEBUG: cache_invalidate:  {"method":"GET","url":"http:/","invalidateInfo":{"tags":["EAV_FORM_customer_account_edit_FORM","FPC"],"mode":"matchingTag"}} []
[2026-04-21T08:06:08.961283+00:00] main.DEBUG: cache_invalidate:  {"method":"GET","url":"http:/","invalidateInfo":{"tags":["EAV_ATTRIBUTE_customer_dob","FPC"],"mode":"matchingTag"}} []
[2026-04-21T08:06:08.977674+00:00] main.DEBUG: cache_invalidate:  {"method":"GET","url":"http:/","invalidateInfo":{"tags":["EAV","EAV_ATTRIBUTE"],"mode":"matchingAnyTag"}} []
[2026-04-21T08:06:08.980275+00:00] main.DEBUG: cache_invalidate:  {"method":"GET","url":"http:/","invalidateInfo":{"tags":["EAV","EAV_ATTRIBUTE"],"mode":"matchingAnyTag"}} []
[2026-04-21T08:06:08.981391+00:00] main.DEBUG: cache_invalidate:  {"method":"GET","url":"http:/","invalidateInfo":{"tags":["EAV","EAV_ATTRIBUTE"],"mode":"matchingAnyTag"}} []
[2026-04-21T08:06:08.982216+00:00] main.DEBUG: cache_invalidate:  {"method":"GET","url":"http:/","invalidateInfo":{"tags":["EAV_ATTRIBUTE"],"mode":"matchingAnyTag"}} []
[2026-04-21T08:06:08.985358+00:00] main.DEBUG: cache_invalidate:  {"method":"GET","url":"http:/","invalidateInfo":{"tags":["EAV_ATTRIBUTE_17","FPC"],"mode":"matchingTag"}} []
[2026-04-21T08:06:08.986034+00:00] main.DEBUG: cache_invalidate:  {"method":"GET","url":"http:/","invalidateInfo":{"tags":["EAV_ENTITY_TYPES_CUSTOMER_ENTITY","FPC"],"mode":"matchingTag"}} []
[2026-04-21T08:06:08.986685+00:00] main.DEBUG: cache_invalidate:  {"method":"GET","url":"http:/","invalidateInfo":{"tags":["EAV_FORM_adminhtml_checkout_FORM","FPC"],"mode":"matchingTag"}} []
[2026-04-21T08:06:08.987291+00:00] main.DEBUG: cache_invalidate:  {"method":"GET","url":"http:/","invalidateInfo":{"tags":["EAV_FORM_adminhtml_customer_FORM","FPC"],"mode":"matchingTag"}} []
[2026-04-21T08:06:08.987838+00:00] main.DEBUG: cache_invalidate:  {"method":"GET","url":"http:/","invalidateInfo":{"tags":["EAV_FORM_checkout_register_FORM","FPC"],"mode":"matchingTag"}} []
[2026-04-21T08:06:08.988295+00:00] main.DEBUG: cache_invalidate:  {"method":"GET","url":"http:/","invalidateInfo":{"tags":["EAV_FORM_customer_account_create_FORM","FPC"],"mode":"matchingTag"}} []
[2026-04-21T08:06:08.988760+00:00] main.DEBUG: cache_invalidate:  {"method":"GET","url":"http:/","invalidateInfo":{"tags":["EAV_FORM_customer_account_edit_FORM","FPC"],"mode":"matchingTag"}} []
[2026-04-21T08:06:08.989199+00:00] main.DEBUG: cache_invalidate:  {"method":"GET","url":"http:/","invalidateInfo":{"tags":["EAV_ATTRIBUTE_customer_taxvat","FPC"],"mode":"matchingTag"}} []
[2026-04-21T08:06:09.007243+00:00] main.DEBUG: cache_invalidate:  {"method":"GET","url":"http:/","invalidateInfo":{"tags":["EAV","EAV_ATTRIBUTE"],"mode":"matchingAnyTag"}} []
[2026-04-21T08:06:09.010736+00:00] main.DEBUG: cache_invalidate:  {"method":"GET","url":"http:/","invalidateInfo":{"tags":["EAV","EAV_ATTRIBUTE"],"mode":"matchingAnyTag"}} []
[2026-04-21T08:06:09.012685+00:00] main.DEBUG: cache_invalidate:  {"method":"GET","url":"http:/","invalidateInfo":{"tags":["EAV","EAV_ATTRIBUTE"],"mode":"matchingAnyTag"}} []
[2026-04-21T08:06:09.013543+00:00] main.DEBUG: cache_invalidate:  {"method":"GET","url":"http:/","invalidateInfo":{"tags":["EAV_ATTRIBUTE"],"mode":"matchingAnyTag"}} []
[2026-04-21T08:06:09.016634+00:00] main.DEBUG: cache_invalidate:  {"method":"GET","url":"http:/","invalidateInfo":{"tags":["EAV_ATTRIBUTE_18","FPC"],"mode":"matchingTag"}} []
[2026-04-21T08:06:09.017300+00:00] main.DEBUG: cache_invalidate:  {"method":"GET","url":"http:/","invalidateInfo":{"tags":["EAV_ENTITY_TYPES_CUSTOMER_ENTITY","FPC"],"mode":"matchingTag"}} []
[2026-04-21T08:06:09.018130+00:00] main.DEBUG: cache_invalidate:  {"method":"GET","url":"http:/","invalidateInfo":{"tags":["EAV_ATTRIBUTE_customer_confirmation","FPC"],"mode":"matchingTag"}} []
[2026-04-21T08:06:09.033254+00:00] main.DEBUG: cache_invalidate:  {"method":"GET","url":"http:/","invalidateInfo":{"tags":["EAV","EAV_ATTRIBUTE"],"mode":"matchingAnyTag"}} []
[2026-04-21T08:06:09.036309+00:00] main.DEBUG: cache_invalidate:  {"method":"GET","url":"http:/","invalidateInfo":{"tags":["EAV","EAV_ATTRIBUTE"],"mode":"matchingAnyTag"}} []
[2026-04-21T08:06:09.037965+00:00] main.DEBUG: cache_invalidate:  {"method":"GET","url":"http:/","invalidateInfo":{"tags":["EAV","EAV_ATTRIBUTE"],"mode":"matchingAnyTag"}} []
[2026-04-21T08:06:09.038821+00:00] main.DEBUG: cache_invalidate:  {"method":"GET","url":"http:/","invalidateInfo":{"tags":["EAV_ATTRIBUTE"],"mode":"matchingAnyTag"}} []
[2026-04-21T08:06:09.041939+00:00] main.DEBUG: cache_invalidate:  {"method":"GET","url":"http:/","invalidateInfo":{"tags":["EAV_ATTRIBUTE_19","FPC"],"mode":"matchingTag"}} []
[2026-04-21T08:06:09.042437+00:00] main.DEBUG: cache_invalidate:  {"method":"GET","url":"http:/","invalidateInfo":{"tags":["EAV_ENTITY_TYPES_CUSTOMER_ENTITY","FPC"],"mode":"matchingTag"}} []
[2026-04-21T08:06:09.042882+00:00] main.DEBUG: cache_invalidate:  {"method":"GET","url":"http:/","invalidateInfo":{"tags":["EAV_FORM_adminhtml_customer_FORM","FPC"],"mode":"matchingTag"}} []
[2026-04-21T08:06:09.043294+00:00] main.DEBUG: cache_invalidate:  {"method":"GET","url":"http:/","invalidateInfo":{"tags":["EAV_FORM_checkout_register_FORM","FPC"],"mode":"matchingTag"}} []
[2026-04-21T08:06:09.043702+00:00] main.DEBUG: cache_invalidate:  {"method":"GET","url":"http:/","invalidateInfo":{"tags":["EAV_FORM_customer_account_create_FORM","FPC"],"mode":"matchingTag"}} []
[2026-04-21T08:06:09.044102+00:00] main.DEBUG: cache_invalidate:  {"method":"GET","url":"http:/","invalidateInfo":{"tags":["EAV_FORM_customer_account_edit_FORM","FPC"],"mode":"matchingTag"}} []
[2026-04-21T08:06:09.044479+00:00] main.DEBUG: cache_invalidate:  {"method":"GET","url":"http:/","invalidateInfo":{"tags":["EAV_ATTRIBUTE_customer_created_at","FPC"],"mode":"matchingTag"}} []
[2026-04-21T08:06:09.060091+00:00] main.DEBUG: cache_invalidate:  {"method":"GET","url":"http:/","invalidateInfo":{"tags":["EAV","EAV_ATTRIBUTE"],"mode":"matchingAnyTag"}} []
[2026-04-21T08:06:09.062451+00:00] main.DEBUG: cache_invalidate:  {"method":"GET","url":"http:/","invalidateInfo":{"tags":["EAV","EAV_ATTRIBUTE"],"mode":"matchingAnyTag"}} []
[2026-04-21T08:06:09.063661+00:00] main.DEBUG: cache_invalidate:  {"method":"GET","url":"http:/","invalidateInfo":{"tags":["EAV","EAV_ATTRIBUTE"],"mode":"matchingAnyTag"}} []
[2026-04-21T08:06:09.064400+00:00] main.DEBUG: cache_invalidate:  {"method":"GET","url":"http:/","invalidateInfo":{"tags":["EAV_ATTRIBUTE"],"mode":"matchingAnyTag"}} []
[2026-04-21T08:06:09.067799+00:00] main.DEBUG: cache_invalidate:  {"method":"GET","url":"http:/","invalidateInfo":{"tags":["EAV_ATTRIBUTE_20","FPC"],"mode":"matchingTag"}} []
[2026-04-21T08:06:09.068397+00:00] main.DEBUG: cache_invalidate:  {"method":"GET","url":"http:/","invalidateInfo":{"tags":["EAV_ENTITY_TYPES_CUSTOMER_ENTITY","FPC"],"mode":"matchingTag"}} []
[2026-04-21T08:06:09.069173+00:00] main.DEBUG: cache_invalidate:  {"method":"GET","url":"http:/","invalidateInfo":{"tags":["EAV_FORM_adminhtml_checkout_FORM","FPC"],"mode":"matchingTag"}} []
[2026-04-21T08:06:09.069691+00:00] main.DEBUG: cache_invalidate:  {"method":"GET","url":"http:/","invalidateInfo":{"tags":["EAV_FORM_adminhtml_customer_FORM","FPC"],"mode":"matchingTag"}} []
[2026-04-21T08:06:09.070147+00:00] main.DEBUG: cache_invalidate:  {"method":"GET","url":"http:/","invalidateInfo":{"tags":["EAV_FORM_checkout_register_FORM","FPC"],"mode":"matchingTag"}} []
[2026-04-21T08:06:09.070606+00:00] main.DEBUG: cache_invalidate:  {"method":"GET","url":"http:/","invalidateInfo":{"tags":["EAV_FORM_customer_account_create_FORM","FPC"],"mode":"matchingTag"}} []
[2026-04-21T08:06:09.071127+00:00] main.DEBUG: cache_invalidate:  {"method":"GET","url":"http:/","invalidateInfo":{"tags":["EAV_FORM_customer_account_edit_FORM","FPC"],"mode":"matchingTag"}} []
[2026-04-21T08:06:09.071497+00:00] main.DEBUG: cache_invalidate:  {"method":"GET","url":"http:/","invalidateInfo":{"tags":["EAV_ATTRIBUTE_customer_gender","FPC"],"mode":"matchingTag"}} []
[2026-04-21T08:06:09.106672+00:00] main.DEBUG: cache_invalidate:  {"method":"GET","url":"http:/","invalidateInfo":{"tags":["EAV","EAV_ATTRIBUTE"],"mode":"matchingAnyTag"}} []
[2026-04-21T08:06:09.110545+00:00] main.DEBUG: cache_invalidate:  {"method":"GET","url":"http:/","invalidateInfo":{"tags":["EAV","EAV_ATTRIBUTE"],"mode":"matchingAnyTag"}} []
[2026-04-21T08:06:09.112636+00:00] main.DEBUG: cache_invalidate:  {"method":"GET","url":"http:/","invalidateInfo":{"tags":["EAV","EAV_ATTRIBUTE"],"mode":"matchingAnyTag"}} []
[2026-04-21T08:06:09.113791+00:00] main.DEBUG: cache_invalidate:  {"method":"GET","url":"http:/","invalidateInfo":{"tags":["EAV_ATTRIBUTE"],"mode":"matchingAnyTag"}} []
[2026-04-21T08:06:09.116717+00:00] main.DEBUG: cache_invalidate:  {"method":"GET","url":"http:/","invalidateInfo":{"tags":["EAV_ATTRIBUTE_27","FPC"],"mode":"matchingTag"}} []
[2026-04-21T08:06:09.117210+00:00] main.DEBUG: cache_invalidate:  {"method":"GET","url":"http:/","invalidateInfo":{"tags":["EAV_ENTITY_TYPES_CUSTOMER_ADDRESS_ENTITY","FPC"],"mode":"matchingTag"}} []
[2026-04-21T08:06:09.117692+00:00] main.DEBUG: cache_invalidate:  {"method":"GET","url":"http:/","invalidateInfo":{"tags":["EAV_FORM_adminhtml_customer_address_FORM","FPC"],"mode":"matchingTag"}} []
[2026-04-21T08:06:09.118325+00:00] main.DEBUG: cache_invalidate:  {"method":"GET","url":"http:/","invalidateInfo":{"tags":["EAV_FORM_customer_address_edit_FORM","FPC"],"mode":"matchingTag"}} []
[2026-04-21T08:06:09.118930+00:00] main.DEBUG: cache_invalidate:  {"method":"GET","url":"http:/","invalidateInfo":{"tags":["EAV_FORM_customer_register_address_FORM","FPC"],"mode":"matchingTag"}} []
[2026-04-21T08:06:09.119433+00:00] main.DEBUG: cache_invalidate:  {"method":"GET","url":"http:/","invalidateInfo":{"tags":["EAV_ATTRIBUTE_customer_address_company","FPC"],"mode":"matchingTag"}} []
[2026-04-21T08:06:09.136931+00:00] main.DEBUG: cache_invalidate:  {"method":"GET","url":"http:/","invalidateInfo":{"tags":["EAV","EAV_ATTRIBUTE"],"mode":"matchingAnyTag"}} []
[2026-04-21T08:06:09.141409+00:00] main.DEBUG: cache_invalidate:  {"method":"GET","url":"http:/","invalidateInfo":{"tags":["EAV","EAV_ATTRIBUTE"],"mode":"matchingAnyTag"}} []
[2026-04-21T08:06:09.142911+00:00] main.DEBUG: cache_invalidate:  {"method":"GET","url":"http:/","invalidateInfo":{"tags":["EAV","EAV_ATTRIBUTE"],"mode":"matchingAnyTag"}} []
[2026-04-21T08:06:09.143851+00:00] main.DEBUG: cache_invalidate:  {"method":"GET","url":"http:/","invalidateInfo":{"tags":["EAV_ATTRIBUTE"],"mode":"matchingAnyTag"}} []
[2026-04-21T08:06:09.147358+00:00] main.DEBUG: cache_invalidate:  {"method":"GET","url":"http:/","invalidateInfo":{"tags":["EAV_ATTRIBUTE_28","FPC"],"mode":"matchingTag"}} []
[2026-04-21T08:06:09.147949+00:00] main.DEBUG: cache_invalidate:  {"method":"GET","url":"http:/","invalidateInfo":{"tags":["EAV_ENTITY_TYPES_CUSTOMER_ADDRESS_ENTITY","FPC"],"mode":"matchingTag"}} []
[2026-04-21T08:06:09.148468+00:00] main.DEBUG: cache_invalidate:  {"method":"GET","url":"http:/","invalidateInfo":{"tags":["EAV_FORM_adminhtml_customer_address_FORM","FPC"],"mode":"matchingTag"}} []
[2026-04-21T08:06:09.148995+00:00] main.DEBUG: cache_invalidate:  {"method":"GET","url":"http:/","invalidateInfo":{"tags":["EAV_FORM_customer_address_edit_FORM","FPC"],"mode":"matchingTag"}} []
[2026-04-21T08:06:09.149470+00:00] main.DEBUG: cache_invalidate:  {"method":"GET","url":"http:/","invalidateInfo":{"tags":["EAV_FORM_customer_register_address_FORM","FPC"],"mode":"matchingTag"}} []
[2026-04-21T08:06:09.149983+00:00] main.DEBUG: cache_invalidate:  {"method":"GET","url":"http:/","invalidateInfo":{"tags":["EAV_ATTRIBUTE_customer_address_street","FPC"],"mode":"matchingTag"}} []
[2026-04-21T08:06:09.167003+00:00] main.DEBUG: cache_invalidate:  {"method":"GET","url":"http:/","invalidateInfo":{"tags":["EAV","EAV_ATTRIBUTE"],"mode":"matchingAnyTag"}} []
[2026-04-21T08:06:09.170152+00:00] main.DEBUG: cache_invalidate:  {"method":"GET","url":"http:/","invalidateInfo":{"tags":["EAV","EAV_ATTRIBUTE"],"mode":"matchingAnyTag"}} []
[2026-04-21T08:06:09.171645+00:00] main.DEBUG: cache_invalidate:  {"method":"GET","url":"http:/","invalidateInfo":{"tags":["EAV","EAV_ATTRIBUTE"],"mode":"matchingAnyTag"}} []
[2026-04-21T08:06:09.172416+00:00] main.DEBUG: cache_invalidate:  {"method":"GET","url":"http:/","invalidateInfo":{"tags":["EAV_ATTRIBUTE"],"mode":"matchingAnyTag"}} []
[2026-04-21T08:06:09.175704+00:00] main.DEBUG: cache_invalidate:  {"method":"GET","url":"http:/","invalidateInfo":{"tags":["EAV_ATTRIBUTE_29","FPC"],"mode":"matchingTag"}} []
[2026-04-21T08:06:09.176350+00:00] main.DEBUG: cache_invalidate:  {"method":"GET","url":"http:/","invalidateInfo":{"tags":["EAV_ENTITY_TYPES_CUSTOMER_ADDRESS_ENTITY","FPC"],"mode":"matchingTag"}} []
[2026-04-21T08:06:09.176858+00:00] main.DEBUG: cache_invalidate:  {"method":"GET","url":"http:/","invalidateInfo":{"tags":["EAV_FORM_adminhtml_customer_address_FORM","FPC"],"mode":"matchingTag"}} []
[2026-04-21T08:06:09.177269+00:00] main.DEBUG: cache_invalidate:  {"method":"GET","url":"http:/","invalidateInfo":{"tags":["EAV_FORM_customer_address_edit_FORM","FPC"],"mode":"matchingTag"}} []
[2026-04-21T08:06:09.177668+00:00] main.DEBUG: cache_invalidate:  {"method":"GET","url":"http:/","invalidateInfo":{"tags":["EAV_FORM_customer_register_address_FORM","FPC"],"mode":"matchingTag"}} []
[2026-04-21T08:06:09.178054+00:00] main.DEBUG: cache_invalidate:  {"method":"GET","url":"http:/","invalidateInfo":{"tags":["EAV_ATTRIBUTE_customer_address_city","FPC"],"mode":"matchingTag"}} []
[2026-04-21T08:06:09.193404+00:00] main.DEBUG: cache_invalidate:  {"method":"GET","url":"http:/","invalidateInfo":{"tags":["EAV","EAV_ATTRIBUTE"],"mode":"matchingAnyTag"}} []
[2026-04-21T08:06:09.196234+00:00] main.DEBUG: cache_invalidate:  {"method":"GET","url":"http:/","invalidateInfo":{"tags":["EAV","EAV_ATTRIBUTE"],"mode":"matchingAnyTag"}} []
[2026-04-21T08:06:09.197590+00:00] main.DEBUG: cache_invalidate:  {"method":"GET","url":"http:/","invalidateInfo":{"tags":["EAV","EAV_ATTRIBUTE"],"mode":"matchingAnyTag"}} []
[2026-04-21T08:06:09.198668+00:00] main.DEBUG: cache_invalidate:  {"method":"GET","url":"http:/","invalidateInfo":{"tags":["EAV_ATTRIBUTE"],"mode":"matchingAnyTag"}} []
[2026-04-21T08:06:09.201983+00:00] main.DEBUG: cache_invalidate:  {"method":"GET","url":"http:/","invalidateInfo":{"tags":["EAV_ATTRIBUTE_30","FPC"],"mode":"matchingTag"}} []
[2026-04-21T08:06:09.202714+00:00] main.DEBUG: cache_invalidate:  {"method":"GET","url":"http:/","invalidateInfo":{"tags":["EAV_ENTITY_TYPES_CUSTOMER_ADDRESS_ENTITY","FPC"],"mode":"matchingTag"}} []
[2026-04-21T08:06:09.203327+00:00] main.DEBUG: cache_invalidate:  {"method":"GET","url":"http:/","invalidateInfo":{"tags":["EAV_FORM_adminhtml_customer_address_FORM","FPC"],"mode":"matchingTag"}} []
[2026-04-21T08:06:09.203887+00:00] main.DEBUG: cache_invalidate:  {"method":"GET","url":"http:/","invalidateInfo":{"tags":["EAV_FORM_customer_address_edit_FORM","FPC"],"mode":"matchingTag"}} []
[2026-04-21T08:06:09.204744+00:00] main.DEBUG: cache_invalidate:  {"method":"GET","url":"http:/","invalidateInfo":{"tags":["EAV_FORM_customer_register_address_FORM","FPC"],"mode":"matchingTag"}} []
[2026-04-21T08:06:09.205393+00:00] main.DEBUG: cache_invalidate:  {"method":"GET","url":"http:/","invalidateInfo":{"tags":["EAV_ATTRIBUTE_customer_address_country_id","FPC"],"mode":"matchingTag"}} []
[2026-04-21T08:06:09.222742+00:00] main.DEBUG: cache_invalidate:  {"method":"GET","url":"http:/","invalidateInfo":{"tags":["EAV","EAV_ATTRIBUTE"],"mode":"matchingAnyTag"}} []
[2026-04-21T08:06:09.225891+00:00] main.DEBUG: cache_invalidate:  {"method":"GET","url":"http:/","invalidateInfo":{"tags":["EAV","EAV_ATTRIBUTE"],"mode":"matchingAnyTag"}} []
[2026-04-21T08:06:09.227334+00:00] main.DEBUG: cache_invalidate:  {"method":"GET","url":"http:/","invalidateInfo":{"tags":["EAV","EAV_ATTRIBUTE"],"mode":"matchingAnyTag"}} []
[2026-04-21T08:06:09.228147+00:00] main.DEBUG: cache_invalidate:  {"method":"GET","url":"http:/","invalidateInfo":{"tags":["EAV_ATTRIBUTE"],"mode":"matchingAnyTag"}} []
[2026-04-21T08:06:09.231231+00:00] main.DEBUG: cache_invalidate:  {"method":"GET","url":"http:/","invalidateInfo":{"tags":["EAV_ATTRIBUTE_31","FPC"],"mode":"matchingTag"}} []
[2026-04-21T08:06:09.231968+00:00] main.DEBUG: cache_invalidate:  {"method":"GET","url":"http:/","invalidateInfo":{"tags":["EAV_ENTITY_TYPES_CUSTOMER_ADDRESS_ENTITY","FPC"],"mode":"matchingTag"}} []
[2026-04-21T08:06:09.232526+00:00] main.DEBUG: cache_invalidate:  {"method":"GET","url":"http:/","invalidateInfo":{"tags":["EAV_FORM_adminhtml_customer_address_FORM","FPC"],"mode":"matchingTag"}} []
[2026-04-21T08:06:09.233020+00:00] main.DEBUG: cache_invalidate:  {"method":"GET","url":"http:/","invalidateInfo":{"tags":["EAV_FORM_customer_address_edit_FORM","FPC"],"mode":"matchingTag"}} []
[2026-04-21T08:06:09.233413+00:00] main.DEBUG: cache_invalidate:  {"method":"GET","url":"http:/","invalidateInfo":{"tags":["EAV_FORM_customer_register_address_FORM","FPC"],"mode":"matchingTag"}} []
[2026-04-21T08:06:09.233882+00:00] main.DEBUG: cache_invalidate:  {"method":"GET","url":"http:/","invalidateInfo":{"tags":["EAV_ATTRIBUTE_customer_address_region","FPC"],"mode":"matchingTag"}} []
[2026-04-21T08:06:09.253186+00:00] main.DEBUG: cache_invalidate:  {"method":"GET","url":"http:/","invalidateInfo":{"tags":["EAV","EAV_ATTRIBUTE"],"mode":"matchingAnyTag"}} []
[2026-04-21T08:06:09.255901+00:00] main.DEBUG: cache_invalidate:  {"method":"GET","url":"http:/","invalidateInfo":{"tags":["EAV","EAV_ATTRIBUTE"],"mode":"matchingAnyTag"}} []
[2026-04-21T08:06:09.257461+00:00] main.DEBUG: cache_invalidate:  {"method":"GET","url":"http:/","invalidateInfo":{"tags":["EAV","EAV_ATTRIBUTE"],"mode":"matchingAnyTag"}} []
[2026-04-21T08:06:09.258501+00:00] main.DEBUG: cache_invalidate:  {"method":"GET","url":"http:/","invalidateInfo":{"tags":["EAV_ATTRIBUTE"],"mode":"matchingAnyTag"}} []
[2026-04-21T08:06:09.261714+00:00] main.DEBUG: cache_invalidate:  {"method":"GET","url":"http:/","invalidateInfo":{"tags":["EAV_ATTRIBUTE_32","FPC"],"mode":"matchingTag"}} []
[2026-04-21T08:06:09.262296+00:00] main.DEBUG: cache_invalidate:  {"method":"GET","url":"http:/","invalidateInfo":{"tags":["EAV_ENTITY_TYPES_CUSTOMER_ADDRESS_ENTITY","FPC"],"mode":"matchingTag"}} []
[2026-04-21T08:06:09.262745+00:00] main.DEBUG: cache_invalidate:  {"method":"GET","url":"http:/","invalidateInfo":{"tags":["EAV_FORM_adminhtml_customer_address_FORM","FPC"],"mode":"matchingTag"}} []
[2026-04-21T08:06:09.263177+00:00] main.DEBUG: cache_invalidate:  {"method":"GET","url":"http:/","invalidateInfo":{"tags":["EAV_FORM_customer_address_edit_FORM","FPC"],"mode":"matchingTag"}} []
[2026-04-21T08:06:09.263606+00:00] main.DEBUG: cache_invalidate:  {"method":"GET","url":"http:/","invalidateInfo":{"tags":["EAV_FORM_customer_register_address_FORM","FPC"],"mode":"matchingTag"}} []
[2026-04-21T08:06:09.264046+00:00] main.DEBUG: cache_invalidate:  {"method":"GET","url":"http:/","invalidateInfo":{"tags":["EAV_ATTRIBUTE_customer_address_region_id","FPC"],"mode":"matchingTag"}} []
[2026-04-21T08:06:09.279854+00:00] main.DEBUG: cache_invalidate:  {"method":"GET","url":"http:/","invalidateInfo":{"tags":["EAV","EAV_ATTRIBUTE"],"mode":"matchingAnyTag"}} []
[2026-04-21T08:06:09.282278+00:00] main.DEBUG: cache_invalidate:  {"method":"GET","url":"http:/","invalidateInfo":{"tags":["EAV","EAV_ATTRIBUTE"],"mode":"matchingAnyTag"}} []
[2026-04-21T08:06:09.283685+00:00] main.DEBUG: cache_invalidate:  {"method":"GET","url":"http:/","invalidateInfo":{"tags":["EAV","EAV_ATTRIBUTE"],"mode":"matchingAnyTag"}} []
[2026-04-21T08:06:09.284647+00:00] main.DEBUG: cache_invalidate:  {"method":"GET","url":"http:/","invalidateInfo":{"tags":["EAV_ATTRIBUTE"],"mode":"matchingAnyTag"}} []
[2026-04-21T08:06:09.288817+00:00] main.DEBUG: cache_invalidate:  {"method":"GET","url":"http:/","invalidateInfo":{"tags":["EAV_ATTRIBUTE_33","FPC"],"mode":"matchingTag"}} []
[2026-04-21T08:06:09.289484+00:00] main.DEBUG: cache_invalidate:  {"method":"GET","url":"http:/","invalidateInfo":{"tags":["EAV_ENTITY_TYPES_CUSTOMER_ADDRESS_ENTITY","FPC"],"mode":"matchingTag"}} []
[2026-04-21T08:06:09.290043+00:00] main.DEBUG: cache_invalidate:  {"method":"GET","url":"http:/","invalidateInfo":{"tags":["EAV_FORM_adminhtml_customer_address_FORM","FPC"],"mode":"matchingTag"}} []
[2026-04-21T08:06:09.290494+00:00] main.DEBUG: cache_invalidate:  {"method":"GET","url":"http:/","invalidateInfo":{"tags":["EAV_FORM_customer_address_edit_FORM","FPC"],"mode":"matchingTag"}} []
[2026-04-21T08:06:09.290969+00:00] main.DEBUG: cache_invalidate:  {"method":"GET","url":"http:/","invalidateInfo":{"tags":["EAV_FORM_customer_register_address_FORM","FPC"],"mode":"matchingTag"}} []
[2026-04-21T08:06:09.291394+00:00] main.DEBUG: cache_invalidate:  {"method":"GET","url":"http:/","invalidateInfo":{"tags":["EAV_ATTRIBUTE_customer_address_postcode","FPC"],"mode":"matchingTag"}} []
[2026-04-21T08:06:09.307693+00:00] main.DEBUG: cache_invalidate:  {"method":"GET","url":"http:/","invalidateInfo":{"tags":["EAV","EAV_ATTRIBUTE"],"mode":"matchingAnyTag"}} []
[2026-04-21T08:06:09.311342+00:00] main.DEBUG: cache_invalidate:  {"method":"GET","url":"http:/","invalidateInfo":{"tags":["EAV","EAV_ATTRIBUTE"],"mode":"matchingAnyTag"}} []
[2026-04-21T08:06:09.312875+00:00] main.DEBUG: cache_invalidate:  {"method":"GET","url":"http:/","invalidateInfo":{"tags":["EAV","EAV_ATTRIBUTE"],"mode":"matchingAnyTag"}} []
[2026-04-21T08:06:09.313849+00:00] main.DEBUG: cache_invalidate:  {"method":"GET","url":"http:/","invalidateInfo":{"tags":["EAV_ATTRIBUTE"],"mode":"matchingAnyTag"}} []
[2026-04-21T08:06:09.317516+00:00] main.DEBUG: cache_invalidate:  {"method":"GET","url":"http:/","invalidateInfo":{"tags":["EAV_ATTRIBUTE_34","FPC"],"mode":"matchingTag"}} []
[2026-04-21T08:06:09.318311+00:00] main.DEBUG: cache_invalidate:  {"method":"GET","url":"http:/","invalidateInfo":{"tags":["EAV_ENTITY_TYPES_CUSTOMER_ADDRESS_ENTITY","FPC"],"mode":"matchingTag"}} []
[2026-04-21T08:06:09.319004+00:00] main.DEBUG: cache_invalidate:  {"method":"GET","url":"http:/","invalidateInfo":{"tags":["EAV_FORM_adminhtml_customer_address_FORM","FPC"],"mode":"matchingTag"}} []
[2026-04-21T08:06:09.319509+00:00] main.DEBUG: cache_invalidate:  {"method":"GET","url":"http:/","invalidateInfo":{"tags":["EAV_FORM_customer_address_edit_FORM","FPC"],"mode":"matchingTag"}} []
[2026-04-21T08:06:09.320029+00:00] main.DEBUG: cache_invalidate:  {"method":"GET","url":"http:/","invalidateInfo":{"tags":["EAV_FORM_customer_register_address_FORM","FPC"],"mode":"matchingTag"}} []
[2026-04-21T08:06:09.320482+00:00] main.DEBUG: cache_invalidate:  {"method":"GET","url":"http:/","invalidateInfo":{"tags":["EAV_ATTRIBUTE_customer_address_telephone","FPC"],"mode":"matchingTag"}} []
[2026-04-21T08:06:09.338990+00:00] main.DEBUG: cache_invalidate:  {"method":"GET","url":"http:/","invalidateInfo":{"tags":["EAV","EAV_ATTRIBUTE"],"mode":"matchingAnyTag"}} []
[2026-04-21T08:06:09.342684+00:00] main.DEBUG: cache_invalidate:  {"method":"GET","url":"http:/","invalidateInfo":{"tags":["EAV","EAV_ATTRIBUTE"],"mode":"matchingAnyTag"}} []
[2026-04-21T08:06:09.344501+00:00] main.DEBUG: cache_invalidate:  {"method":"GET","url":"http:/","invalidateInfo":{"tags":["EAV","EAV_ATTRIBUTE"],"mode":"matchingAnyTag"}} []
[2026-04-21T08:06:09.345800+00:00] main.DEBUG: cache_invalidate:  {"method":"GET","url":"http:/","invalidateInfo":{"tags":["EAV_ATTRIBUTE"],"mode":"matchingAnyTag"}} []
[2026-04-21T08:06:09.349147+00:00] main.DEBUG: cache_invalidate:  {"method":"GET","url":"http:/","invalidateInfo":{"tags":["EAV_ATTRIBUTE_35","FPC"],"mode":"matchingTag"}} []
[2026-04-21T08:06:09.349680+00:00] main.DEBUG: cache_invalidate:  {"method":"GET","url":"http:/","invalidateInfo":{"tags":["EAV_ENTITY_TYPES_CUSTOMER_ADDRESS_ENTITY","FPC"],"mode":"matchingTag"}} []
[2026-04-21T08:06:09.350151+00:00] main.DEBUG: cache_invalidate:  {"method":"GET","url":"http:/","invalidateInfo":{"tags":["EAV_FORM_adminhtml_customer_address_FORM","FPC"],"mode":"matchingTag"}} []
[2026-04-21T08:06:09.350591+00:00] main.DEBUG: cache_invalidate:  {"method":"GET","url":"http:/","invalidateInfo":{"tags":["EAV_FORM_customer_address_edit_FORM","FPC"],"mode":"matchingTag"}} []
[2026-04-21T08:06:09.351048+00:00] main.DEBUG: cache_invalidate:  {"method":"GET","url":"http:/","invalidateInfo":{"tags":["EAV_FORM_customer_register_address_FORM","FPC"],"mode":"matchingTag"}} []
[2026-04-21T08:06:09.351808+00:00] main.DEBUG: cache_invalidate:  {"method":"GET","url":"http:/","invalidateInfo":{"tags":["EAV_ATTRIBUTE_customer_address_fax","FPC"],"mode":"matchingTag"}} []
[2026-04-21T08:06:09.365554+00:00] main.DEBUG: cache_invalidate:  {"method":"GET","url":"http:/","invalidateInfo":{"tags":["EAV_ATTRIBUTE_1","FPC"],"mode":"matchingTag"}} []
[2026-04-21T08:06:09.366168+00:00] main.DEBUG: cache_invalidate:  {"method":"GET","url":"http:/","invalidateInfo":{"tags":["EAV_ATTRIBUTE_customer_website_id","FPC"],"mode":"matchingTag"}} []
[2026-04-21T08:06:09.367698+00:00] main.DEBUG: cache_invalidate:  {"method":"GET","url":"http:/","invalidateInfo":{"tags":["EAV_ATTRIBUTE_3","FPC"],"mode":"matchingTag"}} []
[2026-04-21T08:06:09.368261+00:00] main.DEBUG: cache_invalidate:  {"method":"GET","url":"http:/","invalidateInfo":{"tags":["EAV_ATTRIBUTE_customer_created_in","FPC"],"mode":"matchingTag"}} []
[2026-04-21T08:06:09.370530+00:00] main.DEBUG: cache_invalidate:  {"method":"GET","url":"http:/","invalidateInfo":{"tags":["EAV_ATTRIBUTE_9","FPC"],"mode":"matchingTag"}} []
[2026-04-21T08:06:09.371879+00:00] main.DEBUG: cache_invalidate:  {"method":"GET","url":"http:/","invalidateInfo":{"tags":["EAV_ATTRIBUTE_customer_email","FPC"],"mode":"matchingTag"}} []
[2026-04-21T08:06:09.374468+00:00] main.DEBUG: cache_invalidate:  {"method":"GET","url":"http:/","invalidateInfo":{"tags":["EAV_ATTRIBUTE_10","FPC"],"mode":"matchingTag"}} []
[2026-04-21T08:06:09.375169+00:00] main.DEBUG: cache_invalidate:  {"method":"GET","url":"http:/","invalidateInfo":{"tags":["EAV_ATTRIBUTE_customer_group_id","FPC"],"mode":"matchingTag"}} []
[2026-04-21T08:06:09.376681+00:00] main.DEBUG: cache_invalidate:  {"method":"GET","url":"http:/","invalidateInfo":{"tags":["EAV_ATTRIBUTE_11","FPC"],"mode":"matchingTag"}} []
[2026-04-21T08:06:09.377163+00:00] main.DEBUG: cache_invalidate:  {"method":"GET","url":"http:/","invalidateInfo":{"tags":["EAV_ATTRIBUTE_customer_dob","FPC"],"mode":"matchingTag"}} []
[2026-04-21T08:06:09.378449+00:00] main.DEBUG: cache_invalidate:  {"method":"GET","url":"http:/","invalidateInfo":{"tags":["EAV_ATTRIBUTE_17","FPC"],"mode":"matchingTag"}} []
[2026-04-21T08:06:09.379013+00:00] main.DEBUG: cache_invalidate:  {"method":"GET","url":"http:/","invalidateInfo":{"tags":["EAV_ATTRIBUTE_customer_taxvat","FPC"],"mode":"matchingTag"}} []
[2026-04-21T08:06:09.380449+00:00] main.DEBUG: cache_invalidate:  {"method":"GET","url":"http:/","invalidateInfo":{"tags":["EAV_ATTRIBUTE_18","FPC"],"mode":"matchingTag"}} []
[2026-04-21T08:06:09.381012+00:00] main.DEBUG: cache_invalidate:  {"method":"GET","url":"http:/","invalidateInfo":{"tags":["EAV_ATTRIBUTE_customer_confirmation","FPC"],"mode":"matchingTag"}} []
[2026-04-21T08:06:09.382825+00:00] main.DEBUG: cache_invalidate:  {"method":"GET","url":"http:/","invalidateInfo":{"tags":["EAV_ATTRIBUTE_19","FPC"],"mode":"matchingTag"}} []
[2026-04-21T08:06:09.383326+00:00] main.DEBUG: cache_invalidate:  {"method":"GET","url":"http:/","invalidateInfo":{"tags":["EAV_ATTRIBUTE_customer_created_at","FPC"],"mode":"matchingTag"}} []
[2026-04-21T08:06:09.384742+00:00] main.DEBUG: cache_invalidate:  {"method":"GET","url":"http:/","invalidateInfo":{"tags":["EAV_ATTRIBUTE_20","FPC"],"mode":"matchingTag"}} []
[2026-04-21T08:06:09.385233+00:00] main.DEBUG: cache_invalidate:  {"method":"GET","url":"http:/","invalidateInfo":{"tags":["EAV_ATTRIBUTE_customer_gender","FPC"],"mode":"matchingTag"}} []
[2026-04-21T08:06:09.386723+00:00] main.DEBUG: cache_invalidate:  {"method":"GET","url":"http:/","invalidateInfo":{"tags":["EAV_ATTRIBUTE_27","FPC"],"mode":"matchingTag"}} []
[2026-04-21T08:06:09.387270+00:00] main.DEBUG: cache_invalidate:  {"method":"GET","url":"http:/","invalidateInfo":{"tags":["EAV_ATTRIBUTE_customer_address_company","FPC"],"mode":"matchingTag"}} []
[2026-04-21T08:06:09.388790+00:00] main.DEBUG: cache_invalidate:  {"method":"GET","url":"http:/","invalidateInfo":{"tags":["EAV_ATTRIBUTE_28","FPC"],"mode":"matchingTag"}} []
[2026-04-21T08:06:09.389317+00:00] main.DEBUG: cache_invalidate:  {"method":"GET","url":"http:/","invalidateInfo":{"tags":["EAV_ATTRIBUTE_customer_address_street","FPC"],"mode":"matchingTag"}} []
[2026-04-21T08:06:09.390652+00:00] main.DEBUG: cache_invalidate:  {"method":"GET","url":"http:/","invalidateInfo":{"tags":["EAV_ATTRIBUTE_29","FPC"],"mode":"matchingTag"}} []
[2026-04-21T08:06:09.391113+00:00] main.DEBUG: cache_invalidate:  {"method":"GET","url":"http:/","invalidateInfo":{"tags":["EAV_ATTRIBUTE_customer_address_city","FPC"],"mode":"matchingTag"}} []
[2026-04-21T08:06:09.392706+00:00] main.DEBUG: cache_invalidate:  {"method":"GET","url":"http:/","invalidateInfo":{"tags":["EAV_ATTRIBUTE_30","FPC"],"mode":"matchingTag"}} []
[2026-04-21T08:06:09.393383+00:00] main.DEBUG: cache_invalidate:  {"method":"GET","url":"http:/","invalidateInfo":{"tags":["EAV_ATTRIBUTE_customer_address_country_id","FPC"],"mode":"matchingTag"}} []
[2026-04-21T08:06:09.395012+00:00] main.DEBUG: cache_invalidate:  {"method":"GET","url":"http:/","invalidateInfo":{"tags":["EAV_ATTRIBUTE_31","FPC"],"mode":"matchingTag"}} []
[2026-04-21T08:06:09.395472+00:00] main.DEBUG: cache_invalidate:  {"method":"GET","url":"http:/","invalidateInfo":{"tags":["EAV_ATTRIBUTE_customer_address_region","FPC"],"mode":"matchingTag"}} []
[2026-04-21T08:06:09.396855+00:00] main.DEBUG: cache_invalidate:  {"method":"GET","url":"http:/","invalidateInfo":{"tags":["EAV_ATTRIBUTE_32","FPC"],"mode":"matchingTag"}} []
[2026-04-21T08:06:09.397361+00:00] main.DEBUG: cache_invalidate:  {"method":"GET","url":"http:/","invalidateInfo":{"tags":["EAV_ATTRIBUTE_customer_address_region_id","FPC"],"mode":"matchingTag"}} []
[2026-04-21T08:06:09.399083+00:00] main.DEBUG: cache_invalidate:  {"method":"GET","url":"http:/","invalidateInfo":{"tags":["EAV_ATTRIBUTE_33","FPC"],"mode":"matchingTag"}} []
[2026-04-21T08:06:09.399774+00:00] main.DEBUG: cache_invalidate:  {"method":"GET","url":"http:/","invalidateInfo":{"tags":["EAV_ATTRIBUTE_customer_address_postcode","FPC"],"mode":"matchingTag"}} []
[2026-04-21T08:06:09.401386+00:00] main.DEBUG: cache_invalidate:  {"method":"GET","url":"http:/","invalidateInfo":{"tags":["EAV_ATTRIBUTE_34","FPC"],"mode":"matchingTag"}} []
[2026-04-21T08:06:09.402183+00:00] main.DEBUG: cache_invalidate:  {"method":"GET","url":"http:/","invalidateInfo":{"tags":["EAV_ATTRIBUTE_customer_address_telephone","FPC"],"mode":"matchingTag"}} []
[2026-04-21T08:06:09.404600+00:00] main.DEBUG: cache_invalidate:  {"method":"GET","url":"http:/","invalidateInfo":{"tags":["EAV_ATTRIBUTE_35","FPC"],"mode":"matchingTag"}} []
[2026-04-21T08:06:09.405354+00:00] main.DEBUG: cache_invalidate:  {"method":"GET","url":"http:/","invalidateInfo":{"tags":["EAV_ATTRIBUTE_customer_address_fax","FPC"],"mode":"matchingTag"}} []
[2026-04-21T08:06:09.425413+00:00] main.DEBUG: cache_invalidate:  {"method":"GET","url":"http:/","invalidateInfo":{"tags":["EAV","EAV_ATTRIBUTE"],"mode":"matchingAnyTag"}} []
[2026-04-21T08:06:09.427846+00:00] main.DEBUG: cache_invalidate:  {"method":"GET","url":"http:/","invalidateInfo":{"tags":["EAV","EAV_ATTRIBUTE"],"mode":"matchingAnyTag"}} []
[2026-04-21T08:06:09.429109+00:00] main.DEBUG: cache_invalidate:  {"method":"GET","url":"http:/","invalidateInfo":{"tags":["EAV","EAV_ATTRIBUTE"],"mode":"matchingAnyTag"}} []
[2026-04-21T08:06:09.430083+00:00] main.DEBUG: cache_invalidate:  {"method":"GET","url":"http:/","invalidateInfo":{"tags":["EAV_ATTRIBUTE"],"mode":"matchingAnyTag"}} []
[2026-04-21T08:06:09.433584+00:00] main.DEBUG: cache_invalidate:  {"method":"GET","url":"http:/","invalidateInfo":{"tags":["EAV_ATTRIBUTE_32","FPC"],"mode":"matchingTag"}} []
[2026-04-21T08:06:09.434347+00:00] main.DEBUG: cache_invalidate:  {"method":"GET","url":"http:/","invalidateInfo":{"tags":["EAV_ENTITY_TYPES_CUSTOMER_ADDRESS_ENTITY","FPC"],"mode":"matchingTag"}} []
[2026-04-21T08:06:09.436045+00:00] main.DEBUG: cache_invalidate:  {"method":"GET","url":"http:/","invalidateInfo":{"tags":["EAV_FORM_adminhtml_customer_address_FORM","FPC"],"mode":"matchingTag"}} []
[2026-04-21T08:06:09.436876+00:00] main.DEBUG: cache_invalidate:  {"method":"GET","url":"http:/","invalidateInfo":{"tags":["EAV_FORM_customer_address_edit_FORM","FPC"],"mode":"matchingTag"}} []
[2026-04-21T08:06:09.437558+00:00] main.DEBUG: cache_invalidate:  {"method":"GET","url":"http:/","invalidateInfo":{"tags":["EAV_FORM_customer_register_address_FORM","FPC"],"mode":"matchingTag"}} []
[2026-04-21T08:06:09.438920+00:00] main.DEBUG: cache_invalidate:  {"method":"GET","url":"http:/","invalidateInfo":{"tags":["EAV_ATTRIBUTE_customer_address_region_id","FPC"],"mode":"matchingTag"}} []
[2026-04-21T08:06:09.459358+00:00] main.DEBUG: cache_invalidate:  {"method":"GET","url":"http:/","invalidateInfo":{"tags":["EAV","EAV_ATTRIBUTE"],"mode":"matchingAnyTag"}} []
[2026-04-21T08:06:09.462527+00:00] main.DEBUG: cache_invalidate:  {"method":"GET","url":"http:/","invalidateInfo":{"tags":["EAV","EAV_ATTRIBUTE"],"mode":"matchingAnyTag"}} []
[2026-04-21T08:06:09.463974+00:00] main.DEBUG: cache_invalidate:  {"method":"GET","url":"http:/","invalidateInfo":{"tags":["EAV","EAV_ATTRIBUTE"],"mode":"matchingAnyTag"}} []
[2026-04-21T08:06:09.464849+00:00] main.DEBUG: cache_invalidate:  {"method":"GET","url":"http:/","invalidateInfo":{"tags":["EAV_ATTRIBUTE"],"mode":"matchingAnyTag"}} []
[2026-04-21T08:06:09.469040+00:00] main.DEBUG: cache_invalidate:  {"method":"GET","url":"http:/","invalidateInfo":{"tags":["EAV_ATTRIBUTE_23","FPC"],"mode":"matchingTag"}} []
[2026-04-21T08:06:09.470378+00:00] main.DEBUG: cache_invalidate:  {"method":"GET","url":"http:/","invalidateInfo":{"tags":["EAV_ENTITY_TYPES_CUSTOMER_ADDRESS_ENTITY","FPC"],"mode":"matchingTag"}} []
[2026-04-21T08:06:09.471196+00:00] main.DEBUG: cache_invalidate:  {"method":"GET","url":"http:/","invalidateInfo":{"tags":["EAV_FORM_adminhtml_customer_address_FORM","FPC"],"mode":"matchingTag"}} []
[2026-04-21T08:06:09.472010+00:00] main.DEBUG: cache_invalidate:  {"method":"GET","url":"http:/","invalidateInfo":{"tags":["EAV_FORM_customer_address_edit_FORM","FPC"],"mode":"matchingTag"}} []
[2026-04-21T08:06:09.472716+00:00] main.DEBUG: cache_invalidate:  {"method":"GET","url":"http:/","invalidateInfo":{"tags":["EAV_FORM_customer_register_address_FORM","FPC"],"mode":"matchingTag"}} []
[2026-04-21T08:06:09.473393+00:00] main.DEBUG: cache_invalidate:  {"method":"GET","url":"http:/","invalidateInfo":{"tags":["EAV_ATTRIBUTE_customer_address_firstname","FPC"],"mode":"matchingTag"}} []
[2026-04-21T08:06:09.490896+00:00] main.DEBUG: cache_invalidate:  {"method":"GET","url":"http:/","invalidateInfo":{"tags":["EAV","EAV_ATTRIBUTE"],"mode":"matchingAnyTag"}} []
[2026-04-21T08:06:09.493842+00:00] main.DEBUG: cache_invalidate:  {"method":"GET","url":"http:/","invalidateInfo":{"tags":["EAV","EAV_ATTRIBUTE"],"mode":"matchingAnyTag"}} []
[2026-04-21T08:06:09.495064+00:00] main.DEBUG: cache_invalidate:  {"method":"GET","url":"http:/","invalidateInfo":{"tags":["EAV","EAV_ATTRIBUTE"],"mode":"matchingAnyTag"}} []
[2026-04-21T08:06:09.496048+00:00] main.DEBUG: cache_invalidate:  {"method":"GET","url":"http:/","invalidateInfo":{"tags":["EAV_ATTRIBUTE"],"mode":"matchingAnyTag"}} []
[2026-04-21T08:06:09.499833+00:00] main.DEBUG: cache_invalidate:  {"method":"GET","url":"http:/","invalidateInfo":{"tags":["EAV_ATTRIBUTE_25","FPC"],"mode":"matchingTag"}} []
[2026-04-21T08:06:09.500574+00:00] main.DEBUG: cache_invalidate:  {"method":"GET","url":"http:/","invalidateInfo":{"tags":["EAV_ENTITY_TYPES_CUSTOMER_ADDRESS_ENTITY","FPC"],"mode":"matchingTag"}} []
[2026-04-21T08:06:09.501305+00:00] main.DEBUG: cache_invalidate:  {"method":"GET","url":"http:/","invalidateInfo":{"tags":["EAV_FORM_adminhtml_customer_address_FORM","FPC"],"mode":"matchingTag"}} []
[2026-04-21T08:06:09.502047+00:00] main.DEBUG: cache_invalidate:  {"method":"GET","url":"http:/","invalidateInfo":{"tags":["EAV_FORM_customer_address_edit_FORM","FPC"],"mode":"matchingTag"}} []
[2026-04-21T08:06:09.502753+00:00] main.DEBUG: cache_invalidate:  {"method":"GET","url":"http:/","invalidateInfo":{"tags":["EAV_FORM_customer_register_address_FORM","FPC"],"mode":"matchingTag"}} []
[2026-04-21T08:06:09.504127+00:00] main.DEBUG: cache_invalidate:  {"method":"GET","url":"http:/","invalidateInfo":{"tags":["EAV_ATTRIBUTE_customer_address_lastname","FPC"],"mode":"matchingTag"}} []
[2026-04-21T08:06:09.507692+00:00] main.DEBUG: cache_invalidate:  {"method":"GET","url":"http:/","invalidateInfo":{"tags":["EAV_ATTRIBUTE_32","FPC"],"mode":"matchingTag"}} []
[2026-04-21T08:06:09.508241+00:00] main.DEBUG: cache_invalidate:  {"method":"GET","url":"http:/","invalidateInfo":{"tags":["EAV_ATTRIBUTE_customer_address_region_id","FPC"],"mode":"matchingTag"}} []
[2026-04-21T08:06:09.510977+00:00] main.DEBUG: cache_invalidate:  {"method":"GET","url":"http:/","invalidateInfo":{"tags":["EAV_ATTRIBUTE_23","FPC"],"mode":"matchingTag"}} []
[2026-04-21T08:06:09.511658+00:00] main.DEBUG: cache_invalidate:  {"method":"GET","url":"http:/","invalidateInfo":{"tags":["EAV_ATTRIBUTE_customer_address_firstname","FPC"],"mode":"matchingTag"}} []
[2026-04-21T08:06:09.513195+00:00] main.DEBUG: cache_invalidate:  {"method":"GET","url":"http:/","invalidateInfo":{"tags":["EAV_ATTRIBUTE_25","FPC"],"mode":"matchingTag"}} []
[2026-04-21T08:06:09.513832+00:00] main.DEBUG: cache_invalidate:  {"method":"GET","url":"http:/","invalidateInfo":{"tags":["EAV_ATTRIBUTE_customer_address_lastname","FPC"],"mode":"matchingTag"}} []
[2026-04-21T08:06:09.539385+00:00] main.DEBUG: cache_invalidate:  {"method":"GET","url":"http:/","invalidateInfo":{"tags":["EAV","EAV_ATTRIBUTE"],"mode":"matchingAnyTag"}} []
[2026-04-21T08:06:09.541866+00:00] main.DEBUG: cache_invalidate:  {"method":"GET","url":"http:/","invalidateInfo":{"tags":["EAV","EAV_ATTRIBUTE"],"mode":"matchingAnyTag"}} []
[2026-04-21T08:06:09.543030+00:00] main.DEBUG: cache_invalidate:  {"method":"GET","url":"http:/","invalidateInfo":{"tags":["EAV","EAV_ATTRIBUTE"],"mode":"matchingAnyTag"}} []
[2026-04-21T08:06:09.544023+00:00] main.DEBUG: cache_invalidate:  {"method":"GET","url":"http:/","invalidateInfo":{"tags":["EAV_ATTRIBUTE"],"mode":"matchingAnyTag"}} []
[2026-04-21T08:06:09.547073+00:00] main.DEBUG: cache_invalidate:  {"method":"GET","url":"http:/","invalidateInfo":{"tags":["EAV_ATTRIBUTE_35","FPC"],"mode":"matchingTag"}} []
[2026-04-21T08:06:09.547715+00:00] main.DEBUG: cache_invalidate:  {"method":"GET","url":"http:/","invalidateInfo":{"tags":["EAV_ENTITY_TYPES_CUSTOMER_ADDRESS_ENTITY","FPC"],"mode":"matchingTag"}} []
[2026-04-21T08:06:09.548285+00:00] main.DEBUG: cache_invalidate:  {"method":"GET","url":"http:/","invalidateInfo":{"tags":["EAV_FORM_adminhtml_customer_address_FORM","FPC"],"mode":"matchingTag"}} []
[2026-04-21T08:06:09.548831+00:00] main.DEBUG: cache_invalidate:  {"method":"GET","url":"http:/","invalidateInfo":{"tags":["EAV_FORM_customer_address_edit_FORM","FPC"],"mode":"matchingTag"}} []
[2026-04-21T08:06:09.549400+00:00] main.DEBUG: cache_invalidate:  {"method":"GET","url":"http:/","invalidateInfo":{"tags":["EAV_FORM_customer_register_address_FORM","FPC"],"mode":"matchingTag"}} []
[2026-04-21T08:06:09.549901+00:00] main.DEBUG: cache_invalidate:  {"method":"GET","url":"http:/","invalidateInfo":{"tags":["EAV_ATTRIBUTE_customer_address_fax","FPC"],"mode":"matchingTag"}} []
[2026-04-21T08:06:09.553506+00:00] main.DEBUG: cache_invalidate:  {"method":"GET","url":"http:/","invalidateInfo":{"tags":["EAV_ATTRIBUTE_35","FPC"],"mode":"matchingTag"}} []
[2026-04-21T08:06:09.554172+00:00] main.DEBUG: cache_invalidate:  {"method":"GET","url":"http:/","invalidateInfo":{"tags":["EAV_ATTRIBUTE_customer_address_fax","FPC"],"mode":"matchingTag"}} []
[2026-04-21T08:06:09.627594+00:00] main.DEBUG: cache_invalidate:  {"method":"GET","url":"http:/","invalidateInfo":{"tags":["EAV","EAV_ATTRIBUTE"],"mode":"matchingAnyTag"}} []
[2026-04-21T08:06:09.630774+00:00] main.DEBUG: cache_invalidate:  {"method":"GET","url":"http:/","invalidateInfo":{"tags":["EAV","EAV_ATTRIBUTE"],"mode":"matchingAnyTag"}} []
[2026-04-21T08:06:09.631950+00:00] main.DEBUG: cache_invalidate:  {"method":"GET","url":"http:/","invalidateInfo":{"tags":["EAV","EAV_ATTRIBUTE"],"mode":"matchingAnyTag"}} []
[2026-04-21T08:06:09.632832+00:00] main.DEBUG: cache_invalidate:  {"method":"GET","url":"http:/","invalidateInfo":{"tags":["EAV_ATTRIBUTE"],"mode":"matchingAnyTag"}} []
[2026-04-21T08:06:09.636707+00:00] main.DEBUG: cache_invalidate:  {"method":"GET","url":"http:/","invalidateInfo":{"tags":["EAV_ATTRIBUTE_30","FPC"],"mode":"matchingTag"}} []
[2026-04-21T08:06:09.638535+00:00] main.DEBUG: cache_invalidate:  {"method":"GET","url":"http:/","invalidateInfo":{"tags":["EAV_ENTITY_TYPES_CUSTOMER_ADDRESS_ENTITY","FPC"],"mode":"matchingTag"}} []
[2026-04-21T08:06:09.639274+00:00] main.DEBUG: cache_invalidate:  {"method":"GET","url":"http:/","invalidateInfo":{"tags":["EAV_FORM_adminhtml_customer_address_FORM","FPC"],"mode":"matchingTag"}} []
[2026-04-21T08:06:09.639933+00:00] main.DEBUG: cache_invalidate:  {"method":"GET","url":"http:/","invalidateInfo":{"tags":["EAV_FORM_customer_address_edit_FORM","FPC"],"mode":"matchingTag"}} []
[2026-04-21T08:06:09.640482+00:00] main.DEBUG: cache_invalidate:  {"method":"GET","url":"http:/","invalidateInfo":{"tags":["EAV_FORM_customer_register_address_FORM","FPC"],"mode":"matchingTag"}} []
[2026-04-21T08:06:09.640999+00:00] main.DEBUG: cache_invalidate:  {"method":"GET","url":"http:/","invalidateInfo":{"tags":["EAV_ATTRIBUTE_customer_address_country_id","FPC"],"mode":"matchingTag"}} []
[2026-04-21T08:06:09.654685+00:00] main.DEBUG: cache_invalidate:  {"method":"GET","url":"http:/","invalidateInfo":{"tags":["EAV","EAV_ATTRIBUTE"],"mode":"matchingAnyTag"}} []
[2026-04-21T08:06:09.657314+00:00] main.DEBUG: cache_invalidate:  {"method":"GET","url":"http:/","invalidateInfo":{"tags":["EAV","EAV_ATTRIBUTE"],"mode":"matchingAnyTag"}} []
[2026-04-21T08:06:09.658754+00:00] main.DEBUG: cache_invalidate:  {"method":"GET","url":"http:/","invalidateInfo":{"tags":["EAV","EAV_ATTRIBUTE"],"mode":"matchingAnyTag"}} []
[2026-04-21T08:06:09.659799+00:00] main.DEBUG: cache_invalidate:  {"method":"GET","url":"http:/","invalidateInfo":{"tags":["EAV_ATTRIBUTE"],"mode":"matchingAnyTag"}} []
[2026-04-21T08:06:09.662917+00:00] main.DEBUG: cache_invalidate:  {"method":"GET","url":"http:/","invalidateInfo":{"tags":["EAV_ATTRIBUTE_31","FPC"],"mode":"matchingTag"}} []
[2026-04-21T08:06:09.663594+00:00] main.DEBUG: cache_invalidate:  {"method":"GET","url":"http:/","invalidateInfo":{"tags":["EAV_ENTITY_TYPES_CUSTOMER_ADDRESS_ENTITY","FPC"],"mode":"matchingTag"}} []
[2026-04-21T08:06:09.664170+00:00] main.DEBUG: cache_invalidate:  {"method":"GET","url":"http:/","invalidateInfo":{"tags":["EAV_FORM_adminhtml_customer_address_FORM","FPC"],"mode":"matchingTag"}} []
[2026-04-21T08:06:09.664667+00:00] main.DEBUG: cache_invalidate:  {"method":"GET","url":"http:/","invalidateInfo":{"tags":["EAV_FORM_customer_address_edit_FORM","FPC"],"mode":"matchingTag"}} []
[2026-04-21T08:06:09.665235+00:00] main.DEBUG: cache_invalidate:  {"method":"GET","url":"http:/","invalidateInfo":{"tags":["EAV_FORM_customer_register_address_FORM","FPC"],"mode":"matchingTag"}} []
[2026-04-21T08:06:09.665681+00:00] main.DEBUG: cache_invalidate:  {"method":"GET","url":"http:/","invalidateInfo":{"tags":["EAV_ATTRIBUTE_customer_address_region","FPC"],"mode":"matchingTag"}} []
[2026-04-21T08:06:09.680129+00:00] main.DEBUG: cache_invalidate:  {"method":"GET","url":"http:/","invalidateInfo":{"tags":["EAV","EAV_ATTRIBUTE"],"mode":"matchingAnyTag"}} []
[2026-04-21T08:06:09.682881+00:00] main.DEBUG: cache_invalidate:  {"method":"GET","url":"http:/","invalidateInfo":{"tags":["EAV","EAV_ATTRIBUTE"],"mode":"matchingAnyTag"}} []
[2026-04-21T08:06:09.684055+00:00] main.DEBUG: cache_invalidate:  {"method":"GET","url":"http:/","invalidateInfo":{"tags":["EAV","EAV_ATTRIBUTE"],"mode":"matchingAnyTag"}} []
[2026-04-21T08:06:09.684879+00:00] main.DEBUG: cache_invalidate:  {"method":"GET","url":"http:/","invalidateInfo":{"tags":["EAV_ATTRIBUTE"],"mode":"matchingAnyTag"}} []
[2026-04-21T08:06:09.688834+00:00] main.DEBUG: cache_invalidate:  {"method":"GET","url":"http:/","invalidateInfo":{"tags":["EAV_ATTRIBUTE_32","FPC"],"mode":"matchingTag"}} []
[2026-04-21T08:06:09.689449+00:00] main.DEBUG: cache_invalidate:  {"method":"GET","url":"http:/","invalidateInfo":{"tags":["EAV_ENTITY_TYPES_CUSTOMER_ADDRESS_ENTITY","FPC"],"mode":"matchingTag"}} []
[2026-04-21T08:06:09.689982+00:00] main.DEBUG: cache_invalidate:  {"method":"GET","url":"http:/","invalidateInfo":{"tags":["EAV_FORM_adminhtml_customer_address_FORM","FPC"],"mode":"matchingTag"}} []
[2026-04-21T08:06:09.690464+00:00] main.DEBUG: cache_invalidate:  {"method":"GET","url":"http:/","invalidateInfo":{"tags":["EAV_FORM_customer_address_edit_FORM","FPC"],"mode":"matchingTag"}} []
[2026-04-21T08:06:09.690936+00:00] main.DEBUG: cache_invalidate:  {"method":"GET","url":"http:/","invalidateInfo":{"tags":["EAV_FORM_customer_register_address_FORM","FPC"],"mode":"matchingTag"}} []
[2026-04-21T08:06:09.691339+00:00] main.DEBUG: cache_invalidate:  {"method":"GET","url":"http:/","invalidateInfo":{"tags":["EAV_ATTRIBUTE_customer_address_region_id","FPC"],"mode":"matchingTag"}} []
[2026-04-21T08:06:09.707250+00:00] main.DEBUG: cache_invalidate:  {"method":"GET","url":"http:/","invalidateInfo":{"tags":["EAV","EAV_ATTRIBUTE"],"mode":"matchingAnyTag"}} []
[2026-04-21T08:06:09.712225+00:00] main.DEBUG: cache_invalidate:  {"method":"GET","url":"http:/","invalidateInfo":{"tags":["EAV","EAV_ATTRIBUTE"],"mode":"matchingAnyTag"}} []
[2026-04-21T08:06:09.713899+00:00] main.DEBUG: cache_invalidate:  {"method":"GET","url":"http:/","invalidateInfo":{"tags":["EAV","EAV_ATTRIBUTE"],"mode":"matchingAnyTag"}} []
[2026-04-21T08:06:09.714955+00:00] main.DEBUG: cache_invalidate:  {"method":"GET","url":"http:/","invalidateInfo":{"tags":["EAV_ATTRIBUTE"],"mode":"matchingAnyTag"}} []
[2026-04-21T08:06:09.718628+00:00] main.DEBUG: cache_invalidate:  {"method":"GET","url":"http:/","invalidateInfo":{"tags":["EAV_ATTRIBUTE_29","FPC"],"mode":"matchingTag"}} []
[2026-04-21T08:06:09.719221+00:00] main.DEBUG: cache_invalidate:  {"method":"GET","url":"http:/","invalidateInfo":{"tags":["EAV_ENTITY_TYPES_CUSTOMER_ADDRESS_ENTITY","FPC"],"mode":"matchingTag"}} []
[2026-04-21T08:06:09.719750+00:00] main.DEBUG: cache_invalidate:  {"method":"GET","url":"http:/","invalidateInfo":{"tags":["EAV_FORM_adminhtml_customer_address_FORM","FPC"],"mode":"matchingTag"}} []
[2026-04-21T08:06:09.720378+00:00] main.DEBUG: cache_invalidate:  {"method":"GET","url":"http:/","invalidateInfo":{"tags":["EAV_FORM_customer_address_edit_FORM","FPC"],"mode":"matchingTag"}} []
[2026-04-21T08:06:09.720983+00:00] main.DEBUG: cache_invalidate:  {"method":"GET","url":"http:/","invalidateInfo":{"tags":["EAV_FORM_customer_register_address_FORM","FPC"],"mode":"matchingTag"}} []
[2026-04-21T08:06:09.721439+00:00] main.DEBUG: cache_invalidate:  {"method":"GET","url":"http:/","invalidateInfo":{"tags":["EAV_ATTRIBUTE_customer_address_city","FPC"],"mode":"matchingTag"}} []
[2026-04-21T08:06:09.733818+00:00] main.DEBUG: cache_invalidate:  {"method":"GET","url":"http:/","invalidateInfo":{"tags":["EAV_ATTRIBUTE_30","FPC"],"mode":"matchingTag"}} []
[2026-04-21T08:06:09.734433+00:00] main.DEBUG: cache_invalidate:  {"method":"GET","url":"http:/","invalidateInfo":{"tags":["EAV_ATTRIBUTE_customer_address_country_id","FPC"],"mode":"matchingTag"}} []
[2026-04-21T08:06:09.736149+00:00] main.DEBUG: cache_invalidate:  {"method":"GET","url":"http:/","invalidateInfo":{"tags":["EAV_ATTRIBUTE_31","FPC"],"mode":"matchingTag"}} []
[2026-04-21T08:06:09.739957+00:00] main.DEBUG: cache_invalidate:  {"method":"GET","url":"http:/","invalidateInfo":{"tags":["EAV_ATTRIBUTE_customer_address_region","FPC"],"mode":"matchingTag"}} []
[2026-04-21T08:06:09.742320+00:00] main.DEBUG: cache_invalidate:  {"method":"GET","url":"http:/","invalidateInfo":{"tags":["EAV_ATTRIBUTE_32","FPC"],"mode":"matchingTag"}} []
[2026-04-21T08:06:09.743015+00:00] main.DEBUG: cache_invalidate:  {"method":"GET","url":"http:/","invalidateInfo":{"tags":["EAV_ATTRIBUTE_customer_address_region_id","FPC"],"mode":"matchingTag"}} []
[2026-04-21T08:06:09.745158+00:00] main.DEBUG: cache_invalidate:  {"method":"GET","url":"http:/","invalidateInfo":{"tags":["EAV_ATTRIBUTE_29","FPC"],"mode":"matchingTag"}} []
[2026-04-21T08:06:09.745798+00:00] main.DEBUG: cache_invalidate:  {"method":"GET","url":"http:/","invalidateInfo":{"tags":["EAV_ATTRIBUTE_customer_address_city","FPC"],"mode":"matchingTag"}} []
[2026-04-21T08:06:09.770602+00:00] main.DEBUG: cache_invalidate:  {"method":"GET","url":"http:/","invalidateInfo":{"tags":["EAV","EAV_ATTRIBUTE"],"mode":"matchingAnyTag"}} []
[2026-04-21T08:06:09.773222+00:00] main.DEBUG: cache_invalidate:  {"method":"GET","url":"http:/","invalidateInfo":{"tags":["EAV","EAV_ATTRIBUTE"],"mode":"matchingAnyTag"}} []
[2026-04-21T08:06:09.775038+00:00] main.DEBUG: cache_invalidate:  {"method":"GET","url":"http:/","invalidateInfo":{"tags":["EAV","EAV_ATTRIBUTE"],"mode":"matchingAnyTag"}} []
[2026-04-21T08:06:09.775846+00:00] main.DEBUG: cache_invalidate:  {"method":"GET","url":"http:/","invalidateInfo":{"tags":["EAV_ATTRIBUTE"],"mode":"matchingAnyTag"}} []
[2026-04-21T08:06:09.779510+00:00] main.DEBUG: cache_invalidate:  {"method":"GET","url":"http:/","invalidateInfo":{"tags":["EAV_ATTRIBUTE_23","FPC"],"mode":"matchingTag"}} []
[2026-04-21T08:06:09.780073+00:00] main.DEBUG: cache_invalidate:  {"method":"GET","url":"http:/","invalidateInfo":{"tags":["EAV_ENTITY_TYPES_CUSTOMER_ADDRESS_ENTITY","FPC"],"mode":"matchingTag"}} []
[2026-04-21T08:06:09.780505+00:00] main.DEBUG: cache_invalidate:  {"method":"GET","url":"http:/","invalidateInfo":{"tags":["EAV_FORM_adminhtml_customer_address_FORM","FPC"],"mode":"matchingTag"}} []
[2026-04-21T08:06:09.781040+00:00] main.DEBUG: cache_invalidate:  {"method":"GET","url":"http:/","invalidateInfo":{"tags":["EAV_FORM_customer_address_edit_FORM","FPC"],"mode":"matchingTag"}} []
[2026-04-21T08:06:09.781538+00:00] main.DEBUG: cache_invalidate:  {"method":"GET","url":"http:/","invalidateInfo":{"tags":["EAV_FORM_customer_register_address_FORM","FPC"],"mode":"matchingTag"}} []
[2026-04-21T08:06:09.782032+00:00] main.DEBUG: cache_invalidate:  {"method":"GET","url":"http:/","invalidateInfo":{"tags":["EAV_ATTRIBUTE_customer_address_firstname","FPC"],"mode":"matchingTag"}} []
[2026-04-21T08:06:09.796974+00:00] main.DEBUG: cache_invalidate:  {"method":"GET","url":"http:/","invalidateInfo":{"tags":["EAV","EAV_ATTRIBUTE"],"mode":"matchingAnyTag"}} []
[2026-04-21T08:06:09.799393+00:00] main.DEBUG: cache_invalidate:  {"method":"GET","url":"http:/","invalidateInfo":{"tags":["EAV","EAV_ATTRIBUTE"],"mode":"matchingAnyTag"}} []
[2026-04-21T08:06:09.801233+00:00] main.DEBUG: cache_invalidate:  {"method":"GET","url":"http:/","invalidateInfo":{"tags":["EAV","EAV_ATTRIBUTE"],"mode":"matchingAnyTag"}} []
[2026-04-21T08:06:09.802446+00:00] main.DEBUG: cache_invalidate:  {"method":"GET","url":"http:/","invalidateInfo":{"tags":["EAV_ATTRIBUTE"],"mode":"matchingAnyTag"}} []
[2026-04-21T08:06:09.806216+00:00] main.DEBUG: cache_invalidate:  {"method":"GET","url":"http:/","invalidateInfo":{"tags":["EAV_ATTRIBUTE_25","FPC"],"mode":"matchingTag"}} []
[2026-04-21T08:06:09.806770+00:00] main.DEBUG: cache_invalidate:  {"method":"GET","url":"http:/","invalidateInfo":{"tags":["EAV_ENTITY_TYPES_CUSTOMER_ADDRESS_ENTITY","FPC"],"mode":"matchingTag"}} []
[2026-04-21T08:06:09.807256+00:00] main.DEBUG: cache_invalidate:  {"method":"GET","url":"http:/","invalidateInfo":{"tags":["EAV_FORM_adminhtml_customer_address_FORM","FPC"],"mode":"matchingTag"}} []
[2026-04-21T08:06:09.807739+00:00] main.DEBUG: cache_invalidate:  {"method":"GET","url":"http:/","invalidateInfo":{"tags":["EAV_FORM_customer_address_edit_FORM","FPC"],"mode":"matchingTag"}} []
[2026-04-21T08:06:09.808195+00:00] main.DEBUG: cache_invalidate:  {"method":"GET","url":"http:/","invalidateInfo":{"tags":["EAV_FORM_customer_register_address_FORM","FPC"],"mode":"matchingTag"}} []
[2026-04-21T08:06:09.808698+00:00] main.DEBUG: cache_invalidate:  {"method":"GET","url":"http:/","invalidateInfo":{"tags":["EAV_ATTRIBUTE_customer_address_lastname","FPC"],"mode":"matchingTag"}} []
[2026-04-21T08:06:09.824668+00:00] main.DEBUG: cache_invalidate:  {"method":"GET","url":"http:/","invalidateInfo":{"tags":["EAV","EAV_ATTRIBUTE"],"mode":"matchingAnyTag"}} []
[2026-04-21T08:06:09.828080+00:00] main.DEBUG: cache_invalidate:  {"method":"GET","url":"http:/","invalidateInfo":{"tags":["EAV","EAV_ATTRIBUTE"],"mode":"matchingAnyTag"}} []
[2026-04-21T08:06:09.830033+00:00] main.DEBUG: cache_invalidate:  {"method":"GET","url":"http:/","invalidateInfo":{"tags":["EAV","EAV_ATTRIBUTE"],"mode":"matchingAnyTag"}} []
[2026-04-21T08:06:09.830961+00:00] main.DEBUG: cache_invalidate:  {"method":"GET","url":"http:/","invalidateInfo":{"tags":["EAV_ATTRIBUTE"],"mode":"matchingAnyTag"}} []
[2026-04-21T08:06:09.834478+00:00] main.DEBUG: cache_invalidate:  {"method":"GET","url":"http:/","invalidateInfo":{"tags":["EAV_ATTRIBUTE_24","FPC"],"mode":"matchingTag"}} []
[2026-04-21T08:06:09.835118+00:00] main.DEBUG: cache_invalidate:  {"method":"GET","url":"http:/","invalidateInfo":{"tags":["EAV_ENTITY_TYPES_CUSTOMER_ADDRESS_ENTITY","FPC"],"mode":"matchingTag"}} []
[2026-04-21T08:06:09.835636+00:00] main.DEBUG: cache_invalidate:  {"method":"GET","url":"http:/","invalidateInfo":{"tags":["EAV_FORM_adminhtml_customer_address_FORM","FPC"],"mode":"matchingTag"}} []
[2026-04-21T08:06:09.836239+00:00] main.DEBUG: cache_invalidate:  {"method":"GET","url":"http:/","invalidateInfo":{"tags":["EAV_FORM_customer_address_edit_FORM","FPC"],"mode":"matchingTag"}} []
[2026-04-21T08:06:09.836987+00:00] main.DEBUG: cache_invalidate:  {"method":"GET","url":"http:/","invalidateInfo":{"tags":["EAV_FORM_customer_register_address_FORM","FPC"],"mode":"matchingTag"}} []
[2026-04-21T08:06:09.837754+00:00] main.DEBUG: cache_invalidate:  {"method":"GET","url":"http:/","invalidateInfo":{"tags":["EAV_ATTRIBUTE_customer_address_middlename","FPC"],"mode":"matchingTag"}} []
[2026-04-21T08:06:09.854097+00:00] main.DEBUG: cache_invalidate:  {"method":"GET","url":"http:/","invalidateInfo":{"tags":["EAV","EAV_ATTRIBUTE"],"mode":"matchingAnyTag"}} []
[2026-04-21T08:06:09.857128+00:00] main.DEBUG: cache_invalidate:  {"method":"GET","url":"http:/","invalidateInfo":{"tags":["EAV","EAV_ATTRIBUTE"],"mode":"matchingAnyTag"}} []
[2026-04-21T08:06:09.858263+00:00] main.DEBUG: cache_invalidate:  {"method":"GET","url":"http:/","invalidateInfo":{"tags":["EAV","EAV_ATTRIBUTE"],"mode":"matchingAnyTag"}} []
[2026-04-21T08:06:09.859124+00:00] main.DEBUG: cache_invalidate:  {"method":"GET","url":"http:/","invalidateInfo":{"tags":["EAV_ATTRIBUTE"],"mode":"matchingAnyTag"}} []
[2026-04-21T08:06:09.862474+00:00] main.DEBUG: cache_invalidate:  {"method":"GET","url":"http:/","invalidateInfo":{"tags":["EAV_ATTRIBUTE_5","FPC"],"mode":"matchingTag"}} []
[2026-04-21T08:06:09.862978+00:00] main.DEBUG: cache_invalidate:  {"method":"GET","url":"http:/","invalidateInfo":{"tags":["EAV_ENTITY_TYPES_CUSTOMER_ENTITY","FPC"],"mode":"matchingTag"}} []
[2026-04-21T08:06:09.863425+00:00] main.DEBUG: cache_invalidate:  {"method":"GET","url":"http:/","invalidateInfo":{"tags":["EAV_FORM_adminhtml_customer_FORM","FPC"],"mode":"matchingTag"}} []
[2026-04-21T08:06:09.863877+00:00] main.DEBUG: cache_invalidate:  {"method":"GET","url":"http:/","invalidateInfo":{"tags":["EAV_FORM_customer_account_create_FORM","FPC"],"mode":"matchingTag"}} []
[2026-04-21T08:06:09.864299+00:00] main.DEBUG: cache_invalidate:  {"method":"GET","url":"http:/","invalidateInfo":{"tags":["EAV_FORM_customer_account_edit_FORM","FPC"],"mode":"matchingTag"}} []
[2026-04-21T08:06:09.864704+00:00] main.DEBUG: cache_invalidate:  {"method":"GET","url":"http:/","invalidateInfo":{"tags":["EAV_ATTRIBUTE_customer_firstname","FPC"],"mode":"matchingTag"}} []
[2026-04-21T08:06:09.882101+00:00] main.DEBUG: cache_invalidate:  {"method":"GET","url":"http:/","invalidateInfo":{"tags":["EAV","EAV_ATTRIBUTE"],"mode":"matchingAnyTag"}} []
[2026-04-21T08:06:09.884547+00:00] main.DEBUG: cache_invalidate:  {"method":"GET","url":"http:/","invalidateInfo":{"tags":["EAV","EAV_ATTRIBUTE"],"mode":"matchingAnyTag"}} []
[2026-04-21T08:06:09.886381+00:00] main.DEBUG: cache_invalidate:  {"method":"GET","url":"http:/","invalidateInfo":{"tags":["EAV","EAV_ATTRIBUTE"],"mode":"matchingAnyTag"}} []
[2026-04-21T08:06:09.887664+00:00] main.DEBUG: cache_invalidate:  {"method":"GET","url":"http:/","invalidateInfo":{"tags":["EAV_ATTRIBUTE"],"mode":"matchingAnyTag"}} []
[2026-04-21T08:06:09.891050+00:00] main.DEBUG: cache_invalidate:  {"method":"GET","url":"http:/","invalidateInfo":{"tags":["EAV_ATTRIBUTE_7","FPC"],"mode":"matchingTag"}} []
[2026-04-21T08:06:09.892031+00:00] main.DEBUG: cache_invalidate:  {"method":"GET","url":"http:/","invalidateInfo":{"tags":["EAV_ENTITY_TYPES_CUSTOMER_ENTITY","FPC"],"mode":"matchingTag"}} []
[2026-04-21T08:06:09.892643+00:00] main.DEBUG: cache_invalidate:  {"method":"GET","url":"http:/","invalidateInfo":{"tags":["EAV_FORM_adminhtml_customer_FORM","FPC"],"mode":"matchingTag"}} []
[2026-04-21T08:06:09.893148+00:00] main.DEBUG: cache_invalidate:  {"method":"GET","url":"http:/","invalidateInfo":{"tags":["EAV_FORM_customer_account_create_FORM","FPC"],"mode":"matchingTag"}} []
[2026-04-21T08:06:09.893555+00:00] main.DEBUG: cache_invalidate:  {"method":"GET","url":"http:/","invalidateInfo":{"tags":["EAV_FORM_customer_account_edit_FORM","FPC"],"mode":"matchingTag"}} []
[2026-04-21T08:06:09.894216+00:00] main.DEBUG: cache_invalidate:  {"method":"GET","url":"http:/","invalidateInfo":{"tags":["EAV_ATTRIBUTE_customer_lastname","FPC"],"mode":"matchingTag"}} []
[2026-04-21T08:06:09.909741+00:00] main.DEBUG: cache_invalidate:  {"method":"GET","url":"http:/","invalidateInfo":{"tags":["EAV","EAV_ATTRIBUTE"],"mode":"matchingAnyTag"}} []
[2026-04-21T08:06:09.912260+00:00] main.DEBUG: cache_invalidate:  {"method":"GET","url":"http:/","invalidateInfo":{"tags":["EAV","EAV_ATTRIBUTE"],"mode":"matchingAnyTag"}} []
[2026-04-21T08:06:09.913341+00:00] main.DEBUG: cache_invalidate:  {"method":"GET","url":"http:/","invalidateInfo":{"tags":["EAV","EAV_ATTRIBUTE"],"mode":"matchingAnyTag"}} []
[2026-04-21T08:06:09.914009+00:00] main.DEBUG: cache_invalidate:  {"method":"GET","url":"http:/","invalidateInfo":{"tags":["EAV_ATTRIBUTE"],"mode":"matchingAnyTag"}} []
[2026-04-21T08:06:09.916717+00:00] main.DEBUG: cache_invalidate:  {"method":"GET","url":"http:/","invalidateInfo":{"tags":["EAV_ATTRIBUTE_6","FPC"],"mode":"matchingTag"}} []
[2026-04-21T08:06:09.917271+00:00] main.DEBUG: cache_invalidate:  {"method":"GET","url":"http:/","invalidateInfo":{"tags":["EAV_ENTITY_TYPES_CUSTOMER_ENTITY","FPC"],"mode":"matchingTag"}} []
[2026-04-21T08:06:09.917789+00:00] main.DEBUG: cache_invalidate:  {"method":"GET","url":"http:/","invalidateInfo":{"tags":["EAV_FORM_adminhtml_customer_FORM","FPC"],"mode":"matchingTag"}} []
[2026-04-21T08:06:09.918277+00:00] main.DEBUG: cache_invalidate:  {"method":"GET","url":"http:/","invalidateInfo":{"tags":["EAV_FORM_customer_account_create_FORM","FPC"],"mode":"matchingTag"}} []
[2026-04-21T08:06:09.918733+00:00] main.DEBUG: cache_invalidate:  {"method":"GET","url":"http:/","invalidateInfo":{"tags":["EAV_FORM_customer_account_edit_FORM","FPC"],"mode":"matchingTag"}} []
[2026-04-21T08:06:09.919222+00:00] main.DEBUG: cache_invalidate:  {"method":"GET","url":"http:/","invalidateInfo":{"tags":["EAV_ATTRIBUTE_customer_middlename","FPC"],"mode":"matchingTag"}} []
[2026-04-21T08:06:09.923805+00:00] main.DEBUG: cache_invalidate:  {"method":"GET","url":"http:/","invalidateInfo":{"tags":["EAV_ATTRIBUTE_23","FPC"],"mode":"matchingTag"}} []
[2026-04-21T08:06:09.924359+00:00] main.DEBUG: cache_invalidate:  {"method":"GET","url":"http:/","invalidateInfo":{"tags":["EAV_ATTRIBUTE_customer_address_firstname","FPC"],"mode":"matchingTag"}} []
[2026-04-21T08:06:09.925990+00:00] main.DEBUG: cache_invalidate:  {"method":"GET","url":"http:/","invalidateInfo":{"tags":["EAV_ATTRIBUTE_25","FPC"],"mode":"matchingTag"}} []
[2026-04-21T08:06:09.926547+00:00] main.DEBUG: cache_invalidate:  {"method":"GET","url":"http:/","invalidateInfo":{"tags":["EAV_ATTRIBUTE_customer_address_lastname","FPC"],"mode":"matchingTag"}} []
[2026-04-21T08:06:09.928033+00:00] main.DEBUG: cache_invalidate:  {"method":"GET","url":"http:/","invalidateInfo":{"tags":["EAV_ATTRIBUTE_24","FPC"],"mode":"matchingTag"}} []
[2026-04-21T08:06:09.928503+00:00] main.DEBUG: cache_invalidate:  {"method":"GET","url":"http:/","invalidateInfo":{"tags":["EAV_ATTRIBUTE_customer_address_middlename","FPC"],"mode":"matchingTag"}} []
[2026-04-21T08:06:09.929774+00:00] main.DEBUG: cache_invalidate:  {"method":"GET","url":"http:/","invalidateInfo":{"tags":["EAV_ATTRIBUTE_5","FPC"],"mode":"matchingTag"}} []
[2026-04-21T08:06:09.930216+00:00] main.DEBUG: cache_invalidate:  {"method":"GET","url":"http:/","invalidateInfo":{"tags":["EAV_ATTRIBUTE_customer_firstname","FPC"],"mode":"matchingTag"}} []
[2026-04-21T08:06:09.931403+00:00] main.DEBUG: cache_invalidate:  {"method":"GET","url":"http:/","invalidateInfo":{"tags":["EAV_ATTRIBUTE_7","FPC"],"mode":"matchingTag"}} []
[2026-04-21T08:06:09.931869+00:00] main.DEBUG: cache_invalidate:  {"method":"GET","url":"http:/","invalidateInfo":{"tags":["EAV_ATTRIBUTE_customer_lastname","FPC"],"mode":"matchingTag"}} []
[2026-04-21T08:06:09.933003+00:00] main.DEBUG: cache_invalidate:  {"method":"GET","url":"http:/","invalidateInfo":{"tags":["EAV_ATTRIBUTE_6","FPC"],"mode":"matchingTag"}} []
[2026-04-21T08:06:09.933462+00:00] main.DEBUG: cache_invalidate:  {"method":"GET","url":"http:/","invalidateInfo":{"tags":["EAV_ATTRIBUTE_customer_middlename","FPC"],"mode":"matchingTag"}} []
[2026-04-21T08:06:10.104163+00:00] main.DEBUG: cache_invalidate:  {"method":"GET","url":"http:/","invalidateInfo":{"tags":["cms_p"],"mode":"matchingAnyTag"}} []
[2026-04-21T08:06:10.105432+00:00] main.DEBUG: cache_invalidate:  {"method":"GET","url":"http:/","invalidateInfo":{"tags":["cms_p_1","GRAPHQL_QUERY_RESOLVER_RESULT"],"mode":"matchingTag"}} []
[2026-04-21T08:06:10.106445+00:00] main.DEBUG: cache_invalidate:  {"method":"GET","url":"http:/","invalidateInfo":{"tags":["cms_p_1","FPC"],"mode":"matchingTag"}} []
[2026-04-21T08:06:10.159717+00:00] main.DEBUG: cache_invalidate:  {"method":"GET","url":"http:/","invalidateInfo":{"tags":["cms_p"],"mode":"matchingAnyTag"}} []
[2026-04-21T08:06:10.160430+00:00] main.DEBUG: cache_invalidate:  {"method":"GET","url":"http:/","invalidateInfo":{"tags":["cms_p_2","GRAPHQL_QUERY_RESOLVER_RESULT"],"mode":"matchingTag"}} []
[2026-04-21T08:06:10.161052+00:00] main.DEBUG: cache_invalidate:  {"method":"GET","url":"http:/","invalidateInfo":{"tags":["cms_p_2","FPC"],"mode":"matchingTag"}} []
[2026-04-21T08:06:10.174077+00:00] main.DEBUG: cache_invalidate:  {"method":"GET","url":"http:/","invalidateInfo":{"tags":["cms_p"],"mode":"matchingAnyTag"}} []
[2026-04-21T08:06:10.174879+00:00] main.DEBUG: cache_invalidate:  {"method":"GET","url":"http:/","invalidateInfo":{"tags":["cms_p_3","GRAPHQL_QUERY_RESOLVER_RESULT"],"mode":"matchingTag"}} []
[2026-04-21T08:06:10.175600+00:00] main.DEBUG: cache_invalidate:  {"method":"GET","url":"http:/","invalidateInfo":{"tags":["cms_p_3","FPC"],"mode":"matchingTag"}} []
[2026-04-21T08:06:10.197379+00:00] main.DEBUG: cache_invalidate:  {"method":"GET","url":"http:/","invalidateInfo":{"tags":["cms_p"],"mode":"matchingAnyTag"}} []
[2026-04-21T08:06:10.198117+00:00] main.DEBUG: cache_invalidate:  {"method":"GET","url":"http:/","invalidateInfo":{"tags":["cms_p_4","GRAPHQL_QUERY_RESOLVER_RESULT"],"mode":"matchingTag"}} []
[2026-04-21T08:06:10.198608+00:00] main.DEBUG: cache_invalidate:  {"method":"GET","url":"http:/","invalidateInfo":{"tags":["cms_p_4","FPC"],"mode":"matchingTag"}} []
[2026-04-21T08:06:10.219948+00:00] main.DEBUG: cache_invalidate:  {"method":"GET","url":"http:/","invalidateInfo":{"tags":["cms_p_1","FPC"],"mode":"matchingTag"}} []
[2026-04-21T08:06:10.220754+00:00] main.DEBUG: cache_invalidate:  {"method":"GET","url":"http:/","invalidateInfo":{"tags":["cms_p_2","FPC"],"mode":"matchingTag"}} []
[2026-04-21T08:06:10.221476+00:00] main.DEBUG: cache_invalidate:  {"method":"GET","url":"http:/","invalidateInfo":{"tags":["cms_p_3","FPC"],"mode":"matchingTag"}} []
[2026-04-21T08:06:10.222152+00:00] main.DEBUG: cache_invalidate:  {"method":"GET","url":"http:/","invalidateInfo":{"tags":["cms_p_4","FPC"],"mode":"matchingTag"}} []
[2026-04-21T08:06:10.244508+00:00] main.DEBUG: cache_invalidate:  {"method":"GET","url":"http:/","invalidateInfo":{"tags":["cms_p"],"mode":"matchingAnyTag"}} []
[2026-04-21T08:06:10.245200+00:00] main.DEBUG: cache_invalidate:  {"method":"GET","url":"http:/","invalidateInfo":{"tags":["cms_p_4","GRAPHQL_QUERY_RESOLVER_RESULT"],"mode":"matchingTag"}} []
[2026-04-21T08:06:10.245742+00:00] main.DEBUG: cache_invalidate:  {"method":"GET","url":"http:/","invalidateInfo":{"tags":["cms_p_4","FPC"],"mode":"matchingTag"}} []
[2026-04-21T08:06:10.251081+00:00] main.DEBUG: cache_invalidate:  {"method":"GET","url":"http:/","invalidateInfo":{"tags":["cms_p_4","FPC"],"mode":"matchingTag"}} []
[2026-04-21T08:06:10.330782+00:00] main.DEBUG: cache_invalidate:  {"method":"GET","url":"http:/","invalidateInfo":{"tags":["EAV"],"mode":"matchingAnyTag"}} []
[2026-04-21T08:06:10.341949+00:00] main.DEBUG: cache_invalidate:  {"method":"GET","url":"http:/","invalidateInfo":{"tags":["EAV","EAV_ATTRIBUTE"],"mode":"matchingAnyTag"}} []
[2026-04-21T08:06:10.521954+00:00] main.DEBUG: cache_invalidate:  {"method":"GET","url":"http:/","invalidateInfo":{"tags":["EAV","EAV_ATTRIBUTE"],"mode":"matchingAnyTag"}} []
[2026-04-21T08:06:11.105548+00:00] main.DEBUG: cache_invalidate:  {"method":"GET","url":"http:/","invalidateInfo":{"tags":["cat_c_1","cat_c_p_1","cat_c"],"mode":"matchingAnyTag"}} []
[2026-04-21T08:06:11.106846+00:00] main.DEBUG: cache_invalidate:  {"method":"GET","url":"http:/","invalidateInfo":{"tags":["cat_c_1","FPC"],"mode":"matchingTag"}} []
[2026-04-21T08:06:11.107383+00:00] main.DEBUG: cache_invalidate:  {"method":"GET","url":"http:/","invalidateInfo":{"tags":["cat_c_p_1","FPC"],"mode":"matchingTag"}} []
[2026-04-21T08:06:11.107886+00:00] main.DEBUG: cache_invalidate:  {"method":"GET","url":"http:/","invalidateInfo":{"tags":["cat_c","FPC"],"mode":"matchingTag"}} []
[2026-04-21T08:06:11.125014+00:00] main.DEBUG: cache_invalidate:  {"method":"GET","url":"http:/","invalidateInfo":{"tags":["cat_c_1","cat_c","cat_c_p_1"],"mode":"matchingAnyTag"}} []
[2026-04-21T08:06:11.125769+00:00] main.DEBUG: cache_invalidate:  {"method":"GET","url":"http:/","invalidateInfo":{"tags":["cat_c_1","cat_c","cat_c_p_1"],"mode":"matchingAnyTag"}} []
[2026-04-21T08:06:11.149932+00:00] main.DEBUG: cache_invalidate:  {"method":"GET","url":"http:/","invalidateInfo":{"tags":{"0":"cat_c_2","1":"cat_c_p_2","2":"cat_c_p_1","4":"cat_c"},"mode":"matchingAnyTag"}} []
[2026-04-21T08:06:11.150902+00:00] main.DEBUG: cache_invalidate:  {"method":"GET","url":"http:/","invalidateInfo":{"tags":["cat_c_2","FPC"],"mode":"matchingTag"}} []
[2026-04-21T08:06:11.151396+00:00] main.DEBUG: cache_invalidate:  {"method":"GET","url":"http:/","invalidateInfo":{"tags":["cat_c_p_2","FPC"],"mode":"matchingTag"}} []
[2026-04-21T08:06:11.151931+00:00] main.DEBUG: cache_invalidate:  {"method":"GET","url":"http:/","invalidateInfo":{"tags":["cat_c_p_1","FPC"],"mode":"matchingTag"}} []
[2026-04-21T08:06:11.152483+00:00] main.DEBUG: cache_invalidate:  {"method":"GET","url":"http:/","invalidateInfo":{"tags":["cat_c","FPC"],"mode":"matchingTag"}} []
[2026-04-21T08:06:11.153990+00:00] main.DEBUG: cache_invalidate:  {"method":"GET","url":"http:/","invalidateInfo":{"tags":["cat_c_2","cat_c_p_1","cat_c_p_2","cat_c"],"mode":"matchingAnyTag"}} []
[2026-04-21T08:06:11.154828+00:00] main.DEBUG: cache_invalidate:  {"method":"GET","url":"http:/","invalidateInfo":{"tags":["cat_c_2","cat_c_p_1","cat_c_p_2","cat_c"],"mode":"matchingAnyTag"}} []
[2026-04-21T08:06:11.212704+00:00] main.DEBUG: cache_invalidate:  {"method":"GET","url":"http:/","invalidateInfo":{"tags":["cat_c_1","FPC"],"mode":"matchingTag"}} []
[2026-04-21T08:06:11.213246+00:00] main.DEBUG: cache_invalidate:  {"method":"GET","url":"http:/","invalidateInfo":{"tags":["cat_c","FPC"],"mode":"matchingTag"}} []
[2026-04-21T08:06:11.213665+00:00] main.DEBUG: cache_invalidate:  {"method":"GET","url":"http:/","invalidateInfo":{"tags":["cat_c_p_1","FPC"],"mode":"matchingTag"}} []
[2026-04-21T08:06:11.215123+00:00] main.DEBUG: cache_invalidate:  {"method":"GET","url":"http:/","invalidateInfo":{"tags":["cat_c_2","FPC"],"mode":"matchingTag"}} []
[2026-04-21T08:06:11.215528+00:00] main.DEBUG: cache_invalidate:  {"method":"GET","url":"http:/","invalidateInfo":{"tags":["cat_c_p_1","FPC"],"mode":"matchingTag"}} []
[2026-04-21T08:06:11.215917+00:00] main.DEBUG: cache_invalidate:  {"method":"GET","url":"http:/","invalidateInfo":{"tags":["cat_c_p_2","FPC"],"mode":"matchingTag"}} []
[2026-04-21T08:06:11.216249+00:00] main.DEBUG: cache_invalidate:  {"method":"GET","url":"http:/","invalidateInfo":{"tags":["cat_c","FPC"],"mode":"matchingTag"}} []
[2026-04-21T08:06:11.535428+00:00] main.DEBUG: cache_invalidate:  {"method":"GET","url":"http:/","invalidateInfo":{"tags":["EAV","EAV_ATTRIBUTE"],"mode":"matchingAnyTag"}} []
[2026-04-21T08:06:11.537679+00:00] main.DEBUG: cache_invalidate:  {"method":"GET","url":"http:/","invalidateInfo":{"tags":["EAV","EAV_ATTRIBUTE"],"mode":"matchingAnyTag"}} []
[2026-04-21T08:06:11.538554+00:00] main.DEBUG: cache_invalidate:  {"method":"GET","url":"http:/","invalidateInfo":{"tags":["EAV_ATTRIBUTE"],"mode":"matchingAnyTag"}} []
[2026-04-21T08:06:11.540332+00:00] main.DEBUG: cache_invalidate:  {"method":"GET","url":"http:/","invalidateInfo":{"tags":["EAV_ATTRIBUTE_74","FPC"],"mode":"matchingTag"}} []
[2026-04-21T08:06:11.540755+00:00] main.DEBUG: cache_invalidate:  {"method":"GET","url":"http:/","invalidateInfo":{"tags":["EAV_ENTITY_TYPES_CATALOG_PRODUCT_ENTITY","FPC"],"mode":"matchingTag"}} []
[2026-04-21T08:06:11.541115+00:00] main.DEBUG: cache_invalidate:  {"method":"GET","url":"http:/","invalidateInfo":{"tags":["EAV_ATTRIBUTE_catalog_product_sku","FPC"],"mode":"matchingTag"}} []
[2026-04-21T08:06:11.541937+00:00] main.DEBUG: cache_invalidate:  {"method":"GET","url":"http:/","invalidateInfo":{"identifier":"request_declaration"}} []
[2026-04-21T08:06:11.561860+00:00] main.DEBUG: cache_invalidate:  {"method":"GET","url":"http:/","invalidateInfo":{"identifier":"request_declaration"}} []
[2026-04-21T08:06:11.595360+00:00] main.DEBUG: cache_invalidate:  {"method":"GET","url":"http:/","invalidateInfo":{"tags":["EAV","EAV_ATTRIBUTE"],"mode":"matchingAnyTag"}} []
[2026-04-21T08:06:11.597256+00:00] main.DEBUG: cache_invalidate:  {"method":"GET","url":"http:/","invalidateInfo":{"tags":["EAV","EAV_ATTRIBUTE"],"mode":"matchingAnyTag"}} []
[2026-04-21T08:06:11.598004+00:00] main.DEBUG: cache_invalidate:  {"method":"GET","url":"http:/","invalidateInfo":{"tags":["EAV_ATTRIBUTE"],"mode":"matchingAnyTag"}} []
[2026-04-21T08:06:11.599575+00:00] main.DEBUG: cache_invalidate:  {"method":"GET","url":"http:/","invalidateInfo":{"tags":["EAV_ATTRIBUTE_73","FPC"],"mode":"matchingTag"}} []
[2026-04-21T08:06:11.599968+00:00] main.DEBUG: cache_invalidate:  {"method":"GET","url":"http:/","invalidateInfo":{"tags":["EAV_ENTITY_TYPES_CATALOG_PRODUCT_ENTITY","FPC"],"mode":"matchingTag"}} []
[2026-04-21T08:06:11.600298+00:00] main.DEBUG: cache_invalidate:  {"method":"GET","url":"http:/","invalidateInfo":{"tags":["EAV_ATTRIBUTE_catalog_product_name","FPC"],"mode":"matchingTag"}} []
[2026-04-21T08:06:11.600889+00:00] main.DEBUG: cache_invalidate:  {"method":"GET","url":"http:/","invalidateInfo":{"identifier":"request_declaration"}} []
[2026-04-21T08:06:11.623174+00:00] main.DEBUG: cache_invalidate:  {"method":"GET","url":"http:/","invalidateInfo":{"identifier":"request_declaration"}} []
[2026-04-21T08:06:11.657143+00:00] main.DEBUG: cache_invalidate:  {"method":"GET","url":"http:/","invalidateInfo":{"tags":["EAV_ATTRIBUTE_74","FPC"],"mode":"matchingTag"}} []
[2026-04-21T08:06:11.657592+00:00] main.DEBUG: cache_invalidate:  {"method":"GET","url":"http:/","invalidateInfo":{"tags":["EAV_ATTRIBUTE_catalog_product_sku","FPC"],"mode":"matchingTag"}} []
[2026-04-21T08:06:11.658194+00:00] main.DEBUG: cache_invalidate:  {"method":"GET","url":"http:/","invalidateInfo":{"tags":["EAV_ATTRIBUTE_73","FPC"],"mode":"matchingTag"}} []
[2026-04-21T08:06:11.658514+00:00] main.DEBUG: cache_invalidate:  {"method":"GET","url":"http:/","invalidateInfo":{"tags":["EAV_ATTRIBUTE_catalog_product_name","FPC"],"mode":"matchingTag"}} []
[2026-04-21T08:06:11.891637+00:00] main.DEBUG: cache_invalidate:  {"method":"GET","url":"http:/","invalidateInfo":{"tags":["EAV"],"mode":"matchingAnyTag"}} []
[2026-04-21T08:06:11.901895+00:00] main.DEBUG: cache_invalidate:  {"method":"GET","url":"http:/","invalidateInfo":{"tags":["EAV","EAV_ATTRIBUTE"],"mode":"matchingAnyTag"}} []
[2026-04-21T08:06:11.915813+00:00] main.DEBUG: cache_invalidate:  {"method":"GET","url":"http:/","invalidateInfo":{"tags":["EAV","EAV_ATTRIBUTE"],"mode":"matchingAnyTag"}} []
[2026-04-21T08:06:11.927763+00:00] main.DEBUG: cache_invalidate:  {"method":"GET","url":"http:/","invalidateInfo":{"tags":["EAV","EAV_ATTRIBUTE"],"mode":"matchingAnyTag"}} []
[2026-04-21T08:06:11.936556+00:00] main.DEBUG: cache_invalidate:  {"method":"GET","url":"http:/","invalidateInfo":{"tags":["EAV","EAV_ATTRIBUTE"],"mode":"matchingAnyTag"}} []
[2026-04-21T08:06:11.977795+00:00] main.DEBUG: cache_invalidate:  {"method":"GET","url":"http:/","invalidateInfo":{"tags":["EAV","EAV_ATTRIBUTE"],"mode":"matchingAnyTag"}} []
[2026-04-21T08:06:12.008750+00:00] main.DEBUG: cache_invalidate:  {"method":"GET","url":"http:/","invalidateInfo":{"tags":["EAV","EAV_ATTRIBUTE"],"mode":"matchingAnyTag"}} []
[2026-04-21T08:06:12.017424+00:00] main.DEBUG: cache_invalidate:  {"method":"GET","url":"http:/","invalidateInfo":{"tags":["EAV","EAV_ATTRIBUTE"],"mode":"matchingAnyTag"}} []
[2026-04-21T08:06:12.021186+00:00] main.DEBUG: cache_invalidate:  {"method":"GET","url":"http:/","invalidateInfo":{"tags":["EAV","EAV_ATTRIBUTE"],"mode":"matchingAnyTag"}} []
[2026-04-21T08:06:12.642405+00:00] main.DEBUG: cache_invalidate:  {"method":"GET","url":"http:/","invalidateInfo":{"tags":["cms_p"],"mode":"matchingAnyTag"}} []
[2026-04-21T08:06:12.643159+00:00] main.DEBUG: cache_invalidate:  {"method":"GET","url":"http:/","invalidateInfo":{"tags":["cms_p_2","GRAPHQL_QUERY_RESOLVER_RESULT"],"mode":"matchingTag"}} []
[2026-04-21T08:06:12.643730+00:00] main.DEBUG: cache_invalidate:  {"method":"GET","url":"http:/","invalidateInfo":{"tags":["cms_p_2","FPC"],"mode":"matchingTag"}} []
[2026-04-21T08:06:12.645663+00:00] main.DEBUG: cache_invalidate:  {"method":"GET","url":"http:/","invalidateInfo":{"tags":["cms_p_2","FPC"],"mode":"matchingTag"}} []
[2026-04-21T08:06:13.022765+00:00] main.DEBUG: cache_invalidate:  {"method":"GET","url":"http:/","invalidateInfo":{"tags":["CONFIG"],"mode":"matchingTag"}} []
[2026-04-21T08:06:13.621633+00:00] main.DEBUG: cache_invalidate:  {"method":"GET","url":"http:/","invalidateInfo":{"identifier":"DB_PDO_MYSQL_DDL_design_config_grid_flat_1"}} []
[2026-04-21T08:06:13.622451+00:00] main.DEBUG: cache_invalidate:  {"method":"GET","url":"http:/","invalidateInfo":{"identifier":"DB_PDO_MYSQL_DDL_design_config_grid_flat_2"}} []
[2026-04-21T08:06:13.623195+00:00] main.DEBUG: cache_invalidate:  {"method":"GET","url":"http:/","invalidateInfo":{"identifier":"DB_PDO_MYSQL_DDL_design_config_grid_flat_3"}} []
[2026-04-21T08:06:13.623924+00:00] main.DEBUG: cache_invalidate:  {"method":"GET","url":"http:/","invalidateInfo":{"identifier":"DB_PDO_MYSQL_DDL_design_config_grid_flat_4"}} []
[2026-04-21T08:06:13.624583+00:00] main.DEBUG: cache_invalidate:  {"method":"GET","url":"http:/","invalidateInfo":{"identifier":"DB_PDO_MYSQL_DDL_design_config_grid_flat_5"}} []
[2026-04-21T08:06:13.918097+00:00] main.DEBUG: cache_invalidate:  {"method":"GET","url":"http:/","invalidateInfo":{"identifier":"DB_PDO_MYSQL_DDL_customer_grid_flat_1"}} []
[2026-04-21T08:06:13.918944+00:00] main.DEBUG: cache_invalidate:  {"method":"GET","url":"http:/","invalidateInfo":{"identifier":"DB_PDO_MYSQL_DDL_customer_grid_flat_2"}} []
[2026-04-21T08:06:13.919731+00:00] main.DEBUG: cache_invalidate:  {"method":"GET","url":"http:/","invalidateInfo":{"identifier":"DB_PDO_MYSQL_DDL_customer_grid_flat_3"}} []
[2026-04-21T08:06:13.920508+00:00] main.DEBUG: cache_invalidate:  {"method":"GET","url":"http:/","invalidateInfo":{"identifier":"DB_PDO_MYSQL_DDL_customer_grid_flat_4"}} []
[2026-04-21T08:06:13.921148+00:00] main.DEBUG: cache_invalidate:  {"method":"GET","url":"http:/","invalidateInfo":{"identifier":"DB_PDO_MYSQL_DDL_customer_grid_flat_5"}} []
[2026-04-21T08:06:14.478078+00:00] main.DEBUG: cache_invalidate:  {"method":"GET","url":"http:/","invalidateInfo":{"tags":["CONFIG"],"mode":"matchingTag"}} []
[2026-04-21T08:06:14.509605+00:00] main.DEBUG: cache_invalidate:  {"method":"GET","url":"http:/","invalidateInfo":{"tags":["LAYOUT_GENERAL_CACHE_TAG"],"mode":"matchingTag"}} []
[2026-04-21T08:06:14.511173+00:00] main.DEBUG: cache_invalidate:  {"method":"GET","url":"http:/","invalidateInfo":{"tags":["BLOCK_HTML"],"mode":"matchingTag"}} []
[2026-04-21T08:06:14.512696+00:00] main.DEBUG: cache_invalidate:  {"method":"GET","url":"http:/","invalidateInfo":{"tags":["COLLECTION_DATA"],"mode":"matchingTag"}} []
[2026-04-21T08:06:14.514261+00:00] main.DEBUG: cache_invalidate:  {"method":"GET","url":"http:/","invalidateInfo":{"tags":["REFLECTION"],"mode":"matchingTag"}} []
[2026-04-21T08:06:14.516103+00:00] main.DEBUG: cache_invalidate:  {"method":"GET","url":"http:/","invalidateInfo":{"tags":["DB_DDL"],"mode":"matchingTag"}} []
[2026-04-21T08:06:14.517448+00:00] main.DEBUG: cache_invalidate:  {"method":"GET","url":"http:/","invalidateInfo":{"tags":["COMPILED_CONFIG"],"mode":"matchingTag"}} []
[2026-04-21T08:06:14.519120+00:00] main.DEBUG: cache_invalidate:  {"method":"GET","url":"http:/","invalidateInfo":{"tags":["EAV"],"mode":"matchingTag"}} []
[2026-04-21T08:06:14.520757+00:00] main.DEBUG: cache_invalidate:  {"method":"GET","url":"http:/","invalidateInfo":{"tags":["CUSTOMER_NOTIFICATION"],"mode":"matchingTag"}} []
[2026-04-21T08:06:14.522286+00:00] main.DEBUG: cache_invalidate:  {"method":"GET","url":"http:/","invalidateInfo":{"tags":["INTEGRATION"],"mode":"matchingTag"}} []
[2026-04-21T08:06:14.523859+00:00] main.DEBUG: cache_invalidate:  {"method":"GET","url":"http:/","invalidateInfo":{"tags":["INTEGRATION_API_CONFIG"],"mode":"matchingTag"}} []
[2026-04-21T08:06:14.524934+00:00] main.DEBUG: cache_invalidate:  {"method":"GET","url":"http:/","invalidateInfo":{"tags":["GRAPHQL_QUERY_RESOLVER_RESULT"],"mode":"matchingTag"}} []
[2026-04-21T08:06:14.526257+00:00] main.DEBUG: cache_invalidate:  {"method":"GET","url":"http:/","invalidateInfo":{"tags":["FPC"],"mode":"matchingTag"}} []
[2026-04-21T08:06:14.527676+00:00] main.DEBUG: cache_invalidate:  {"method":"GET","url":"http:/","invalidateInfo":{"tags":["WEBSERVICE"],"mode":"matchingTag"}} []
[2026-04-21T08:06:14.528989+00:00] main.DEBUG: cache_invalidate:  {"method":"GET","url":"http:/","invalidateInfo":{"tags":["TRANSLATE"],"mode":"matchingTag"}} []
[2026-04-21T08:06:14.628510+00:00] main.DEBUG: cache_invalidate:  {"method":"GET","url":"http:/","invalidateInfo":{"identifier":"DB_PDO_MYSQL_DDL_cataloginventory_stock_status_1"}} []
[2026-04-21T08:06:14.629209+00:00] main.DEBUG: cache_invalidate:  {"method":"GET","url":"http:/","invalidateInfo":{"identifier":"DB_PDO_MYSQL_DDL_cataloginventory_stock_status_2"}} []
[2026-04-21T08:06:14.629790+00:00] main.DEBUG: cache_invalidate:  {"method":"GET","url":"http:/","invalidateInfo":{"identifier":"DB_PDO_MYSQL_DDL_cataloginventory_stock_status_3"}} []
[2026-04-21T08:06:14.630312+00:00] main.DEBUG: cache_invalidate:  {"method":"GET","url":"http:/","invalidateInfo":{"identifier":"DB_PDO_MYSQL_DDL_cataloginventory_stock_status_4"}} []
[2026-04-21T08:06:14.630843+00:00] main.DEBUG: cache_invalidate:  {"method":"GET","url":"http:/","invalidateInfo":{"identifier":"DB_PDO_MYSQL_DDL_cataloginventory_stock_status_5"}} []
[2026-04-21T08:06:14.631374+00:00] main.DEBUG: cache_invalidate:  {"method":"GET","url":"http:/","invalidateInfo":{"identifier":"DB_PDO_MYSQL_DDL_cataloginventory_stock_status_outdated_1"}} []
[2026-04-21T08:06:14.632286+00:00] main.DEBUG: cache_invalidate:  {"method":"GET","url":"http:/","invalidateInfo":{"identifier":"DB_PDO_MYSQL_DDL_cataloginventory_stock_status_outdated_2"}} []
[2026-04-21T08:06:14.632873+00:00] main.DEBUG: cache_invalidate:  {"method":"GET","url":"http:/","invalidateInfo":{"identifier":"DB_PDO_MYSQL_DDL_cataloginventory_stock_status_outdated_3"}} []
[2026-04-21T08:06:14.633363+00:00] main.DEBUG: cache_invalidate:  {"method":"GET","url":"http:/","invalidateInfo":{"identifier":"DB_PDO_MYSQL_DDL_cataloginventory_stock_status_outdated_4"}} []
[2026-04-21T08:06:14.633897+00:00] main.DEBUG: cache_invalidate:  {"method":"GET","url":"http:/","invalidateInfo":{"identifier":"DB_PDO_MYSQL_DDL_cataloginventory_stock_status_outdated_5"}} []
[2026-04-21T08:06:14.634446+00:00] main.DEBUG: cache_invalidate:  {"method":"GET","url":"http:/","invalidateInfo":{"identifier":"DB_PDO_MYSQL_DDL_cataloginventory_stock_status_replica_1"}} []
[2026-04-21T08:06:14.635111+00:00] main.DEBUG: cache_invalidate:  {"method":"GET","url":"http:/","invalidateInfo":{"identifier":"DB_PDO_MYSQL_DDL_cataloginventory_stock_status_replica_2"}} []
[2026-04-21T08:06:14.635850+00:00] main.DEBUG: cache_invalidate:  {"method":"GET","url":"http:/","invalidateInfo":{"identifier":"DB_PDO_MYSQL_DDL_cataloginventory_stock_status_replica_3"}} []
[2026-04-21T08:06:14.636677+00:00] main.DEBUG: cache_invalidate:  {"method":"GET","url":"http:/","invalidateInfo":{"identifier":"DB_PDO_MYSQL_DDL_cataloginventory_stock_status_replica_4"}} []
[2026-04-21T08:06:14.637402+00:00] main.DEBUG: cache_invalidate:  {"method":"GET","url":"http:/","invalidateInfo":{"identifier":"DB_PDO_MYSQL_DDL_cataloginventory_stock_status_replica_5"}} []
[2026-04-21T08:06:14.638305+00:00] main.DEBUG: cache_invalidate:  {"method":"GET","url":"http:/","invalidateInfo":{"tags":["cat_c","FPC"],"mode":"matchingTag"}} []
[2026-04-21T08:06:14.638903+00:00] main.DEBUG: cache_invalidate:  {"method":"GET","url":"http:/","invalidateInfo":{"tags":["cat_p","FPC"],"mode":"matchingTag"}} []
[2026-04-21T08:06:14.639667+00:00] main.DEBUG: cache_invalidate:  {"method":"GET","url":"http:/","invalidateInfo":{"tags":["cat_c","cat_p"],"mode":"matchingAnyTag"}} []
[2026-04-21T08:06:14.705038+00:00] main.DEBUG: cache_invalidate:  {"method":"GET","url":"http:/","invalidateInfo":{"identifier":"DB_PDO_MYSQL_DDL_customer_grid_flat_1"}} []
[2026-04-21T08:06:14.705963+00:00] main.DEBUG: cache_invalidate:  {"method":"GET","url":"http:/","invalidateInfo":{"identifier":"DB_PDO_MYSQL_DDL_customer_grid_flat_2"}} []
[2026-04-21T08:06:14.706770+00:00] main.DEBUG: cache_invalidate:  {"method":"GET","url":"http:/","invalidateInfo":{"identifier":"DB_PDO_MYSQL_DDL_customer_grid_flat_3"}} []
[2026-04-21T08:06:14.707281+00:00] main.DEBUG: cache_invalidate:  {"method":"GET","url":"http:/","invalidateInfo":{"identifier":"DB_PDO_MYSQL_DDL_customer_grid_flat_4"}} []
[2026-04-21T08:06:14.707869+00:00] main.DEBUG: cache_invalidate:  {"method":"GET","url":"http:/","invalidateInfo":{"identifier":"DB_PDO_MYSQL_DDL_customer_grid_flat_5"}} []
[2026-04-21T08:06:14.856568+00:00] main.DEBUG: cache_invalidate:  {"method":"GET","url":"http:/","invalidateInfo":{"identifier":"DB_PDO_MYSQL_DDL_customer_grid_flat_1"}} []
[2026-04-21T08:06:14.857330+00:00] main.DEBUG: cache_invalidate:  {"method":"GET","url":"http:/","invalidateInfo":{"identifier":"DB_PDO_MYSQL_DDL_customer_grid_flat_2"}} []
[2026-04-21T08:06:14.857951+00:00] main.DEBUG: cache_invalidate:  {"method":"GET","url":"http:/","invalidateInfo":{"identifier":"DB_PDO_MYSQL_DDL_customer_grid_flat_3"}} []
[2026-04-21T08:06:14.858527+00:00] main.DEBUG: cache_invalidate:  {"method":"GET","url":"http:/","invalidateInfo":{"identifier":"DB_PDO_MYSQL_DDL_customer_grid_flat_4"}} []
[2026-04-21T08:06:14.859041+00:00] main.DEBUG: cache_invalidate:  {"method":"GET","url":"http:/","invalidateInfo":{"identifier":"DB_PDO_MYSQL_DDL_customer_grid_flat_5"}} []
[2026-04-21T08:06:15.042182+00:00] main.DEBUG: cache_invalidate:  {"method":"GET","url":"http:/","invalidateInfo":{"identifier":"DB_PDO_MYSQL_DDL_catalog_category_product_index_store1_1"}} []
[2026-04-21T08:06:15.043045+00:00] main.DEBUG: cache_invalidate:  {"method":"GET","url":"http:/","invalidateInfo":{"identifier":"DB_PDO_MYSQL_DDL_catalog_category_product_index_store1_2"}} []
[2026-04-21T08:06:15.043819+00:00] main.DEBUG: cache_invalidate:  {"method":"GET","url":"http:/","invalidateInfo":{"identifier":"DB_PDO_MYSQL_DDL_catalog_category_product_index_store1_3"}} []
[2026-04-21T08:06:15.044549+00:00] main.DEBUG: cache_invalidate:  {"method":"GET","url":"http:/","invalidateInfo":{"identifier":"DB_PDO_MYSQL_DDL_catalog_category_product_index_store1_4"}} []
[2026-04-21T08:06:15.045288+00:00] main.DEBUG: cache_invalidate:  {"method":"GET","url":"http:/","invalidateInfo":{"identifier":"DB_PDO_MYSQL_DDL_catalog_category_product_index_store1_5"}} []
[2026-04-21T08:06:15.045990+00:00] main.DEBUG: cache_invalidate:  {"method":"GET","url":"http:/","invalidateInfo":{"identifier":"DB_PDO_MYSQL_DDL_catalog_category_product_index_store1_outdated_1"}} []
[2026-04-21T08:06:15.046696+00:00] main.DEBUG: cache_invalidate:  {"method":"GET","url":"http:/","invalidateInfo":{"identifier":"DB_PDO_MYSQL_DDL_catalog_category_product_index_store1_outdated_2"}} []
[2026-04-21T08:06:15.047371+00:00] main.DEBUG: cache_invalidate:  {"method":"GET","url":"http:/","invalidateInfo":{"identifier":"DB_PDO_MYSQL_DDL_catalog_category_product_index_store1_outdated_3"}} []
[2026-04-21T08:06:15.048036+00:00] main.DEBUG: cache_invalidate:  {"method":"GET","url":"http:/","invalidateInfo":{"identifier":"DB_PDO_MYSQL_DDL_catalog_category_product_index_store1_outdated_4"}} []
[2026-04-21T08:06:15.048720+00:00] main.DEBUG: cache_invalidate:  {"method":"GET","url":"http:/","invalidateInfo":{"identifier":"DB_PDO_MYSQL_DDL_catalog_category_product_index_store1_outdated_5"}} []
[2026-04-21T08:06:15.049429+00:00] main.DEBUG: cache_invalidate:  {"method":"GET","url":"http:/","invalidateInfo":{"identifier":"DB_PDO_MYSQL_DDL_catalog_category_product_index_store1_replica_1"}} []
[2026-04-21T08:06:15.050101+00:00] main.DEBUG: cache_invalidate:  {"method":"GET","url":"http:/","invalidateInfo":{"identifier":"DB_PDO_MYSQL_DDL_catalog_category_product_index_store1_replica_2"}} []
[2026-04-21T08:06:15.050775+00:00] main.DEBUG: cache_invalidate:  {"method":"GET","url":"http:/","invalidateInfo":{"identifier":"DB_PDO_MYSQL_DDL_catalog_category_product_index_store1_replica_3"}} []
[2026-04-21T08:06:15.051504+00:00] main.DEBUG: cache_invalidate:  {"method":"GET","url":"http:/","invalidateInfo":{"identifier":"DB_PDO_MYSQL_DDL_catalog_category_product_index_store1_replica_4"}} []
[2026-04-21T08:06:15.052178+00:00] main.DEBUG: cache_invalidate:  {"method":"GET","url":"http:/","invalidateInfo":{"identifier":"DB_PDO_MYSQL_DDL_catalog_category_product_index_store1_replica_5"}} []
[2026-04-21T08:06:15.053851+00:00] main.DEBUG: cache_invalidate:  {"method":"GET","url":"http:/","invalidateInfo":{"tags":["cat_c","FPC"],"mode":"matchingTag"}} []
[2026-04-21T08:06:15.054492+00:00] main.DEBUG: cache_invalidate:  {"method":"GET","url":"http:/","invalidateInfo":{"tags":["cat_c"],"mode":"matchingAnyTag"}} []
[2026-04-21T08:06:15.201973+00:00] main.DEBUG: cache_invalidate:  {"method":"GET","url":"http:/","invalidateInfo":{"identifier":"DB_PDO_MYSQL_DDL_catalog_category_product_index_store1_1"}} []
[2026-04-21T08:06:15.203018+00:00] main.DEBUG: cache_invalidate:  {"method":"GET","url":"http:/","invalidateInfo":{"identifier":"DB_PDO_MYSQL_DDL_catalog_category_product_index_store1_2"}} []
[2026-04-21T08:06:15.204251+00:00] main.DEBUG: cache_invalidate:  {"method":"GET","url":"http:/","invalidateInfo":{"identifier":"DB_PDO_MYSQL_DDL_catalog_category_product_index_store1_3"}} []
[2026-04-21T08:06:15.205261+00:00] main.DEBUG: cache_invalidate:  {"method":"GET","url":"http:/","invalidateInfo":{"identifier":"DB_PDO_MYSQL_DDL_catalog_category_product_index_store1_4"}} []
[2026-04-21T08:06:15.206089+00:00] main.DEBUG: cache_invalidate:  {"method":"GET","url":"http:/","invalidateInfo":{"identifier":"DB_PDO_MYSQL_DDL_catalog_category_product_index_store1_5"}} []
[2026-04-21T08:06:15.206781+00:00] main.DEBUG: cache_invalidate:  {"method":"GET","url":"http:/","invalidateInfo":{"identifier":"DB_PDO_MYSQL_DDL_catalog_category_product_index_store1_outdated_1"}} []
[2026-04-21T08:06:15.207292+00:00] main.DEBUG: cache_invalidate:  {"method":"GET","url":"http:/","invalidateInfo":{"identifier":"DB_PDO_MYSQL_DDL_catalog_category_product_index_store1_outdated_2"}} []
[2026-04-21T08:06:15.207823+00:00] main.DEBUG: cache_invalidate:  {"method":"GET","url":"http:/","invalidateInfo":{"identifier":"DB_PDO_MYSQL_DDL_catalog_category_product_index_store1_outdated_3"}} []
[2026-04-21T08:06:15.208341+00:00] main.DEBUG: cache_invalidate:  {"method":"GET","url":"http:/","invalidateInfo":{"identifier":"DB_PDO_MYSQL_DDL_catalog_category_product_index_store1_outdated_4"}} []
[2026-04-21T08:06:15.208909+00:00] main.DEBUG: cache_invalidate:  {"method":"GET","url":"http:/","invalidateInfo":{"identifier":"DB_PDO_MYSQL_DDL_catalog_category_product_index_store1_outdated_5"}} []
[2026-04-21T08:06:15.209477+00:00] main.DEBUG: cache_invalidate:  {"method":"GET","url":"http:/","invalidateInfo":{"identifier":"DB_PDO_MYSQL_DDL_catalog_category_product_index_store1_replica_1"}} []
[2026-04-21T08:06:15.210007+00:00] main.DEBUG: cache_invalidate:  {"method":"GET","url":"http:/","invalidateInfo":{"identifier":"DB_PDO_MYSQL_DDL_catalog_category_product_index_store1_replica_2"}} []
[2026-04-21T08:06:15.210509+00:00] main.DEBUG: cache_invalidate:  {"method":"GET","url":"http:/","invalidateInfo":{"identifier":"DB_PDO_MYSQL_DDL_catalog_category_product_index_store1_replica_3"}} []
[2026-04-21T08:06:15.211032+00:00] main.DEBUG: cache_invalidate:  {"method":"GET","url":"http:/","invalidateInfo":{"identifier":"DB_PDO_MYSQL_DDL_catalog_category_product_index_store1_replica_4"}} []
[2026-04-21T08:06:15.211536+00:00] main.DEBUG: cache_invalidate:  {"method":"GET","url":"http:/","invalidateInfo":{"identifier":"DB_PDO_MYSQL_DDL_catalog_category_product_index_store1_replica_5"}} []
[2026-04-21T08:06:15.212939+00:00] main.DEBUG: cache_invalidate:  {"method":"GET","url":"http:/","invalidateInfo":{"tags":["cat_c","FPC"],"mode":"matchingTag"}} []
[2026-04-21T08:06:15.213378+00:00] main.DEBUG: cache_invalidate:  {"method":"GET","url":"http:/","invalidateInfo":{"tags":["cat_p","FPC"],"mode":"matchingTag"}} []
[2026-04-21T08:06:15.213980+00:00] main.DEBUG: cache_invalidate:  {"method":"GET","url":"http:/","invalidateInfo":{"tags":["cat_c","cat_p"],"mode":"matchingAnyTag"}} []
[2026-04-21T08:06:15.365437+00:00] main.DEBUG: cache_invalidate:  {"method":"GET","url":"http:/","invalidateInfo":{"identifier":"DB_PDO_MYSQL_DDL_catalogrule_product_1"}} []
[2026-04-21T08:06:15.366137+00:00] main.DEBUG: cache_invalidate:  {"method":"GET","url":"http:/","invalidateInfo":{"identifier":"DB_PDO_MYSQL_DDL_catalogrule_product_2"}} []
[2026-04-21T08:06:15.366746+00:00] main.DEBUG: cache_invalidate:  {"method":"GET","url":"http:/","invalidateInfo":{"identifier":"DB_PDO_MYSQL_DDL_catalogrule_product_3"}} []
[2026-04-21T08:06:15.367375+00:00] main.DEBUG: cache_invalidate:  {"method":"GET","url":"http:/","invalidateInfo":{"identifier":"DB_PDO_MYSQL_DDL_catalogrule_product_4"}} []
[2026-04-21T08:06:15.368100+00:00] main.DEBUG: cache_invalidate:  {"method":"GET","url":"http:/","invalidateInfo":{"identifier":"DB_PDO_MYSQL_DDL_catalogrule_product_5"}} []
[2026-04-21T08:06:15.368847+00:00] main.DEBUG: cache_invalidate:  {"method":"GET","url":"http:/","invalidateInfo":{"identifier":"DB_PDO_MYSQL_DDL_catalogrule_productf15f864f_1"}} []
[2026-04-21T08:06:15.369782+00:00] main.DEBUG: cache_invalidate:  {"method":"GET","url":"http:/","invalidateInfo":{"identifier":"DB_PDO_MYSQL_DDL_catalogrule_productf15f864f_2"}} []
[2026-04-21T08:06:15.370648+00:00] main.DEBUG: cache_invalidate:  {"method":"GET","url":"http:/","invalidateInfo":{"identifier":"DB_PDO_MYSQL_DDL_catalogrule_productf15f864f_3"}} []
[2026-04-21T08:06:15.371438+00:00] main.DEBUG: cache_invalidate:  {"method":"GET","url":"http:/","invalidateInfo":{"identifier":"DB_PDO_MYSQL_DDL_catalogrule_productf15f864f_4"}} []
[2026-04-21T08:06:15.372108+00:00] main.DEBUG: cache_invalidate:  {"method":"GET","url":"http:/","invalidateInfo":{"identifier":"DB_PDO_MYSQL_DDL_catalogrule_productf15f864f_5"}} []
[2026-04-21T08:06:15.372872+00:00] main.DEBUG: cache_invalidate:  {"method":"GET","url":"http:/","invalidateInfo":{"identifier":"DB_PDO_MYSQL_DDL_catalogrule_product__temp586d1f30_1"}} []
[2026-04-21T08:06:15.373548+00:00] main.DEBUG: cache_invalidate:  {"method":"GET","url":"http:/","invalidateInfo":{"identifier":"DB_PDO_MYSQL_DDL_catalogrule_product__temp586d1f30_2"}} []
[2026-04-21T08:06:15.374136+00:00] main.DEBUG: cache_invalidate:  {"method":"GET","url":"http:/","invalidateInfo":{"identifier":"DB_PDO_MYSQL_DDL_catalogrule_product__temp586d1f30_3"}} []
[2026-04-21T08:06:15.374679+00:00] main.DEBUG: cache_invalidate:  {"method":"GET","url":"http:/","invalidateInfo":{"identifier":"DB_PDO_MYSQL_DDL_catalogrule_product__temp586d1f30_4"}} []
[2026-04-21T08:06:15.375251+00:00] main.DEBUG: cache_invalidate:  {"method":"GET","url":"http:/","invalidateInfo":{"identifier":"DB_PDO_MYSQL_DDL_catalogrule_product__temp586d1f30_5"}} []
[2026-04-21T08:06:15.375869+00:00] main.DEBUG: cache_invalidate:  {"method":"GET","url":"http:/","invalidateInfo":{"identifier":"DB_PDO_MYSQL_DDL_catalogrule_product_price_1"}} []
[2026-04-21T08:06:15.376417+00:00] main.DEBUG: cache_invalidate:  {"method":"GET","url":"http:/","invalidateInfo":{"identifier":"DB_PDO_MYSQL_DDL_catalogrule_product_price_2"}} []
[2026-04-21T08:06:15.376939+00:00] main.DEBUG: cache_invalidate:  {"method":"GET","url":"http:/","invalidateInfo":{"identifier":"DB_PDO_MYSQL_DDL_catalogrule_product_price_3"}} []
[2026-04-21T08:06:15.377437+00:00] main.DEBUG: cache_invalidate:  {"method":"GET","url":"http:/","invalidateInfo":{"identifier":"DB_PDO_MYSQL_DDL_catalogrule_product_price_4"}} []
[2026-04-21T08:06:15.377942+00:00] main.DEBUG: cache_invalidate:  {"method":"GET","url":"http:/","invalidateInfo":{"identifier":"DB_PDO_MYSQL_DDL_catalogrule_product_price_5"}} []
[2026-04-21T08:06:15.378443+00:00] main.DEBUG: cache_invalidate:  {"method":"GET","url":"http:/","invalidateInfo":{"identifier":"DB_PDO_MYSQL_DDL_catalogrule_product_price52249905_1"}} []
[2026-04-21T08:06:15.379017+00:00] main.DEBUG: cache_invalidate:  {"method":"GET","url":"http:/","invalidateInfo":{"identifier":"DB_PDO_MYSQL_DDL_catalogrule_product_price52249905_2"}} []
[2026-04-21T08:06:15.379525+00:00] main.DEBUG: cache_invalidate:  {"method":"GET","url":"http:/","invalidateInfo":{"identifier":"DB_PDO_MYSQL_DDL_catalogrule_product_price52249905_3"}} []
[2026-04-21T08:06:15.380093+00:00] main.DEBUG: cache_invalidate:  {"method":"GET","url":"http:/","invalidateInfo":{"identifier":"DB_PDO_MYSQL_DDL_catalogrule_product_price52249905_4"}} []
[2026-04-21T08:06:15.380588+00:00] main.DEBUG: cache_invalidate:  {"method":"GET","url":"http:/","invalidateInfo":{"identifier":"DB_PDO_MYSQL_DDL_catalogrule_product_price52249905_5"}} []
[2026-04-21T08:06:15.381121+00:00] main.DEBUG: cache_invalidate:  {"method":"GET","url":"http:/","invalidateInfo":{"identifier":"DB_PDO_MYSQL_DDL_catalogrule_product_price__temp88634b0f_1"}} []
[2026-04-21T08:06:15.381601+00:00] main.DEBUG: cache_invalidate:  {"method":"GET","url":"http:/","invalidateInfo":{"identifier":"DB_PDO_MYSQL_DDL_catalogrule_product_price__temp88634b0f_2"}} []
[2026-04-21T08:06:15.382108+00:00] main.DEBUG: cache_invalidate:  {"method":"GET","url":"http:/","invalidateInfo":{"identifier":"DB_PDO_MYSQL_DDL_catalogrule_product_price__temp88634b0f_3"}} []
[2026-04-21T08:06:15.382572+00:00] main.DEBUG: cache_invalidate:  {"method":"GET","url":"http:/","invalidateInfo":{"identifier":"DB_PDO_MYSQL_DDL_catalogrule_product_price__temp88634b0f_4"}} []
[2026-04-21T08:06:15.383091+00:00] main.DEBUG: cache_invalidate:  {"method":"GET","url":"http:/","invalidateInfo":{"identifier":"DB_PDO_MYSQL_DDL_catalogrule_product_price__temp88634b0f_5"}} []
[2026-04-21T08:06:15.383601+00:00] main.DEBUG: cache_invalidate:  {"method":"GET","url":"http:/","invalidateInfo":{"identifier":"DB_PDO_MYSQL_DDL_catalogrule_group_website_1"}} []
[2026-04-21T08:06:15.384140+00:00] main.DEBUG: cache_invalidate:  {"method":"GET","url":"http:/","invalidateInfo":{"identifier":"DB_PDO_MYSQL_DDL_catalogrule_group_website_2"}} []
[2026-04-21T08:06:15.384726+00:00] main.DEBUG: cache_invalidate:  {"method":"GET","url":"http:/","invalidateInfo":{"identifier":"DB_PDO_MYSQL_DDL_catalogrule_group_website_3"}} []
[2026-04-21T08:06:15.385223+00:00] main.DEBUG: cache_invalidate:  {"method":"GET","url":"http:/","invalidateInfo":{"identifier":"DB_PDO_MYSQL_DDL_catalogrule_group_website_4"}} []
[2026-04-21T08:06:15.385828+00:00] main.DEBUG: cache_invalidate:  {"method":"GET","url":"http:/","invalidateInfo":{"identifier":"DB_PDO_MYSQL_DDL_catalogrule_group_website_5"}} []
[2026-04-21T08:06:15.386569+00:00] main.DEBUG: cache_invalidate:  {"method":"GET","url":"http:/","invalidateInfo":{"identifier":"DB_PDO_MYSQL_DDL_catalogrule_group_website36a46d32_1"}} []
[2026-04-21T08:06:15.387345+00:00] main.DEBUG: cache_invalidate:  {"method":"GET","url":"http:/","invalidateInfo":{"identifier":"DB_PDO_MYSQL_DDL_catalogrule_group_website36a46d32_2"}} []
[2026-04-21T08:06:15.388096+00:00] main.DEBUG: cache_invalidate:  {"method":"GET","url":"http:/","invalidateInfo":{"identifier":"DB_PDO_MYSQL_DDL_catalogrule_group_website36a46d32_3"}} []
[2026-04-21T08:06:15.388854+00:00] main.DEBUG: cache_invalidate:  {"method":"GET","url":"http:/","invalidateInfo":{"identifier":"DB_PDO_MYSQL_DDL_catalogrule_group_website36a46d32_4"}} []
[2026-04-21T08:06:15.389472+00:00] main.DEBUG: cache_invalidate:  {"method":"GET","url":"http:/","invalidateInfo":{"identifier":"DB_PDO_MYSQL_DDL_catalogrule_group_website36a46d32_5"}} []
[2026-04-21T08:06:15.390124+00:00] main.DEBUG: cache_invalidate:  {"method":"GET","url":"http:/","invalidateInfo":{"identifier":"DB_PDO_MYSQL_DDL_catalogrule_group_website__temp27560248_1"}} []
[2026-04-21T08:06:15.390659+00:00] main.DEBUG: cache_invalidate:  {"method":"GET","url":"http:/","invalidateInfo":{"identifier":"DB_PDO_MYSQL_DDL_catalogrule_group_website__temp27560248_2"}} []
[2026-04-21T08:06:15.391113+00:00] main.DEBUG: cache_invalidate:  {"method":"GET","url":"http:/","invalidateInfo":{"identifier":"DB_PDO_MYSQL_DDL_catalogrule_group_website__temp27560248_3"}} []
[2026-04-21T08:06:15.391550+00:00] main.DEBUG: cache_invalidate:  {"method":"GET","url":"http:/","invalidateInfo":{"identifier":"DB_PDO_MYSQL_DDL_catalogrule_group_website__temp27560248_4"}} []
[2026-04-21T08:06:15.392088+00:00] main.DEBUG: cache_invalidate:  {"method":"GET","url":"http:/","invalidateInfo":{"identifier":"DB_PDO_MYSQL_DDL_catalogrule_group_website__temp27560248_5"}} []
[2026-04-21T08:06:15.399580+00:00] main.DEBUG: cache_invalidate:  {"method":"GET","url":"http:/","invalidateInfo":{"identifier":"DB_PDO_MYSQL_DDL_catalogrule_productf15f864f_1"}} []
[2026-04-21T08:06:15.400204+00:00] main.DEBUG: cache_invalidate:  {"method":"GET","url":"http:/","invalidateInfo":{"identifier":"DB_PDO_MYSQL_DDL_catalogrule_productf15f864f_2"}} []
[2026-04-21T08:06:15.400658+00:00] main.DEBUG: cache_invalidate:  {"method":"GET","url":"http:/","invalidateInfo":{"identifier":"DB_PDO_MYSQL_DDL_catalogrule_productf15f864f_3"}} []
[2026-04-21T08:06:15.401241+00:00] main.DEBUG: cache_invalidate:  {"method":"GET","url":"http:/","invalidateInfo":{"identifier":"DB_PDO_MYSQL_DDL_catalogrule_productf15f864f_4"}} []
[2026-04-21T08:06:15.401751+00:00] main.DEBUG: cache_invalidate:  {"method":"GET","url":"http:/","invalidateInfo":{"identifier":"DB_PDO_MYSQL_DDL_catalogrule_productf15f864f_5"}} []
[2026-04-21T08:06:15.409556+00:00] main.DEBUG: cache_invalidate:  {"method":"GET","url":"http:/","invalidateInfo":{"identifier":"DB_PDO_MYSQL_DDL_catalogrule_product_price52249905_1"}} []
[2026-04-21T08:06:15.410264+00:00] main.DEBUG: cache_invalidate:  {"method":"GET","url":"http:/","invalidateInfo":{"identifier":"DB_PDO_MYSQL_DDL_catalogrule_product_price52249905_2"}} []
[2026-04-21T08:06:15.410818+00:00] main.DEBUG: cache_invalidate:  {"method":"GET","url":"http:/","invalidateInfo":{"identifier":"DB_PDO_MYSQL_DDL_catalogrule_product_price52249905_3"}} []
[2026-04-21T08:06:15.411355+00:00] main.DEBUG: cache_invalidate:  {"method":"GET","url":"http:/","invalidateInfo":{"identifier":"DB_PDO_MYSQL_DDL_catalogrule_product_price52249905_4"}} []
[2026-04-21T08:06:15.411863+00:00] main.DEBUG: cache_invalidate:  {"method":"GET","url":"http:/","invalidateInfo":{"identifier":"DB_PDO_MYSQL_DDL_catalogrule_product_price52249905_5"}} []
[2026-04-21T08:06:15.419072+00:00] main.DEBUG: cache_invalidate:  {"method":"GET","url":"http:/","invalidateInfo":{"identifier":"DB_PDO_MYSQL_DDL_catalogrule_group_website36a46d32_1"}} []
[2026-04-21T08:06:15.419952+00:00] main.DEBUG: cache_invalidate:  {"method":"GET","url":"http:/","invalidateInfo":{"identifier":"DB_PDO_MYSQL_DDL_catalogrule_group_website36a46d32_2"}} []
[2026-04-21T08:06:15.420587+00:00] main.DEBUG: cache_invalidate:  {"method":"GET","url":"http:/","invalidateInfo":{"identifier":"DB_PDO_MYSQL_DDL_catalogrule_group_website36a46d32_3"}} []
[2026-04-21T08:06:15.421226+00:00] main.DEBUG: cache_invalidate:  {"method":"GET","url":"http:/","invalidateInfo":{"identifier":"DB_PDO_MYSQL_DDL_catalogrule_group_website36a46d32_4"}} []
[2026-04-21T08:06:15.421827+00:00] main.DEBUG: cache_invalidate:  {"method":"GET","url":"http:/","invalidateInfo":{"identifier":"DB_PDO_MYSQL_DDL_catalogrule_group_website36a46d32_5"}} []
[2026-04-21T08:06:15.450069+00:00] main.DEBUG: cache_invalidate:  {"method":"GET","url":"http:/","invalidateInfo":{"tags":["cat_c","FPC"],"mode":"matchingTag"}} []
[2026-04-21T08:06:15.450824+00:00] main.DEBUG: cache_invalidate:  {"method":"GET","url":"http:/","invalidateInfo":{"tags":["cat_p","FPC"],"mode":"matchingTag"}} []
[2026-04-21T08:06:15.451496+00:00] main.DEBUG: cache_invalidate:  {"method":"GET","url":"http:/","invalidateInfo":{"tags":["BLOCK_HTML","FPC"],"mode":"matchingTag"}} []
[2026-04-21T08:06:15.452681+00:00] main.DEBUG: cache_invalidate:  {"method":"GET","url":"http:/","invalidateInfo":{"tags":["cat_c","cat_p","BLOCK_HTML"],"mode":"matchingAnyTag"}} []
[2026-04-21T08:06:15.544344+00:00] main.DEBUG: cache_invalidate:  {"method":"GET","url":"http:/","invalidateInfo":{"identifier":"DB_PDO_MYSQL_DDL_catalog_product_index_eav_1"}} []
[2026-04-21T08:06:15.545329+00:00] main.DEBUG: cache_invalidate:  {"method":"GET","url":"http:/","invalidateInfo":{"identifier":"DB_PDO_MYSQL_DDL_catalog_product_index_eav_2"}} []
[2026-04-21T08:06:15.546213+00:00] main.DEBUG: cache_invalidate:  {"method":"GET","url":"http:/","invalidateInfo":{"identifier":"DB_PDO_MYSQL_DDL_catalog_product_index_eav_3"}} []
[2026-04-21T08:06:15.547004+00:00] main.DEBUG: cache_invalidate:  {"method":"GET","url":"http:/","invalidateInfo":{"identifier":"DB_PDO_MYSQL_DDL_catalog_product_index_eav_4"}} []
[2026-04-21T08:06:15.547748+00:00] main.DEBUG: cache_invalidate:  {"method":"GET","url":"http:/","invalidateInfo":{"identifier":"DB_PDO_MYSQL_DDL_catalog_product_index_eav_5"}} []
[2026-04-21T08:06:15.548475+00:00] main.DEBUG: cache_invalidate:  {"method":"GET","url":"http:/","invalidateInfo":{"identifier":"DB_PDO_MYSQL_DDL_catalog_product_index_eav_outdated_1"}} []
[2026-04-21T08:06:15.549195+00:00] main.DEBUG: cache_invalidate:  {"method":"GET","url":"http:/","invalidateInfo":{"identifier":"DB_PDO_MYSQL_DDL_catalog_product_index_eav_outdated_2"}} []
[2026-04-21T08:06:15.549893+00:00] main.DEBUG: cache_invalidate:  {"method":"GET","url":"http:/","invalidateInfo":{"identifier":"DB_PDO_MYSQL_DDL_catalog_product_index_eav_outdated_3"}} []
[2026-04-21T08:06:15.550576+00:00] main.DEBUG: cache_invalidate:  {"method":"GET","url":"http:/","invalidateInfo":{"identifier":"DB_PDO_MYSQL_DDL_catalog_product_index_eav_outdated_4"}} []
[2026-04-21T08:06:15.551375+00:00] main.DEBUG: cache_invalidate:  {"method":"GET","url":"http:/","invalidateInfo":{"identifier":"DB_PDO_MYSQL_DDL_catalog_product_index_eav_outdated_5"}} []
[2026-04-21T08:06:15.552148+00:00] main.DEBUG: cache_invalidate:  {"method":"GET","url":"http:/","invalidateInfo":{"identifier":"DB_PDO_MYSQL_DDL_catalog_product_index_eav_replica_1"}} []
[2026-04-21T08:06:15.552943+00:00] main.DEBUG: cache_invalidate:  {"method":"GET","url":"http:/","invalidateInfo":{"identifier":"DB_PDO_MYSQL_DDL_catalog_product_index_eav_replica_2"}} []
[2026-04-21T08:06:15.553706+00:00] main.DEBUG: cache_invalidate:  {"method":"GET","url":"http:/","invalidateInfo":{"identifier":"DB_PDO_MYSQL_DDL_catalog_product_index_eav_replica_3"}} []
[2026-04-21T08:06:15.554418+00:00] main.DEBUG: cache_invalidate:  {"method":"GET","url":"http:/","invalidateInfo":{"identifier":"DB_PDO_MYSQL_DDL_catalog_product_index_eav_replica_4"}} []
[2026-04-21T08:06:15.555084+00:00] main.DEBUG: cache_invalidate:  {"method":"GET","url":"http:/","invalidateInfo":{"identifier":"DB_PDO_MYSQL_DDL_catalog_product_index_eav_replica_5"}} []
[2026-04-21T08:06:15.604244+00:00] main.DEBUG: cache_invalidate:  {"method":"GET","url":"http:/","invalidateInfo":{"identifier":"DB_PDO_MYSQL_DDL_catalog_product_index_eav_decimal_1"}} []
[2026-04-21T08:06:15.604997+00:00] main.DEBUG: cache_invalidate:  {"method":"GET","url":"http:/","invalidateInfo":{"identifier":"DB_PDO_MYSQL_DDL_catalog_product_index_eav_decimal_2"}} []
[2026-04-21T08:06:15.605691+00:00] main.DEBUG: cache_invalidate:  {"method":"GET","url":"http:/","invalidateInfo":{"identifier":"DB_PDO_MYSQL_DDL_catalog_product_index_eav_decimal_3"}} []
[2026-04-21T08:06:15.606209+00:00] main.DEBUG: cache_invalidate:  {"method":"GET","url":"http:/","invalidateInfo":{"identifier":"DB_PDO_MYSQL_DDL_catalog_product_index_eav_decimal_4"}} []
[2026-04-21T08:06:15.606738+00:00] main.DEBUG: cache_invalidate:  {"method":"GET","url":"http:/","invalidateInfo":{"identifier":"DB_PDO_MYSQL_DDL_catalog_product_index_eav_decimal_5"}} []
[2026-04-21T08:06:15.607321+00:00] main.DEBUG: cache_invalidate:  {"method":"GET","url":"http:/","invalidateInfo":{"identifier":"DB_PDO_MYSQL_DDL_catalog_product_index_eav_decimal_outdated_1"}} []
[2026-04-21T08:06:15.607986+00:00] main.DEBUG: cache_invalidate:  {"method":"GET","url":"http:/","invalidateInfo":{"identifier":"DB_PDO_MYSQL_DDL_catalog_product_index_eav_decimal_outdated_2"}} []
[2026-04-21T08:06:15.608625+00:00] main.DEBUG: cache_invalidate:  {"method":"GET","url":"http:/","invalidateInfo":{"identifier":"DB_PDO_MYSQL_DDL_catalog_product_index_eav_decimal_outdated_3"}} []
[2026-04-21T08:06:15.609353+00:00] main.DEBUG: cache_invalidate:  {"method":"GET","url":"http:/","invalidateInfo":{"identifier":"DB_PDO_MYSQL_DDL_catalog_product_index_eav_decimal_outdated_4"}} []
[2026-04-21T08:06:15.609967+00:00] main.DEBUG: cache_invalidate:  {"method":"GET","url":"http:/","invalidateInfo":{"identifier":"DB_PDO_MYSQL_DDL_catalog_product_index_eav_decimal_outdated_5"}} []
[2026-04-21T08:06:15.610566+00:00] main.DEBUG: cache_invalidate:  {"method":"GET","url":"http:/","invalidateInfo":{"identifier":"DB_PDO_MYSQL_DDL_catalog_product_index_eav_decimal_replica_1"}} []
[2026-04-21T08:06:15.611169+00:00] main.DEBUG: cache_invalidate:  {"method":"GET","url":"http:/","invalidateInfo":{"identifier":"DB_PDO_MYSQL_DDL_catalog_product_index_eav_decimal_replica_2"}} []
[2026-04-21T08:06:15.611852+00:00] main.DEBUG: cache_invalidate:  {"method":"GET","url":"http:/","invalidateInfo":{"identifier":"DB_PDO_MYSQL_DDL_catalog_product_index_eav_decimal_replica_3"}} []
[2026-04-21T08:06:15.612500+00:00] main.DEBUG: cache_invalidate:  {"method":"GET","url":"http:/","invalidateInfo":{"identifier":"DB_PDO_MYSQL_DDL_catalog_product_index_eav_decimal_replica_4"}} []
[2026-04-21T08:06:15.613233+00:00] main.DEBUG: cache_invalidate:  {"method":"GET","url":"http:/","invalidateInfo":{"identifier":"DB_PDO_MYSQL_DDL_catalog_product_index_eav_decimal_replica_5"}} []
[2026-04-21T08:06:15.614107+00:00] main.DEBUG: cache_invalidate:  {"method":"GET","url":"http:/","invalidateInfo":{"tags":["cat_c","FPC"],"mode":"matchingTag"}} []
[2026-04-21T08:06:15.614604+00:00] main.DEBUG: cache_invalidate:  {"method":"GET","url":"http:/","invalidateInfo":{"tags":["cat_p","FPC"],"mode":"matchingTag"}} []
[2026-04-21T08:06:15.615222+00:00] main.DEBUG: cache_invalidate:  {"method":"GET","url":"http:/","invalidateInfo":{"tags":["cat_c","cat_p"],"mode":"matchingAnyTag"}} []
[2026-04-21T08:06:15.844293+00:00] main.DEBUG: cache_invalidate:  {"method":"GET","url":"http:/","invalidateInfo":{"identifier":"DB_PDO_MYSQL_DDL_catalog_product_index_price_1"}} []
[2026-04-21T08:06:15.845247+00:00] main.DEBUG: cache_invalidate:  {"method":"GET","url":"http:/","invalidateInfo":{"identifier":"DB_PDO_MYSQL_DDL_catalog_product_index_price_2"}} []
[2026-04-21T08:06:15.846014+00:00] main.DEBUG: cache_invalidate:  {"method":"GET","url":"http:/","invalidateInfo":{"identifier":"DB_PDO_MYSQL_DDL_catalog_product_index_price_3"}} []
[2026-04-21T08:06:15.846768+00:00] main.DEBUG: cache_invalidate:  {"method":"GET","url":"http:/","invalidateInfo":{"identifier":"DB_PDO_MYSQL_DDL_catalog_product_index_price_4"}} []
[2026-04-21T08:06:15.847430+00:00] main.DEBUG: cache_invalidate:  {"method":"GET","url":"http:/","invalidateInfo":{"identifier":"DB_PDO_MYSQL_DDL_catalog_product_index_price_5"}} []
[2026-04-21T08:06:15.848064+00:00] main.DEBUG: cache_invalidate:  {"method":"GET","url":"http:/","invalidateInfo":{"identifier":"DB_PDO_MYSQL_DDL_catalog_product_index_price_outdated_1"}} []
[2026-04-21T08:06:15.848664+00:00] main.DEBUG: cache_invalidate:  {"method":"GET","url":"http:/","invalidateInfo":{"identifier":"DB_PDO_MYSQL_DDL_catalog_product_index_price_outdated_2"}} []
[2026-04-21T08:06:15.849290+00:00] main.DEBUG: cache_invalidate:  {"method":"GET","url":"http:/","invalidateInfo":{"identifier":"DB_PDO_MYSQL_DDL_catalog_product_index_price_outdated_3"}} []
[2026-04-21T08:06:15.849976+00:00] main.DEBUG: cache_invalidate:  {"method":"GET","url":"http:/","invalidateInfo":{"identifier":"DB_PDO_MYSQL_DDL_catalog_product_index_price_outdated_4"}} []
[2026-04-21T08:06:15.850496+00:00] main.DEBUG: cache_invalidate:  {"method":"GET","url":"http:/","invalidateInfo":{"identifier":"DB_PDO_MYSQL_DDL_catalog_product_index_price_outdated_5"}} []
[2026-04-21T08:06:15.851052+00:00] main.DEBUG: cache_invalidate:  {"method":"GET","url":"http:/","invalidateInfo":{"identifier":"DB_PDO_MYSQL_DDL_catalog_product_index_price_replica_1"}} []
[2026-04-21T08:06:15.851520+00:00] main.DEBUG: cache_invalidate:  {"method":"GET","url":"http:/","invalidateInfo":{"identifier":"DB_PDO_MYSQL_DDL_catalog_product_index_price_replica_2"}} []
[2026-04-21T08:06:15.852044+00:00] main.DEBUG: cache_invalidate:  {"method":"GET","url":"http:/","invalidateInfo":{"identifier":"DB_PDO_MYSQL_DDL_catalog_product_index_price_replica_3"}} []
[2026-04-21T08:06:15.852779+00:00] main.DEBUG: cache_invalidate:  {"method":"GET","url":"http:/","invalidateInfo":{"identifier":"DB_PDO_MYSQL_DDL_catalog_product_index_price_replica_4"}} []
[2026-04-21T08:06:15.853555+00:00] main.DEBUG: cache_invalidate:  {"method":"GET","url":"http:/","invalidateInfo":{"identifier":"DB_PDO_MYSQL_DDL_catalog_product_index_price_replica_5"}} []
[2026-04-21T08:06:15.854737+00:00] main.DEBUG: cache_invalidate:  {"method":"GET","url":"http:/","invalidateInfo":{"tags":["cat_c","FPC"],"mode":"matchingTag"}} []
[2026-04-21T08:06:15.855399+00:00] main.DEBUG: cache_invalidate:  {"method":"GET","url":"http:/","invalidateInfo":{"tags":["cat_p","FPC"],"mode":"matchingTag"}} []
[2026-04-21T08:06:15.856536+00:00] main.DEBUG: cache_invalidate:  {"method":"GET","url":"http:/","invalidateInfo":{"tags":["cat_c","cat_p"],"mode":"matchingAnyTag"}} []
[2026-04-21T08:06:15.988751+00:00] main.DEBUG: cache_invalidate:  {"method":"GET","url":"http:/","invalidateInfo":{"identifier":"DB_PDO_MYSQL_DDL_catalogrule_product_1"}} []
[2026-04-21T08:06:15.989395+00:00] main.DEBUG: cache_invalidate:  {"method":"GET","url":"http:/","invalidateInfo":{"identifier":"DB_PDO_MYSQL_DDL_catalogrule_product_2"}} []
[2026-04-21T08:06:15.989959+00:00] main.DEBUG: cache_invalidate:  {"method":"GET","url":"http:/","invalidateInfo":{"identifier":"DB_PDO_MYSQL_DDL_catalogrule_product_3"}} []
[2026-04-21T08:06:15.990530+00:00] main.DEBUG: cache_invalidate:  {"method":"GET","url":"http:/","invalidateInfo":{"identifier":"DB_PDO_MYSQL_DDL_catalogrule_product_4"}} []
[2026-04-21T08:06:15.991304+00:00] main.DEBUG: cache_invalidate:  {"method":"GET","url":"http:/","invalidateInfo":{"identifier":"DB_PDO_MYSQL_DDL_catalogrule_product_5"}} []
[2026-04-21T08:06:15.991924+00:00] main.DEBUG: cache_invalidate:  {"method":"GET","url":"http:/","invalidateInfo":{"identifier":"DB_PDO_MYSQL_DDL_catalogrule_product810c2e3a_1"}} []
[2026-04-21T08:06:15.992604+00:00] main.DEBUG: cache_invalidate:  {"method":"GET","url":"http:/","invalidateInfo":{"identifier":"DB_PDO_MYSQL_DDL_catalogrule_product810c2e3a_2"}} []
[2026-04-21T08:06:15.993139+00:00] main.DEBUG: cache_invalidate:  {"method":"GET","url":"http:/","invalidateInfo":{"identifier":"DB_PDO_MYSQL_DDL_catalogrule_product810c2e3a_3"}} []
[2026-04-21T08:06:15.993579+00:00] main.DEBUG: cache_invalidate:  {"method":"GET","url":"http:/","invalidateInfo":{"identifier":"DB_PDO_MYSQL_DDL_catalogrule_product810c2e3a_4"}} []
[2026-04-21T08:06:15.994063+00:00] main.DEBUG: cache_invalidate:  {"method":"GET","url":"http:/","invalidateInfo":{"identifier":"DB_PDO_MYSQL_DDL_catalogrule_product810c2e3a_5"}} []
[2026-04-21T08:06:15.994511+00:00] main.DEBUG: cache_invalidate:  {"method":"GET","url":"http:/","invalidateInfo":{"identifier":"DB_PDO_MYSQL_DDL_catalogrule_product__temp35600a66_1"}} []
[2026-04-21T08:06:15.994990+00:00] main.DEBUG: cache_invalidate:  {"method":"GET","url":"http:/","invalidateInfo":{"identifier":"DB_PDO_MYSQL_DDL_catalogrule_product__temp35600a66_2"}} []
[2026-04-21T08:06:15.995406+00:00] main.DEBUG: cache_invalidate:  {"method":"GET","url":"http:/","invalidateInfo":{"identifier":"DB_PDO_MYSQL_DDL_catalogrule_product__temp35600a66_3"}} []
[2026-04-21T08:06:15.995845+00:00] main.DEBUG: cache_invalidate:  {"method":"GET","url":"http:/","invalidateInfo":{"identifier":"DB_PDO_MYSQL_DDL_catalogrule_product__temp35600a66_4"}} []
[2026-04-21T08:06:15.996351+00:00] main.DEBUG: cache_invalidate:  {"method":"GET","url":"http:/","invalidateInfo":{"identifier":"DB_PDO_MYSQL_DDL_catalogrule_product__temp35600a66_5"}} []
[2026-04-21T08:06:15.996831+00:00] main.DEBUG: cache_invalidate:  {"method":"GET","url":"http:/","invalidateInfo":{"identifier":"DB_PDO_MYSQL_DDL_catalogrule_product_price_1"}} []
[2026-04-21T08:06:15.997256+00:00] main.DEBUG: cache_invalidate:  {"method":"GET","url":"http:/","invalidateInfo":{"identifier":"DB_PDO_MYSQL_DDL_catalogrule_product_price_2"}} []
[2026-04-21T08:06:15.997696+00:00] main.DEBUG: cache_invalidate:  {"method":"GET","url":"http:/","invalidateInfo":{"identifier":"DB_PDO_MYSQL_DDL_catalogrule_product_price_3"}} []
[2026-04-21T08:06:15.998353+00:00] main.DEBUG: cache_invalidate:  {"method":"GET","url":"http:/","invalidateInfo":{"identifier":"DB_PDO_MYSQL_DDL_catalogrule_product_price_4"}} []
[2026-04-21T08:06:15.999034+00:00] main.DEBUG: cache_invalidate:  {"method":"GET","url":"http:/","invalidateInfo":{"identifier":"DB_PDO_MYSQL_DDL_catalogrule_product_price_5"}} []
[2026-04-21T08:06:15.999623+00:00] main.DEBUG: cache_invalidate:  {"method":"GET","url":"http:/","invalidateInfo":{"identifier":"DB_PDO_MYSQL_DDL_catalogrule_product_price25f3a7f8_1"}} []
[2026-04-21T08:06:16.000242+00:00] main.DEBUG: cache_invalidate:  {"method":"GET","url":"http:/","invalidateInfo":{"identifier":"DB_PDO_MYSQL_DDL_catalogrule_product_price25f3a7f8_2"}} []
[2026-04-21T08:06:16.000797+00:00] main.DEBUG: cache_invalidate:  {"method":"GET","url":"http:/","invalidateInfo":{"identifier":"DB_PDO_MYSQL_DDL_catalogrule_product_price25f3a7f8_3"}} []
[2026-04-21T08:06:16.001324+00:00] main.DEBUG: cache_invalidate:  {"method":"GET","url":"http:/","invalidateInfo":{"identifier":"DB_PDO_MYSQL_DDL_catalogrule_product_price25f3a7f8_4"}} []
[2026-04-21T08:06:16.001843+00:00] main.DEBUG: cache_invalidate:  {"method":"GET","url":"http:/","invalidateInfo":{"identifier":"DB_PDO_MYSQL_DDL_catalogrule_product_price25f3a7f8_5"}} []
[2026-04-21T08:06:16.002472+00:00] main.DEBUG: cache_invalidate:  {"method":"GET","url":"http:/","invalidateInfo":{"identifier":"DB_PDO_MYSQL_DDL_catalogrule_product_price__temp8303df2b_1"}} []
[2026-04-21T08:06:16.003311+00:00] main.DEBUG: cache_invalidate:  {"method":"GET","url":"http:/","invalidateInfo":{"identifier":"DB_PDO_MYSQL_DDL_catalogrule_product_price__temp8303df2b_2"}} []
[2026-04-21T08:06:16.004120+00:00] main.DEBUG: cache_invalidate:  {"method":"GET","url":"http:/","invalidateInfo":{"identifier":"DB_PDO_MYSQL_DDL_catalogrule_product_price__temp8303df2b_3"}} []
[2026-04-21T08:06:16.004753+00:00] main.DEBUG: cache_invalidate:  {"method":"GET","url":"http:/","invalidateInfo":{"identifier":"DB_PDO_MYSQL_DDL_catalogrule_product_price__temp8303df2b_4"}} []
[2026-04-21T08:06:16.005353+00:00] main.DEBUG: cache_invalidate:  {"method":"GET","url":"http:/","invalidateInfo":{"identifier":"DB_PDO_MYSQL_DDL_catalogrule_product_price__temp8303df2b_5"}} []
[2026-04-21T08:06:16.005923+00:00] main.DEBUG: cache_invalidate:  {"method":"GET","url":"http:/","invalidateInfo":{"identifier":"DB_PDO_MYSQL_DDL_catalogrule_group_website_1"}} []
[2026-04-21T08:06:16.006441+00:00] main.DEBUG: cache_invalidate:  {"method":"GET","url":"http:/","invalidateInfo":{"identifier":"DB_PDO_MYSQL_DDL_catalogrule_group_website_2"}} []
[2026-04-21T08:06:16.007033+00:00] main.DEBUG: cache_invalidate:  {"method":"GET","url":"http:/","invalidateInfo":{"identifier":"DB_PDO_MYSQL_DDL_catalogrule_group_website_3"}} []
[2026-04-21T08:06:16.007574+00:00] main.DEBUG: cache_invalidate:  {"method":"GET","url":"http:/","invalidateInfo":{"identifier":"DB_PDO_MYSQL_DDL_catalogrule_group_website_4"}} []
[2026-04-21T08:06:16.008293+00:00] main.DEBUG: cache_invalidate:  {"method":"GET","url":"http:/","invalidateInfo":{"identifier":"DB_PDO_MYSQL_DDL_catalogrule_group_website_5"}} []
[2026-04-21T08:06:16.008993+00:00] main.DEBUG: cache_invalidate:  {"method":"GET","url":"http:/","invalidateInfo":{"identifier":"DB_PDO_MYSQL_DDL_catalogrule_group_websitef285b924_1"}} []
[2026-04-21T08:06:16.009659+00:00] main.DEBUG: cache_invalidate:  {"method":"GET","url":"http:/","invalidateInfo":{"identifier":"DB_PDO_MYSQL_DDL_catalogrule_group_websitef285b924_2"}} []
[2026-04-21T08:06:16.010300+00:00] main.DEBUG: cache_invalidate:  {"method":"GET","url":"http:/","invalidateInfo":{"identifier":"DB_PDO_MYSQL_DDL_catalogrule_group_websitef285b924_3"}} []
[2026-04-21T08:06:16.010919+00:00] main.DEBUG: cache_invalidate:  {"method":"GET","url":"http:/","invalidateInfo":{"identifier":"DB_PDO_MYSQL_DDL_catalogrule_group_websitef285b924_4"}} []
[2026-04-21T08:06:16.011442+00:00] main.DEBUG: cache_invalidate:  {"method":"GET","url":"http:/","invalidateInfo":{"identifier":"DB_PDO_MYSQL_DDL_catalogrule_group_websitef285b924_5"}} []
[2026-04-21T08:06:16.011972+00:00] main.DEBUG: cache_invalidate:  {"method":"GET","url":"http:/","invalidateInfo":{"identifier":"DB_PDO_MYSQL_DDL_catalogrule_group_website__temp6388cdd7_1"}} []
[2026-04-21T08:06:16.012459+00:00] main.DEBUG: cache_invalidate:  {"method":"GET","url":"http:/","invalidateInfo":{"identifier":"DB_PDO_MYSQL_DDL_catalogrule_group_website__temp6388cdd7_2"}} []
[2026-04-21T08:06:16.013048+00:00] main.DEBUG: cache_invalidate:  {"method":"GET","url":"http:/","invalidateInfo":{"identifier":"DB_PDO_MYSQL_DDL_catalogrule_group_website__temp6388cdd7_3"}} []
[2026-04-21T08:06:16.013632+00:00] main.DEBUG: cache_invalidate:  {"method":"GET","url":"http:/","invalidateInfo":{"identifier":"DB_PDO_MYSQL_DDL_catalogrule_group_website__temp6388cdd7_4"}} []
[2026-04-21T08:06:16.014178+00:00] main.DEBUG: cache_invalidate:  {"method":"GET","url":"http:/","invalidateInfo":{"identifier":"DB_PDO_MYSQL_DDL_catalogrule_group_website__temp6388cdd7_5"}} []
[2026-04-21T08:06:16.020885+00:00] main.DEBUG: cache_invalidate:  {"method":"GET","url":"http:/","invalidateInfo":{"identifier":"DB_PDO_MYSQL_DDL_catalogrule_product810c2e3a_1"}} []
[2026-04-21T08:06:16.021577+00:00] main.DEBUG: cache_invalidate:  {"method":"GET","url":"http:/","invalidateInfo":{"identifier":"DB_PDO_MYSQL_DDL_catalogrule_product810c2e3a_2"}} []
[2026-04-21T08:06:16.022227+00:00] main.DEBUG: cache_invalidate:  {"method":"GET","url":"http:/","invalidateInfo":{"identifier":"DB_PDO_MYSQL_DDL_catalogrule_product810c2e3a_3"}} []
[2026-04-21T08:06:16.022847+00:00] main.DEBUG: cache_invalidate:  {"method":"GET","url":"http:/","invalidateInfo":{"identifier":"DB_PDO_MYSQL_DDL_catalogrule_product810c2e3a_4"}} []
[2026-04-21T08:06:16.023579+00:00] main.DEBUG: cache_invalidate:  {"method":"GET","url":"http:/","invalidateInfo":{"identifier":"DB_PDO_MYSQL_DDL_catalogrule_product810c2e3a_5"}} []
[2026-04-21T08:06:16.030799+00:00] main.DEBUG: cache_invalidate:  {"method":"GET","url":"http:/","invalidateInfo":{"identifier":"DB_PDO_MYSQL_DDL_catalogrule_product_price25f3a7f8_1"}} []
[2026-04-21T08:06:16.031580+00:00] main.DEBUG: cache_invalidate:  {"method":"GET","url":"http:/","invalidateInfo":{"identifier":"DB_PDO_MYSQL_DDL_catalogrule_product_price25f3a7f8_2"}} []
[2026-04-21T08:06:16.032209+00:00] main.DEBUG: cache_invalidate:  {"method":"GET","url":"http:/","invalidateInfo":{"identifier":"DB_PDO_MYSQL_DDL_catalogrule_product_price25f3a7f8_3"}} []
[2026-04-21T08:06:16.032758+00:00] main.DEBUG: cache_invalidate:  {"method":"GET","url":"http:/","invalidateInfo":{"identifier":"DB_PDO_MYSQL_DDL_catalogrule_product_price25f3a7f8_4"}} []
[2026-04-21T08:06:16.033291+00:00] main.DEBUG: cache_invalidate:  {"method":"GET","url":"http:/","invalidateInfo":{"identifier":"DB_PDO_MYSQL_DDL_catalogrule_product_price25f3a7f8_5"}} []
[2026-04-21T08:06:16.041370+00:00] main.DEBUG: cache_invalidate:  {"method":"GET","url":"http:/","invalidateInfo":{"identifier":"DB_PDO_MYSQL_DDL_catalogrule_group_websitef285b924_1"}} []
[2026-04-21T08:06:16.042565+00:00] main.DEBUG: cache_invalidate:  {"method":"GET","url":"http:/","invalidateInfo":{"identifier":"DB_PDO_MYSQL_DDL_catalogrule_group_websitef285b924_2"}} []
[2026-04-21T08:06:16.043803+00:00] main.DEBUG: cache_invalidate:  {"method":"GET","url":"http:/","invalidateInfo":{"identifier":"DB_PDO_MYSQL_DDL_catalogrule_group_websitef285b924_3"}} []
[2026-04-21T08:06:16.044539+00:00] main.DEBUG: cache_invalidate:  {"method":"GET","url":"http:/","invalidateInfo":{"identifier":"DB_PDO_MYSQL_DDL_catalogrule_group_websitef285b924_4"}} []
[2026-04-21T08:06:16.045392+00:00] main.DEBUG: cache_invalidate:  {"method":"GET","url":"http:/","invalidateInfo":{"identifier":"DB_PDO_MYSQL_DDL_catalogrule_group_websitef285b924_5"}} []
[2026-04-21T08:06:16.069735+00:00] main.DEBUG: cache_invalidate:  {"method":"GET","url":"http:/","invalidateInfo":{"tags":["cat_c","FPC"],"mode":"matchingTag"}} []
[2026-04-21T08:06:16.070487+00:00] main.DEBUG: cache_invalidate:  {"method":"GET","url":"http:/","invalidateInfo":{"tags":["cat_p","FPC"],"mode":"matchingTag"}} []
[2026-04-21T08:06:16.071190+00:00] main.DEBUG: cache_invalidate:  {"method":"GET","url":"http:/","invalidateInfo":{"tags":["BLOCK_HTML","FPC"],"mode":"matchingTag"}} []
[2026-04-21T08:06:16.072849+00:00] main.DEBUG: cache_invalidate:  {"method":"GET","url":"http:/","invalidateInfo":{"tags":["cat_c","cat_p","BLOCK_HTML"],"mode":"matchingAnyTag"}} []
[2026-04-21T08:06:17.528481+00:00] main.INFO: {"feed":"salesOrders","operation":"full reindex(legacy)","status":"Initialize","elapsed":"844 ms","pid":"1825","caller":"bin\/magento setup:install --db-host=db --db-name=magento --db-user=magento --db-password=magento"} [] []
[2026-04-21T08:06:17.559755+00:00] main.DEBUG: cache_invalidate:  {"method":"GET","url":"http:/","invalidateInfo":{"identifier":"DB_PDO_MYSQL_DDL_sales_data_exporter_orders_index_sequence_1"}} []
[2026-04-21T08:06:17.561034+00:00] main.DEBUG: cache_invalidate:  {"method":"GET","url":"http:/","invalidateInfo":{"identifier":"DB_PDO_MYSQL_DDL_sales_data_exporter_orders_index_sequence_2"}} []
[2026-04-21T08:06:17.561989+00:00] main.DEBUG: cache_invalidate:  {"method":"GET","url":"http:/","invalidateInfo":{"identifier":"DB_PDO_MYSQL_DDL_sales_data_exporter_orders_index_sequence_3"}} []
[2026-04-21T08:06:17.562691+00:00] main.DEBUG: cache_invalidate:  {"method":"GET","url":"http:/","invalidateInfo":{"identifier":"DB_PDO_MYSQL_DDL_sales_data_exporter_orders_index_sequence_4"}} []
[2026-04-21T08:06:17.563281+00:00] main.DEBUG: cache_invalidate:  {"method":"GET","url":"http:/","invalidateInfo":{"identifier":"DB_PDO_MYSQL_DDL_sales_data_exporter_orders_index_sequence_5"}} []
[2026-04-21T08:06:17.584561+00:00] main.DEBUG: cache_invalidate:  {"method":"GET","url":"http:/","invalidateInfo":{"identifier":"DB_PDO_MYSQL_DDL_sales_data_exporter_orders_index_sequence_1"}} []
[2026-04-21T08:06:17.586478+00:00] main.DEBUG: cache_invalidate:  {"method":"GET","url":"http:/","invalidateInfo":{"identifier":"DB_PDO_MYSQL_DDL_sales_data_exporter_orders_index_sequence_2"}} []
[2026-04-21T08:06:17.589883+00:00] main.DEBUG: cache_invalidate:  {"method":"GET","url":"http:/","invalidateInfo":{"identifier":"DB_PDO_MYSQL_DDL_sales_data_exporter_orders_index_sequence_3"}} []
[2026-04-21T08:06:17.591218+00:00] main.DEBUG: cache_invalidate:  {"method":"GET","url":"http:/","invalidateInfo":{"identifier":"DB_PDO_MYSQL_DDL_sales_data_exporter_orders_index_sequence_4"}} []
[2026-04-21T08:06:17.592364+00:00] main.DEBUG: cache_invalidate:  {"method":"GET","url":"http:/","invalidateInfo":{"identifier":"DB_PDO_MYSQL_DDL_sales_data_exporter_orders_index_sequence_5"}} []
[2026-04-21T08:06:17.596858+00:00] main.INFO: {"feed":"salesOrders","operation":"full reindex(legacy)","status":"Creating batch table `sales_data_exporter_orders_index_batches`. Start position: 0","elapsed":"912 ms","pid":"1825","caller":"bin\/magento setup:install --db-host=db --db-name=magento --db-user=magento --db-password=magento"} [] []
[2026-04-21T08:06:17.602406+00:00] main.DEBUG: cache_invalidate:  {"method":"GET","url":"http:/","invalidateInfo":{"identifier":"DB_PDO_MYSQL_DDL_sales_data_exporter_orders_index_batches_1"}} []
[2026-04-21T08:06:17.603267+00:00] main.DEBUG: cache_invalidate:  {"method":"GET","url":"http:/","invalidateInfo":{"identifier":"DB_PDO_MYSQL_DDL_sales_data_exporter_orders_index_batches_2"}} []
[2026-04-21T08:06:17.604179+00:00] main.DEBUG: cache_invalidate:  {"method":"GET","url":"http:/","invalidateInfo":{"identifier":"DB_PDO_MYSQL_DDL_sales_data_exporter_orders_index_batches_3"}} []
[2026-04-21T08:06:17.605082+00:00] main.DEBUG: cache_invalidate:  {"method":"GET","url":"http:/","invalidateInfo":{"identifier":"DB_PDO_MYSQL_DDL_sales_data_exporter_orders_index_batches_4"}} []
[2026-04-21T08:06:17.605805+00:00] main.DEBUG: cache_invalidate:  {"method":"GET","url":"http:/","invalidateInfo":{"identifier":"DB_PDO_MYSQL_DDL_sales_data_exporter_orders_index_batches_5"}} []
[2026-04-21T08:06:17.620975+00:00] main.DEBUG: cache_invalidate:  {"method":"GET","url":"http:/","invalidateInfo":{"identifier":"DB_PDO_MYSQL_DDL_sales_data_exporter_orders_index_batches_1"}} []
[2026-04-21T08:06:17.621867+00:00] main.DEBUG: cache_invalidate:  {"method":"GET","url":"http:/","invalidateInfo":{"identifier":"DB_PDO_MYSQL_DDL_sales_data_exporter_orders_index_batches_2"}} []
[2026-04-21T08:06:17.622570+00:00] main.DEBUG: cache_invalidate:  {"method":"GET","url":"http:/","invalidateInfo":{"identifier":"DB_PDO_MYSQL_DDL_sales_data_exporter_orders_index_batches_3"}} []
[2026-04-21T08:06:17.623325+00:00] main.DEBUG: cache_invalidate:  {"method":"GET","url":"http:/","invalidateInfo":{"identifier":"DB_PDO_MYSQL_DDL_sales_data_exporter_orders_index_batches_4"}} []
[2026-04-21T08:06:17.624132+00:00] main.DEBUG: cache_invalidate:  {"method":"GET","url":"http:/","invalidateInfo":{"identifier":"DB_PDO_MYSQL_DDL_sales_data_exporter_orders_index_batches_5"}} []
[2026-04-21T08:06:17.630503+00:00] main.INFO: {"feed":"salesOrders","operation":"full reindex(legacy)","status":"Batch table `sales_data_exporter_orders_index_batches` created. Total Items: 0, batches: ~0","elapsed":"946 ms","pid":"1825","caller":"bin\/magento setup:install --db-host=db --db-name=magento --db-user=magento --db-password=magento"} [] []
[2026-04-21T08:06:17.631108+00:00] main.INFO: {"feed":"salesOrders","operation":"full reindex(legacy)","status":"nothing to process - no items to sync. Not expected? Are there any items in source table `sales_order`?","elapsed":"946 ms","pid":"1825","caller":"bin\/magento setup:install --db-host=db --db-name=magento --db-user=magento --db-password=magento"} [] []
[2026-04-21T08:06:17.637928+00:00] main.INFO: {"feed":"salesOrders","operation":"full reindex(legacy)","status":"Complete","elapsed":"953 ms","pid":"1825","caller":"bin\/magento setup:install --db-host=db --db-name=magento --db-user=magento --db-password=magento"} [] []
[2026-04-21T08:06:17.665264+00:00] main.INFO: {"feed":"salesOrderStatuses","operation":"full reindex(legacy)","status":"Initialize","elapsed":"00:00:00 117 ms","pid":"1825","caller":"bin\/magento setup:install --db-host=db --db-name=magento --db-user=magento --db-password=magento"} [] []
[2026-04-21T08:06:17.690322+00:00] main.DEBUG: cache_invalidate:  {"method":"GET","url":"http:/","invalidateInfo":{"identifier":"DB_PDO_MYSQL_DDL_sales_data_exporter_order_statuses_index_sequence_1"}} []
[2026-04-21T08:06:17.691073+00:00] main.DEBUG: cache_invalidate:  {"method":"GET","url":"http:/","invalidateInfo":{"identifier":"DB_PDO_MYSQL_DDL_sales_data_exporter_order_statuses_index_sequence_2"}} []
[2026-04-21T08:06:17.692217+00:00] main.DEBUG: cache_invalidate:  {"method":"GET","url":"http:/","invalidateInfo":{"identifier":"DB_PDO_MYSQL_DDL_sales_data_exporter_order_statuses_index_sequence_3"}} []
[2026-04-21T08:06:17.693826+00:00] main.DEBUG: cache_invalidate:  {"method":"GET","url":"http:/","invalidateInfo":{"identifier":"DB_PDO_MYSQL_DDL_sales_data_exporter_order_statuses_index_sequence_4"}} []
[2026-04-21T08:06:17.694543+00:00] main.DEBUG: cache_invalidate:  {"method":"GET","url":"http:/","invalidateInfo":{"identifier":"DB_PDO_MYSQL_DDL_sales_data_exporter_order_statuses_index_sequence_5"}} []
[2026-04-21T08:06:17.710495+00:00] main.DEBUG: cache_invalidate:  {"method":"GET","url":"http:/","invalidateInfo":{"identifier":"DB_PDO_MYSQL_DDL_sales_data_exporter_order_statuses_index_sequence_1"}} []
[2026-04-21T08:06:17.711403+00:00] main.DEBUG: cache_invalidate:  {"method":"GET","url":"http:/","invalidateInfo":{"identifier":"DB_PDO_MYSQL_DDL_sales_data_exporter_order_statuses_index_sequence_2"}} []
[2026-04-21T08:06:17.712488+00:00] main.DEBUG: cache_invalidate:  {"method":"GET","url":"http:/","invalidateInfo":{"identifier":"DB_PDO_MYSQL_DDL_sales_data_exporter_order_statuses_index_sequence_3"}} []
[2026-04-21T08:06:17.713200+00:00] main.DEBUG: cache_invalidate:  {"method":"GET","url":"http:/","invalidateInfo":{"identifier":"DB_PDO_MYSQL_DDL_sales_data_exporter_order_statuses_index_sequence_4"}} []
[2026-04-21T08:06:17.713883+00:00] main.DEBUG: cache_invalidate:  {"method":"GET","url":"http:/","invalidateInfo":{"identifier":"DB_PDO_MYSQL_DDL_sales_data_exporter_order_statuses_index_sequence_5"}} []
[2026-04-21T08:06:17.715671+00:00] main.INFO: {"feed":"salesOrderStatuses","operation":"full reindex(legacy)","status":"Creating batch table `sales_data_exporter_order_statuses_index_batches`. Start position: ","elapsed":"00:00:00 168 ms","pid":"1825","caller":"bin\/magento setup:install --db-host=db --db-name=magento --db-user=magento --db-password=magento"} [] []
[2026-04-21T08:06:17.720592+00:00] main.DEBUG: cache_invalidate:  {"method":"GET","url":"http:/","invalidateInfo":{"identifier":"DB_PDO_MYSQL_DDL_sales_data_exporter_order_statuses_index_batches_1"}} []
[2026-04-21T08:06:17.721391+00:00] main.DEBUG: cache_invalidate:  {"method":"GET","url":"http:/","invalidateInfo":{"identifier":"DB_PDO_MYSQL_DDL_sales_data_exporter_order_statuses_index_batches_2"}} []
[2026-04-21T08:06:17.722105+00:00] main.DEBUG: cache_invalidate:  {"method":"GET","url":"http:/","invalidateInfo":{"identifier":"DB_PDO_MYSQL_DDL_sales_data_exporter_order_statuses_index_batches_3"}} []
[2026-04-21T08:06:17.722961+00:00] main.DEBUG: cache_invalidate:  {"method":"GET","url":"http:/","invalidateInfo":{"identifier":"DB_PDO_MYSQL_DDL_sales_data_exporter_order_statuses_index_batches_4"}} []
[2026-04-21T08:06:17.723704+00:00] main.DEBUG: cache_invalidate:  {"method":"GET","url":"http:/","invalidateInfo":{"identifier":"DB_PDO_MYSQL_DDL_sales_data_exporter_order_statuses_index_batches_5"}} []
[2026-04-21T08:06:17.746543+00:00] main.DEBUG: cache_invalidate:  {"method":"GET","url":"http:/","invalidateInfo":{"identifier":"DB_PDO_MYSQL_DDL_sales_data_exporter_order_statuses_index_batches_1"}} []
[2026-04-21T08:06:17.747367+00:00] main.DEBUG: cache_invalidate:  {"method":"GET","url":"http:/","invalidateInfo":{"identifier":"DB_PDO_MYSQL_DDL_sales_data_exporter_order_statuses_index_batches_2"}} []
[2026-04-21T08:06:17.748071+00:00] main.DEBUG: cache_invalidate:  {"method":"GET","url":"http:/","invalidateInfo":{"identifier":"DB_PDO_MYSQL_DDL_sales_data_exporter_order_statuses_index_batches_3"}} []
[2026-04-21T08:06:17.748912+00:00] main.DEBUG: cache_invalidate:  {"method":"GET","url":"http:/","invalidateInfo":{"identifier":"DB_PDO_MYSQL_DDL_sales_data_exporter_order_statuses_index_batches_4"}} []
[2026-04-21T08:06:17.749588+00:00] main.DEBUG: cache_invalidate:  {"method":"GET","url":"http:/","invalidateInfo":{"identifier":"DB_PDO_MYSQL_DDL_sales_data_exporter_order_statuses_index_batches_5"}} []
[2026-04-21T08:06:17.756492+00:00] main.INFO: {"feed":"salesOrderStatuses","operation":"full reindex(legacy)","status":"Batch table `sales_data_exporter_order_statuses_index_batches` created. Total Items: 12, batches: ~0","elapsed":"00:00:00 208 ms","pid":"1825","caller":"bin\/magento setup:install --db-host=db --db-name=magento --db-user=magento --db-password=magento"} [] []
[2026-04-21T08:06:17.757137+00:00] main.INFO: {"feed":"salesOrderStatuses","operation":"full reindex(legacy)","status":"start processing `12` items in `1` threads with `100` batch size","elapsed":"00:00:00 209 ms","pid":"1825","caller":"bin\/magento setup:install --db-host=db --db-name=magento --db-user=magento --db-password=magento"} [] []
[2026-04-21T08:06:17.802205+00:00] main.INFO: {"feed":"salesOrderStatuses","operation":"full reindex(legacy)","status":"Progress 1\/1, processed 12, synced 12","elapsed":"00:00:00 254 ms","pid":"1825","caller":"bin\/magento setup:install --db-host=db --db-name=magento --db-user=magento --db-password=magento"} [] []
[2026-04-21T08:06:17.806312+00:00] main.INFO: {"feed":"salesOrderStatuses","operation":"full reindex(legacy)","status":"Complete","elapsed":"00:00:00 258 ms","pid":"1825","caller":"bin\/magento setup:install --db-host=db --db-name=magento --db-user=magento --db-password=magento"} [] []
[2026-04-21T08:06:17.829690+00:00] main.INFO: {"feed":"stores","operation":"full reindex(legacy)","status":"Initialize","elapsed":"00:00:00 446 ms","pid":"1825","caller":"bin\/magento setup:install --db-host=db --db-name=magento --db-user=magento --db-password=magento"} [] []
[2026-04-21T08:06:17.854110+00:00] main.DEBUG: cache_invalidate:  {"method":"GET","url":"http:/","invalidateInfo":{"identifier":"DB_PDO_MYSQL_DDL_stores_data_exporter_index_sequence_1"}} []
[2026-04-21T08:06:17.855409+00:00] main.DEBUG: cache_invalidate:  {"method":"GET","url":"http:/","invalidateInfo":{"identifier":"DB_PDO_MYSQL_DDL_stores_data_exporter_index_sequence_2"}} []
[2026-04-21T08:06:17.856411+00:00] main.DEBUG: cache_invalidate:  {"method":"GET","url":"http:/","invalidateInfo":{"identifier":"DB_PDO_MYSQL_DDL_stores_data_exporter_index_sequence_3"}} []
[2026-04-21T08:06:17.857156+00:00] main.DEBUG: cache_invalidate:  {"method":"GET","url":"http:/","invalidateInfo":{"identifier":"DB_PDO_MYSQL_DDL_stores_data_exporter_index_sequence_4"}} []
[2026-04-21T08:06:17.857801+00:00] main.DEBUG: cache_invalidate:  {"method":"GET","url":"http:/","invalidateInfo":{"identifier":"DB_PDO_MYSQL_DDL_stores_data_exporter_index_sequence_5"}} []
[2026-04-21T08:06:17.872861+00:00] main.DEBUG: cache_invalidate:  {"method":"GET","url":"http:/","invalidateInfo":{"identifier":"DB_PDO_MYSQL_DDL_stores_data_exporter_index_sequence_1"}} []
[2026-04-21T08:06:17.873550+00:00] main.DEBUG: cache_invalidate:  {"method":"GET","url":"http:/","invalidateInfo":{"identifier":"DB_PDO_MYSQL_DDL_stores_data_exporter_index_sequence_2"}} []
[2026-04-21T08:06:17.874396+00:00] main.DEBUG: cache_invalidate:  {"method":"GET","url":"http:/","invalidateInfo":{"identifier":"DB_PDO_MYSQL_DDL_stores_data_exporter_index_sequence_3"}} []
[2026-04-21T08:06:17.875081+00:00] main.DEBUG: cache_invalidate:  {"method":"GET","url":"http:/","invalidateInfo":{"identifier":"DB_PDO_MYSQL_DDL_stores_data_exporter_index_sequence_4"}} []
[2026-04-21T08:06:17.875791+00:00] main.DEBUG: cache_invalidate:  {"method":"GET","url":"http:/","invalidateInfo":{"identifier":"DB_PDO_MYSQL_DDL_stores_data_exporter_index_sequence_5"}} []
[2026-04-21T08:06:17.877742+00:00] main.INFO: {"feed":"stores","operation":"full reindex(legacy)","status":"Creating batch table `stores_data_exporter_index_batches`. Start position: 0","elapsed":"00:00:00 494 ms","pid":"1825","caller":"bin\/magento setup:install --db-host=db --db-name=magento --db-user=magento --db-password=magento"} [] []
[2026-04-21T08:06:17.882350+00:00] main.DEBUG: cache_invalidate:  {"method":"GET","url":"http:/","invalidateInfo":{"identifier":"DB_PDO_MYSQL_DDL_stores_data_exporter_index_batches_1"}} []
[2026-04-21T08:06:17.883161+00:00] main.DEBUG: cache_invalidate:  {"method":"GET","url":"http:/","invalidateInfo":{"identifier":"DB_PDO_MYSQL_DDL_stores_data_exporter_index_batches_2"}} []
[2026-04-21T08:06:17.883857+00:00] main.DEBUG: cache_invalidate:  {"method":"GET","url":"http:/","invalidateInfo":{"identifier":"DB_PDO_MYSQL_DDL_stores_data_exporter_index_batches_3"}} []
[2026-04-21T08:06:17.884521+00:00] main.DEBUG: cache_invalidate:  {"method":"GET","url":"http:/","invalidateInfo":{"identifier":"DB_PDO_MYSQL_DDL_stores_data_exporter_index_batches_4"}} []
[2026-04-21T08:06:17.885339+00:00] main.DEBUG: cache_invalidate:  {"method":"GET","url":"http:/","invalidateInfo":{"identifier":"DB_PDO_MYSQL_DDL_stores_data_exporter_index_batches_5"}} []
[2026-04-21T08:06:17.898982+00:00] main.DEBUG: cache_invalidate:  {"method":"GET","url":"http:/","invalidateInfo":{"identifier":"DB_PDO_MYSQL_DDL_stores_data_exporter_index_batches_1"}} []
[2026-04-21T08:06:17.899660+00:00] main.DEBUG: cache_invalidate:  {"method":"GET","url":"http:/","invalidateInfo":{"identifier":"DB_PDO_MYSQL_DDL_stores_data_exporter_index_batches_2"}} []
[2026-04-21T08:06:17.900260+00:00] main.DEBUG: cache_invalidate:  {"method":"GET","url":"http:/","invalidateInfo":{"identifier":"DB_PDO_MYSQL_DDL_stores_data_exporter_index_batches_3"}} []
[2026-04-21T08:06:17.900887+00:00] main.DEBUG: cache_invalidate:  {"method":"GET","url":"http:/","invalidateInfo":{"identifier":"DB_PDO_MYSQL_DDL_stores_data_exporter_index_batches_4"}} []
[2026-04-21T08:06:17.901726+00:00] main.DEBUG: cache_invalidate:  {"method":"GET","url":"http:/","invalidateInfo":{"identifier":"DB_PDO_MYSQL_DDL_stores_data_exporter_index_batches_5"}} []
[2026-04-21T08:06:17.905529+00:00] main.INFO: {"feed":"stores","operation":"full reindex(legacy)","status":"Batch table `stores_data_exporter_index_batches` created. Total Items: 1, batches: ~0","elapsed":"00:00:00 522 ms","pid":"1825","caller":"bin\/magento setup:install --db-host=db --db-name=magento --db-user=magento --db-password=magento"} [] []
[2026-04-21T08:06:17.906200+00:00] main.INFO: {"feed":"stores","operation":"full reindex(legacy)","status":"start processing `1` items in `1` threads with `100` batch size","elapsed":"00:00:00 523 ms","pid":"1825","caller":"bin\/magento setup:install --db-host=db --db-name=magento --db-user=magento --db-password=magento"} [] []
[2026-04-21T08:06:17.918102+00:00] main.INFO: {"feed":"stores","operation":"full reindex(legacy)","status":"Progress 1\/1, processed 1, synced 1","elapsed":"00:00:00 534 ms","pid":"1825","caller":"bin\/magento setup:install --db-host=db --db-name=magento --db-user=magento --db-password=magento"} [] []
[2026-04-21T08:06:17.921657+00:00] main.INFO: {"feed":"stores","operation":"full reindex(legacy)","status":"Complete","elapsed":"00:00:00 538 ms","pid":"1825","caller":"bin\/magento setup:install --db-host=db --db-name=magento --db-user=magento --db-password=magento"} [] []
[2026-04-21T08:08:34.500632+00:00] main.DEBUG: cache_invalidate:  {"method":"GET","url":"http:/","invalidateInfo":{"identifier":"DB_PDO_MYSQL_DDL_cataloginventory_stock_status_1"}} []
[2026-04-21T08:08:34.502125+00:00] main.DEBUG: cache_invalidate:  {"method":"GET","url":"http:/","invalidateInfo":{"identifier":"DB_PDO_MYSQL_DDL_cataloginventory_stock_status_2"}} []
[2026-04-21T08:08:34.502713+00:00] main.DEBUG: cache_invalidate:  {"method":"GET","url":"http:/","invalidateInfo":{"identifier":"DB_PDO_MYSQL_DDL_cataloginventory_stock_status_3"}} []
[2026-04-21T08:08:34.503253+00:00] main.DEBUG: cache_invalidate:  {"method":"GET","url":"http:/","invalidateInfo":{"identifier":"DB_PDO_MYSQL_DDL_cataloginventory_stock_status_4"}} []
[2026-04-21T08:08:34.503759+00:00] main.DEBUG: cache_invalidate:  {"method":"GET","url":"http:/","invalidateInfo":{"identifier":"DB_PDO_MYSQL_DDL_cataloginventory_stock_status_5"}} []
[2026-04-21T08:08:34.504309+00:00] main.DEBUG: cache_invalidate:  {"method":"GET","url":"http:/","invalidateInfo":{"identifier":"DB_PDO_MYSQL_DDL_cataloginventory_stock_status_outdated_1"}} []
[2026-04-21T08:08:34.504790+00:00] main.DEBUG: cache_invalidate:  {"method":"GET","url":"http:/","invalidateInfo":{"identifier":"DB_PDO_MYSQL_DDL_cataloginventory_stock_status_outdated_2"}} []
[2026-04-21T08:08:34.505255+00:00] main.DEBUG: cache_invalidate:  {"method":"GET","url":"http:/","invalidateInfo":{"identifier":"DB_PDO_MYSQL_DDL_cataloginventory_stock_status_outdated_3"}} []
[2026-04-21T08:08:34.505716+00:00] main.DEBUG: cache_invalidate:  {"method":"GET","url":"http:/","invalidateInfo":{"identifier":"DB_PDO_MYSQL_DDL_cataloginventory_stock_status_outdated_4"}} []
[2026-04-21T08:08:34.506168+00:00] main.DEBUG: cache_invalidate:  {"method":"GET","url":"http:/","invalidateInfo":{"identifier":"DB_PDO_MYSQL_DDL_cataloginventory_stock_status_outdated_5"}} []
[2026-04-21T08:08:34.506634+00:00] main.DEBUG: cache_invalidate:  {"method":"GET","url":"http:/","invalidateInfo":{"identifier":"DB_PDO_MYSQL_DDL_cataloginventory_stock_status_replica_1"}} []
[2026-04-21T08:08:34.507095+00:00] main.DEBUG: cache_invalidate:  {"method":"GET","url":"http:/","invalidateInfo":{"identifier":"DB_PDO_MYSQL_DDL_cataloginventory_stock_status_replica_2"}} []
[2026-04-21T08:08:34.507535+00:00] main.DEBUG: cache_invalidate:  {"method":"GET","url":"http:/","invalidateInfo":{"identifier":"DB_PDO_MYSQL_DDL_cataloginventory_stock_status_replica_3"}} []
[2026-04-21T08:08:34.508009+00:00] main.DEBUG: cache_invalidate:  {"method":"GET","url":"http:/","invalidateInfo":{"identifier":"DB_PDO_MYSQL_DDL_cataloginventory_stock_status_replica_4"}} []
[2026-04-21T08:08:34.508495+00:00] main.DEBUG: cache_invalidate:  {"method":"GET","url":"http:/","invalidateInfo":{"identifier":"DB_PDO_MYSQL_DDL_cataloginventory_stock_status_replica_5"}} []
[2026-04-21T08:08:34.519510+00:00] main.DEBUG: cache_invalidate:  {"method":"GET","url":"http:/","invalidateInfo":{"tags":["cat_c","FPC"],"mode":"matchingTag"}} []
[2026-04-21T08:08:34.520026+00:00] main.DEBUG: cache_invalidate:  {"method":"GET","url":"http:/","invalidateInfo":{"tags":["cat_p","FPC"],"mode":"matchingTag"}} []
[2026-04-21T08:08:34.520713+00:00] main.DEBUG: cache_invalidate:  {"method":"GET","url":"http:/","invalidateInfo":{"tags":["cat_c","cat_p"],"mode":"matchingAnyTag"}} []
[2026-04-21T08:08:34.958372+00:00] main.DEBUG: cache_invalidate:  {"method":"GET","url":"http:/","invalidateInfo":{"identifier":"DB_PDO_MYSQL_DDL_customer_grid_flat_1"}} []
[2026-04-21T08:08:34.959199+00:00] main.DEBUG: cache_invalidate:  {"method":"GET","url":"http:/","invalidateInfo":{"identifier":"DB_PDO_MYSQL_DDL_customer_grid_flat_2"}} []
[2026-04-21T08:08:34.959939+00:00] main.DEBUG: cache_invalidate:  {"method":"GET","url":"http:/","invalidateInfo":{"identifier":"DB_PDO_MYSQL_DDL_customer_grid_flat_3"}} []
[2026-04-21T08:08:34.960610+00:00] main.DEBUG: cache_invalidate:  {"method":"GET","url":"http:/","invalidateInfo":{"identifier":"DB_PDO_MYSQL_DDL_customer_grid_flat_4"}} []
[2026-04-21T08:08:34.961239+00:00] main.DEBUG: cache_invalidate:  {"method":"GET","url":"http:/","invalidateInfo":{"identifier":"DB_PDO_MYSQL_DDL_customer_grid_flat_5"}} []
[2026-04-21T08:08:35.206764+00:00] main.DEBUG: cache_invalidate:  {"method":"GET","url":"http:/","invalidateInfo":{"identifier":"DB_PDO_MYSQL_DDL_customer_grid_flat_1"}} []
[2026-04-21T08:08:35.207447+00:00] main.DEBUG: cache_invalidate:  {"method":"GET","url":"http:/","invalidateInfo":{"identifier":"DB_PDO_MYSQL_DDL_customer_grid_flat_2"}} []
[2026-04-21T08:08:35.208035+00:00] main.DEBUG: cache_invalidate:  {"method":"GET","url":"http:/","invalidateInfo":{"identifier":"DB_PDO_MYSQL_DDL_customer_grid_flat_3"}} []
[2026-04-21T08:08:35.208560+00:00] main.DEBUG: cache_invalidate:  {"method":"GET","url":"http:/","invalidateInfo":{"identifier":"DB_PDO_MYSQL_DDL_customer_grid_flat_4"}} []
[2026-04-21T08:08:35.209249+00:00] main.DEBUG: cache_invalidate:  {"method":"GET","url":"http:/","invalidateInfo":{"identifier":"DB_PDO_MYSQL_DDL_customer_grid_flat_5"}} []
[2026-04-21T08:08:35.545075+00:00] main.DEBUG: cache_invalidate:  {"method":"GET","url":"http:/","invalidateInfo":{"identifier":"DB_PDO_MYSQL_DDL_catalog_category_product_index_store1_1"}} []
[2026-04-21T08:08:35.545865+00:00] main.DEBUG: cache_invalidate:  {"method":"GET","url":"http:/","invalidateInfo":{"identifier":"DB_PDO_MYSQL_DDL_catalog_category_product_index_store1_2"}} []
[2026-04-21T08:08:35.546501+00:00] main.DEBUG: cache_invalidate:  {"method":"GET","url":"http:/","invalidateInfo":{"identifier":"DB_PDO_MYSQL_DDL_catalog_category_product_index_store1_3"}} []
[2026-04-21T08:08:35.547129+00:00] main.DEBUG: cache_invalidate:  {"method":"GET","url":"http:/","invalidateInfo":{"identifier":"DB_PDO_MYSQL_DDL_catalog_category_product_index_store1_4"}} []
[2026-04-21T08:08:35.547771+00:00] main.DEBUG: cache_invalidate:  {"method":"GET","url":"http:/","invalidateInfo":{"identifier":"DB_PDO_MYSQL_DDL_catalog_category_product_index_store1_5"}} []
[2026-04-21T08:08:35.548375+00:00] main.DEBUG: cache_invalidate:  {"method":"GET","url":"http:/","invalidateInfo":{"identifier":"DB_PDO_MYSQL_DDL_catalog_category_product_index_store1_outdated_1"}} []
[2026-04-21T08:08:35.548954+00:00] main.DEBUG: cache_invalidate:  {"method":"GET","url":"http:/","invalidateInfo":{"identifier":"DB_PDO_MYSQL_DDL_catalog_category_product_index_store1_outdated_2"}} []
[2026-04-21T08:08:35.549531+00:00] main.DEBUG: cache_invalidate:  {"method":"GET","url":"http:/","invalidateInfo":{"identifier":"DB_PDO_MYSQL_DDL_catalog_category_product_index_store1_outdated_3"}} []
[2026-04-21T08:08:35.550179+00:00] main.DEBUG: cache_invalidate:  {"method":"GET","url":"http:/","invalidateInfo":{"identifier":"DB_PDO_MYSQL_DDL_catalog_category_product_index_store1_outdated_4"}} []
[2026-04-21T08:08:35.550763+00:00] main.DEBUG: cache_invalidate:  {"method":"GET","url":"http:/","invalidateInfo":{"identifier":"DB_PDO_MYSQL_DDL_catalog_category_product_index_store1_outdated_5"}} []
[2026-04-21T08:08:35.551405+00:00] main.DEBUG: cache_invalidate:  {"method":"GET","url":"http:/","invalidateInfo":{"identifier":"DB_PDO_MYSQL_DDL_catalog_category_product_index_store1_replica_1"}} []
[2026-04-21T08:08:35.551979+00:00] main.DEBUG: cache_invalidate:  {"method":"GET","url":"http:/","invalidateInfo":{"identifier":"DB_PDO_MYSQL_DDL_catalog_category_product_index_store1_replica_2"}} []
[2026-04-21T08:08:35.552534+00:00] main.DEBUG: cache_invalidate:  {"method":"GET","url":"http:/","invalidateInfo":{"identifier":"DB_PDO_MYSQL_DDL_catalog_category_product_index_store1_replica_3"}} []
[2026-04-21T08:08:35.553092+00:00] main.DEBUG: cache_invalidate:  {"method":"GET","url":"http:/","invalidateInfo":{"identifier":"DB_PDO_MYSQL_DDL_catalog_category_product_index_store1_replica_4"}} []
[2026-04-21T08:08:35.553680+00:00] main.DEBUG: cache_invalidate:  {"method":"GET","url":"http:/","invalidateInfo":{"identifier":"DB_PDO_MYSQL_DDL_catalog_category_product_index_store1_replica_5"}} []
[2026-04-21T08:08:35.556521+00:00] main.DEBUG: cache_invalidate:  {"method":"GET","url":"http:/","invalidateInfo":{"tags":["cat_c","FPC"],"mode":"matchingTag"}} []
[2026-04-21T08:08:35.557060+00:00] main.DEBUG: cache_invalidate:  {"method":"GET","url":"http:/","invalidateInfo":{"tags":["cat_c"],"mode":"matchingAnyTag"}} []
[2026-04-21T08:08:36.074733+00:00] main.DEBUG: cache_invalidate:  {"method":"GET","url":"http:/","invalidateInfo":{"identifier":"DB_PDO_MYSQL_DDL_catalogrule_product_1"}} []
[2026-04-21T08:08:36.076004+00:00] main.DEBUG: cache_invalidate:  {"method":"GET","url":"http:/","invalidateInfo":{"identifier":"DB_PDO_MYSQL_DDL_catalogrule_product_2"}} []
[2026-04-21T08:08:36.077144+00:00] main.DEBUG: cache_invalidate:  {"method":"GET","url":"http:/","invalidateInfo":{"identifier":"DB_PDO_MYSQL_DDL_catalogrule_product_3"}} []
[2026-04-21T08:08:36.078240+00:00] main.DEBUG: cache_invalidate:  {"method":"GET","url":"http:/","invalidateInfo":{"identifier":"DB_PDO_MYSQL_DDL_catalogrule_product_4"}} []
[2026-04-21T08:08:36.079154+00:00] main.DEBUG: cache_invalidate:  {"method":"GET","url":"http:/","invalidateInfo":{"identifier":"DB_PDO_MYSQL_DDL_catalogrule_product_5"}} []
[2026-04-21T08:08:36.080085+00:00] main.DEBUG: cache_invalidate:  {"method":"GET","url":"http:/","invalidateInfo":{"identifier":"DB_PDO_MYSQL_DDL_catalogrule_product9406b551_1"}} []
[2026-04-21T08:08:36.081084+00:00] main.DEBUG: cache_invalidate:  {"method":"GET","url":"http:/","invalidateInfo":{"identifier":"DB_PDO_MYSQL_DDL_catalogrule_product9406b551_2"}} []
[2026-04-21T08:08:36.082123+00:00] main.DEBUG: cache_invalidate:  {"method":"GET","url":"http:/","invalidateInfo":{"identifier":"DB_PDO_MYSQL_DDL_catalogrule_product9406b551_3"}} []
[2026-04-21T08:08:36.083223+00:00] main.DEBUG: cache_invalidate:  {"method":"GET","url":"http:/","invalidateInfo":{"identifier":"DB_PDO_MYSQL_DDL_catalogrule_product9406b551_4"}} []
[2026-04-21T08:08:36.084236+00:00] main.DEBUG: cache_invalidate:  {"method":"GET","url":"http:/","invalidateInfo":{"identifier":"DB_PDO_MYSQL_DDL_catalogrule_product9406b551_5"}} []
[2026-04-21T08:08:36.085601+00:00] main.DEBUG: cache_invalidate:  {"method":"GET","url":"http:/","invalidateInfo":{"identifier":"DB_PDO_MYSQL_DDL_catalogrule_product__temp0ee31bad_1"}} []
[2026-04-21T08:08:36.086475+00:00] main.DEBUG: cache_invalidate:  {"method":"GET","url":"http:/","invalidateInfo":{"identifier":"DB_PDO_MYSQL_DDL_catalogrule_product__temp0ee31bad_2"}} []
[2026-04-21T08:08:36.087230+00:00] main.DEBUG: cache_invalidate:  {"method":"GET","url":"http:/","invalidateInfo":{"identifier":"DB_PDO_MYSQL_DDL_catalogrule_product__temp0ee31bad_3"}} []
[2026-04-21T08:08:36.088059+00:00] main.DEBUG: cache_invalidate:  {"method":"GET","url":"http:/","invalidateInfo":{"identifier":"DB_PDO_MYSQL_DDL_catalogrule_product__temp0ee31bad_4"}} []
[2026-04-21T08:08:36.089176+00:00] main.DEBUG: cache_invalidate:  {"method":"GET","url":"http:/","invalidateInfo":{"identifier":"DB_PDO_MYSQL_DDL_catalogrule_product__temp0ee31bad_5"}} []
[2026-04-21T08:08:36.090175+00:00] main.DEBUG: cache_invalidate:  {"method":"GET","url":"http:/","invalidateInfo":{"identifier":"DB_PDO_MYSQL_DDL_catalogrule_product_price_1"}} []
[2026-04-21T08:08:36.091094+00:00] main.DEBUG: cache_invalidate:  {"method":"GET","url":"http:/","invalidateInfo":{"identifier":"DB_PDO_MYSQL_DDL_catalogrule_product_price_2"}} []
[2026-04-21T08:08:36.092161+00:00] main.DEBUG: cache_invalidate:  {"method":"GET","url":"http:/","invalidateInfo":{"identifier":"DB_PDO_MYSQL_DDL_catalogrule_product_price_3"}} []
[2026-04-21T08:08:36.093320+00:00] main.DEBUG: cache_invalidate:  {"method":"GET","url":"http:/","invalidateInfo":{"identifier":"DB_PDO_MYSQL_DDL_catalogrule_product_price_4"}} []
[2026-04-21T08:08:36.094260+00:00] main.DEBUG: cache_invalidate:  {"method":"GET","url":"http:/","invalidateInfo":{"identifier":"DB_PDO_MYSQL_DDL_catalogrule_product_price_5"}} []
[2026-04-21T08:08:36.095121+00:00] main.DEBUG: cache_invalidate:  {"method":"GET","url":"http:/","invalidateInfo":{"identifier":"DB_PDO_MYSQL_DDL_catalogrule_product_priceac57d4e3_1"}} []
[2026-04-21T08:08:36.095870+00:00] main.DEBUG: cache_invalidate:  {"method":"GET","url":"http:/","invalidateInfo":{"identifier":"DB_PDO_MYSQL_DDL_catalogrule_product_priceac57d4e3_2"}} []
[2026-04-21T08:08:36.096416+00:00] main.DEBUG: cache_invalidate:  {"method":"GET","url":"http:/","invalidateInfo":{"identifier":"DB_PDO_MYSQL_DDL_catalogrule_product_priceac57d4e3_3"}} []
[2026-04-21T08:08:36.096975+00:00] main.DEBUG: cache_invalidate:  {"method":"GET","url":"http:/","invalidateInfo":{"identifier":"DB_PDO_MYSQL_DDL_catalogrule_product_priceac57d4e3_4"}} []
[2026-04-21T08:08:36.097927+00:00] main.DEBUG: cache_invalidate:  {"method":"GET","url":"http:/","invalidateInfo":{"identifier":"DB_PDO_MYSQL_DDL_catalogrule_product_priceac57d4e3_5"}} []
[2026-04-21T08:08:36.098975+00:00] main.DEBUG: cache_invalidate:  {"method":"GET","url":"http:/","invalidateInfo":{"identifier":"DB_PDO_MYSQL_DDL_catalogrule_product_price__temp2fc17835_1"}} []
[2026-04-21T08:08:36.099848+00:00] main.DEBUG: cache_invalidate:  {"method":"GET","url":"http:/","invalidateInfo":{"identifier":"DB_PDO_MYSQL_DDL_catalogrule_product_price__temp2fc17835_2"}} []
[2026-04-21T08:08:36.100568+00:00] main.DEBUG: cache_invalidate:  {"method":"GET","url":"http:/","invalidateInfo":{"identifier":"DB_PDO_MYSQL_DDL_catalogrule_product_price__temp2fc17835_3"}} []
[2026-04-21T08:08:36.101382+00:00] main.DEBUG: cache_invalidate:  {"method":"GET","url":"http:/","invalidateInfo":{"identifier":"DB_PDO_MYSQL_DDL_catalogrule_product_price__temp2fc17835_4"}} []
[2026-04-21T08:08:36.102217+00:00] main.DEBUG: cache_invalidate:  {"method":"GET","url":"http:/","invalidateInfo":{"identifier":"DB_PDO_MYSQL_DDL_catalogrule_product_price__temp2fc17835_5"}} []
[2026-04-21T08:08:36.103082+00:00] main.DEBUG: cache_invalidate:  {"method":"GET","url":"http:/","invalidateInfo":{"identifier":"DB_PDO_MYSQL_DDL_catalogrule_group_website_1"}} []
[2026-04-21T08:08:36.103925+00:00] main.DEBUG: cache_invalidate:  {"method":"GET","url":"http:/","invalidateInfo":{"identifier":"DB_PDO_MYSQL_DDL_catalogrule_group_website_2"}} []
[2026-04-21T08:08:36.104729+00:00] main.DEBUG: cache_invalidate:  {"method":"GET","url":"http:/","invalidateInfo":{"identifier":"DB_PDO_MYSQL_DDL_catalogrule_group_website_3"}} []
[2026-04-21T08:08:36.105532+00:00] main.DEBUG: cache_invalidate:  {"method":"GET","url":"http:/","invalidateInfo":{"identifier":"DB_PDO_MYSQL_DDL_catalogrule_group_website_4"}} []
[2026-04-21T08:08:36.106269+00:00] main.DEBUG: cache_invalidate:  {"method":"GET","url":"http:/","invalidateInfo":{"identifier":"DB_PDO_MYSQL_DDL_catalogrule_group_website_5"}} []
[2026-04-21T08:08:36.107018+00:00] main.DEBUG: cache_invalidate:  {"method":"GET","url":"http:/","invalidateInfo":{"identifier":"DB_PDO_MYSQL_DDL_catalogrule_group_website2363dead_1"}} []
[2026-04-21T08:08:36.107749+00:00] main.DEBUG: cache_invalidate:  {"method":"GET","url":"http:/","invalidateInfo":{"identifier":"DB_PDO_MYSQL_DDL_catalogrule_group_website2363dead_2"}} []
[2026-04-21T08:08:36.108326+00:00] main.DEBUG: cache_invalidate:  {"method":"GET","url":"http:/","invalidateInfo":{"identifier":"DB_PDO_MYSQL_DDL_catalogrule_group_website2363dead_3"}} []
[2026-04-21T08:08:36.108979+00:00] main.DEBUG: cache_invalidate:  {"method":"GET","url":"http:/","invalidateInfo":{"identifier":"DB_PDO_MYSQL_DDL_catalogrule_group_website2363dead_4"}} []
[2026-04-21T08:08:36.109675+00:00] main.DEBUG: cache_invalidate:  {"method":"GET","url":"http:/","invalidateInfo":{"identifier":"DB_PDO_MYSQL_DDL_catalogrule_group_website2363dead_5"}} []
[2026-04-21T08:08:36.110732+00:00] main.DEBUG: cache_invalidate:  {"method":"GET","url":"http:/","invalidateInfo":{"identifier":"DB_PDO_MYSQL_DDL_catalogrule_group_website__temp1415a5a9_1"}} []
[2026-04-21T08:08:36.111534+00:00] main.DEBUG: cache_invalidate:  {"method":"GET","url":"http:/","invalidateInfo":{"identifier":"DB_PDO_MYSQL_DDL_catalogrule_group_website__temp1415a5a9_2"}} []
[2026-04-21T08:08:36.112388+00:00] main.DEBUG: cache_invalidate:  {"method":"GET","url":"http:/","invalidateInfo":{"identifier":"DB_PDO_MYSQL_DDL_catalogrule_group_website__temp1415a5a9_3"}} []
[2026-04-21T08:08:36.113496+00:00] main.DEBUG: cache_invalidate:  {"method":"GET","url":"http:/","invalidateInfo":{"identifier":"DB_PDO_MYSQL_DDL_catalogrule_group_website__temp1415a5a9_4"}} []
[2026-04-21T08:08:36.114365+00:00] main.DEBUG: cache_invalidate:  {"method":"GET","url":"http:/","invalidateInfo":{"identifier":"DB_PDO_MYSQL_DDL_catalogrule_group_website__temp1415a5a9_5"}} []
[2026-04-21T08:08:36.136376+00:00] main.DEBUG: cache_invalidate:  {"method":"GET","url":"http:/","invalidateInfo":{"identifier":"DB_PDO_MYSQL_DDL_catalogrule_product9406b551_1"}} []
[2026-04-21T08:08:36.137265+00:00] main.DEBUG: cache_invalidate:  {"method":"GET","url":"http:/","invalidateInfo":{"identifier":"DB_PDO_MYSQL_DDL_catalogrule_product9406b551_2"}} []
[2026-04-21T08:08:36.138006+00:00] main.DEBUG: cache_invalidate:  {"method":"GET","url":"http:/","invalidateInfo":{"identifier":"DB_PDO_MYSQL_DDL_catalogrule_product9406b551_3"}} []
[2026-04-21T08:08:36.139036+00:00] main.DEBUG: cache_invalidate:  {"method":"GET","url":"http:/","invalidateInfo":{"identifier":"DB_PDO_MYSQL_DDL_catalogrule_product9406b551_4"}} []
[2026-04-21T08:08:36.139816+00:00] main.DEBUG: cache_invalidate:  {"method":"GET","url":"http:/","invalidateInfo":{"identifier":"DB_PDO_MYSQL_DDL_catalogrule_product9406b551_5"}} []
[2026-04-21T08:08:36.166847+00:00] main.DEBUG: cache_invalidate:  {"method":"GET","url":"http:/","invalidateInfo":{"identifier":"DB_PDO_MYSQL_DDL_catalogrule_product_priceac57d4e3_1"}} []
[2026-04-21T08:08:36.167929+00:00] main.DEBUG: cache_invalidate:  {"method":"GET","url":"http:/","invalidateInfo":{"identifier":"DB_PDO_MYSQL_DDL_catalogrule_product_priceac57d4e3_2"}} []
[2026-04-21T08:08:36.169113+00:00] main.DEBUG: cache_invalidate:  {"method":"GET","url":"http:/","invalidateInfo":{"identifier":"DB_PDO_MYSQL_DDL_catalogrule_product_priceac57d4e3_3"}} []
[2026-04-21T08:08:36.173301+00:00] main.DEBUG: cache_invalidate:  {"method":"GET","url":"http:/","invalidateInfo":{"identifier":"DB_PDO_MYSQL_DDL_catalogrule_product_priceac57d4e3_4"}} []
[2026-04-21T08:08:36.174180+00:00] main.DEBUG: cache_invalidate:  {"method":"GET","url":"http:/","invalidateInfo":{"identifier":"DB_PDO_MYSQL_DDL_catalogrule_product_priceac57d4e3_5"}} []
[2026-04-21T08:08:36.198212+00:00] main.DEBUG: cache_invalidate:  {"method":"GET","url":"http:/","invalidateInfo":{"identifier":"DB_PDO_MYSQL_DDL_catalogrule_group_website2363dead_1"}} []
[2026-04-21T08:08:36.199373+00:00] main.DEBUG: cache_invalidate:  {"method":"GET","url":"http:/","invalidateInfo":{"identifier":"DB_PDO_MYSQL_DDL_catalogrule_group_website2363dead_2"}} []
[2026-04-21T08:08:36.200170+00:00] main.DEBUG: cache_invalidate:  {"method":"GET","url":"http:/","invalidateInfo":{"identifier":"DB_PDO_MYSQL_DDL_catalogrule_group_website2363dead_3"}} []
[2026-04-21T08:08:36.200878+00:00] main.DEBUG: cache_invalidate:  {"method":"GET","url":"http:/","invalidateInfo":{"identifier":"DB_PDO_MYSQL_DDL_catalogrule_group_website2363dead_4"}} []
[2026-04-21T08:08:36.201601+00:00] main.DEBUG: cache_invalidate:  {"method":"GET","url":"http:/","invalidateInfo":{"identifier":"DB_PDO_MYSQL_DDL_catalogrule_group_website2363dead_5"}} []
[2026-04-21T08:08:36.283553+00:00] main.DEBUG: cache_invalidate:  {"method":"GET","url":"http:/","invalidateInfo":{"tags":["cat_c","FPC"],"mode":"matchingTag"}} []
[2026-04-21T08:08:36.284299+00:00] main.DEBUG: cache_invalidate:  {"method":"GET","url":"http:/","invalidateInfo":{"tags":["cat_p","FPC"],"mode":"matchingTag"}} []
[2026-04-21T08:08:36.285075+00:00] main.DEBUG: cache_invalidate:  {"method":"GET","url":"http:/","invalidateInfo":{"tags":["BLOCK_HTML","FPC"],"mode":"matchingTag"}} []
[2026-04-21T08:08:36.285973+00:00] main.DEBUG: cache_invalidate:  {"method":"GET","url":"http:/","invalidateInfo":{"tags":["cat_c","cat_p","BLOCK_HTML"],"mode":"matchingAnyTag"}} []
[2026-04-21T08:08:36.464710+00:00] main.DEBUG: cache_invalidate:  {"method":"GET","url":"http:/","invalidateInfo":{"identifier":"DB_PDO_MYSQL_DDL_catalog_product_index_eav_1"}} []
[2026-04-21T08:08:36.465599+00:00] main.DEBUG: cache_invalidate:  {"method":"GET","url":"http:/","invalidateInfo":{"identifier":"DB_PDO_MYSQL_DDL_catalog_product_index_eav_2"}} []
[2026-04-21T08:08:36.466388+00:00] main.DEBUG: cache_invalidate:  {"method":"GET","url":"http:/","invalidateInfo":{"identifier":"DB_PDO_MYSQL_DDL_catalog_product_index_eav_3"}} []
[2026-04-21T08:08:36.467118+00:00] main.DEBUG: cache_invalidate:  {"method":"GET","url":"http:/","invalidateInfo":{"identifier":"DB_PDO_MYSQL_DDL_catalog_product_index_eav_4"}} []
[2026-04-21T08:08:36.467849+00:00] main.DEBUG: cache_invalidate:  {"method":"GET","url":"http:/","invalidateInfo":{"identifier":"DB_PDO_MYSQL_DDL_catalog_product_index_eav_5"}} []
[2026-04-21T08:08:36.468520+00:00] main.DEBUG: cache_invalidate:  {"method":"GET","url":"http:/","invalidateInfo":{"identifier":"DB_PDO_MYSQL_DDL_catalog_product_index_eav_outdated_1"}} []
[2026-04-21T08:08:36.469199+00:00] main.DEBUG: cache_invalidate:  {"method":"GET","url":"http:/","invalidateInfo":{"identifier":"DB_PDO_MYSQL_DDL_catalog_product_index_eav_outdated_2"}} []
[2026-04-21T08:08:36.469850+00:00] main.DEBUG: cache_invalidate:  {"method":"GET","url":"http:/","invalidateInfo":{"identifier":"DB_PDO_MYSQL_DDL_catalog_product_index_eav_outdated_3"}} []
[2026-04-21T08:08:36.470493+00:00] main.DEBUG: cache_invalidate:  {"method":"GET","url":"http:/","invalidateInfo":{"identifier":"DB_PDO_MYSQL_DDL_catalog_product_index_eav_outdated_4"}} []
[2026-04-21T08:08:36.471156+00:00] main.DEBUG: cache_invalidate:  {"method":"GET","url":"http:/","invalidateInfo":{"identifier":"DB_PDO_MYSQL_DDL_catalog_product_index_eav_outdated_5"}} []
[2026-04-21T08:08:36.471827+00:00] main.DEBUG: cache_invalidate:  {"method":"GET","url":"http:/","invalidateInfo":{"identifier":"DB_PDO_MYSQL_DDL_catalog_product_index_eav_replica_1"}} []
[2026-04-21T08:08:36.472456+00:00] main.DEBUG: cache_invalidate:  {"method":"GET","url":"http:/","invalidateInfo":{"identifier":"DB_PDO_MYSQL_DDL_catalog_product_index_eav_replica_2"}} []
[2026-04-21T08:08:36.473116+00:00] main.DEBUG: cache_invalidate:  {"method":"GET","url":"http:/","invalidateInfo":{"identifier":"DB_PDO_MYSQL_DDL_catalog_product_index_eav_replica_3"}} []
[2026-04-21T08:08:36.473758+00:00] main.DEBUG: cache_invalidate:  {"method":"GET","url":"http:/","invalidateInfo":{"identifier":"DB_PDO_MYSQL_DDL_catalog_product_index_eav_replica_4"}} []
[2026-04-21T08:08:36.474421+00:00] main.DEBUG: cache_invalidate:  {"method":"GET","url":"http:/","invalidateInfo":{"identifier":"DB_PDO_MYSQL_DDL_catalog_product_index_eav_replica_5"}} []
[2026-04-21T08:08:36.577199+00:00] main.DEBUG: cache_invalidate:  {"method":"GET","url":"http:/","invalidateInfo":{"identifier":"DB_PDO_MYSQL_DDL_catalog_product_index_eav_decimal_1"}} []
[2026-04-21T08:08:36.578244+00:00] main.DEBUG: cache_invalidate:  {"method":"GET","url":"http:/","invalidateInfo":{"identifier":"DB_PDO_MYSQL_DDL_catalog_product_index_eav_decimal_2"}} []
[2026-04-21T08:08:36.579057+00:00] main.DEBUG: cache_invalidate:  {"method":"GET","url":"http:/","invalidateInfo":{"identifier":"DB_PDO_MYSQL_DDL_catalog_product_index_eav_decimal_3"}} []
[2026-04-21T08:08:36.579849+00:00] main.DEBUG: cache_invalidate:  {"method":"GET","url":"http:/","invalidateInfo":{"identifier":"DB_PDO_MYSQL_DDL_catalog_product_index_eav_decimal_4"}} []
[2026-04-21T08:08:36.580484+00:00] main.DEBUG: cache_invalidate:  {"method":"GET","url":"http:/","invalidateInfo":{"identifier":"DB_PDO_MYSQL_DDL_catalog_product_index_eav_decimal_5"}} []
[2026-04-21T08:08:36.581096+00:00] main.DEBUG: cache_invalidate:  {"method":"GET","url":"http:/","invalidateInfo":{"identifier":"DB_PDO_MYSQL_DDL_catalog_product_index_eav_decimal_outdated_1"}} []
[2026-04-21T08:08:36.581667+00:00] main.DEBUG: cache_invalidate:  {"method":"GET","url":"http:/","invalidateInfo":{"identifier":"DB_PDO_MYSQL_DDL_catalog_product_index_eav_decimal_outdated_2"}} []
[2026-04-21T08:08:36.582240+00:00] main.DEBUG: cache_invalidate:  {"method":"GET","url":"http:/","invalidateInfo":{"identifier":"DB_PDO_MYSQL_DDL_catalog_product_index_eav_decimal_outdated_3"}} []
[2026-04-21T08:08:36.582791+00:00] main.DEBUG: cache_invalidate:  {"method":"GET","url":"http:/","invalidateInfo":{"identifier":"DB_PDO_MYSQL_DDL_catalog_product_index_eav_decimal_outdated_4"}} []
[2026-04-21T08:08:36.583324+00:00] main.DEBUG: cache_invalidate:  {"method":"GET","url":"http:/","invalidateInfo":{"identifier":"DB_PDO_MYSQL_DDL_catalog_product_index_eav_decimal_outdated_5"}} []
[2026-04-21T08:08:36.583931+00:00] main.DEBUG: cache_invalidate:  {"method":"GET","url":"http:/","invalidateInfo":{"identifier":"DB_PDO_MYSQL_DDL_catalog_product_index_eav_decimal_replica_1"}} []
[2026-04-21T08:08:36.584516+00:00] main.DEBUG: cache_invalidate:  {"method":"GET","url":"http:/","invalidateInfo":{"identifier":"DB_PDO_MYSQL_DDL_catalog_product_index_eav_decimal_replica_2"}} []
[2026-04-21T08:08:36.585339+00:00] main.DEBUG: cache_invalidate:  {"method":"GET","url":"http:/","invalidateInfo":{"identifier":"DB_PDO_MYSQL_DDL_catalog_product_index_eav_decimal_replica_3"}} []
[2026-04-21T08:08:36.585963+00:00] main.DEBUG: cache_invalidate:  {"method":"GET","url":"http:/","invalidateInfo":{"identifier":"DB_PDO_MYSQL_DDL_catalog_product_index_eav_decimal_replica_4"}} []
[2026-04-21T08:08:36.586597+00:00] main.DEBUG: cache_invalidate:  {"method":"GET","url":"http:/","invalidateInfo":{"identifier":"DB_PDO_MYSQL_DDL_catalog_product_index_eav_decimal_replica_5"}} []
[2026-04-21T08:08:36.587524+00:00] main.DEBUG: cache_invalidate:  {"method":"GET","url":"http:/","invalidateInfo":{"tags":["cat_c","FPC"],"mode":"matchingTag"}} []
[2026-04-21T08:08:36.588063+00:00] main.DEBUG: cache_invalidate:  {"method":"GET","url":"http:/","invalidateInfo":{"tags":["cat_p","FPC"],"mode":"matchingTag"}} []
[2026-04-21T08:08:36.588730+00:00] main.DEBUG: cache_invalidate:  {"method":"GET","url":"http:/","invalidateInfo":{"tags":["cat_c","cat_p"],"mode":"matchingAnyTag"}} []
[2026-04-21T08:08:36.925681+00:00] main.DEBUG: cache_invalidate:  {"method":"GET","url":"http:/","invalidateInfo":{"identifier":"DB_PDO_MYSQL_DDL_catalog_product_index_price_1"}} []
[2026-04-21T08:08:36.926506+00:00] main.DEBUG: cache_invalidate:  {"method":"GET","url":"http:/","invalidateInfo":{"identifier":"DB_PDO_MYSQL_DDL_catalog_product_index_price_2"}} []
[2026-04-21T08:08:36.927240+00:00] main.DEBUG: cache_invalidate:  {"method":"GET","url":"http:/","invalidateInfo":{"identifier":"DB_PDO_MYSQL_DDL_catalog_product_index_price_3"}} []
[2026-04-21T08:08:36.927923+00:00] main.DEBUG: cache_invalidate:  {"method":"GET","url":"http:/","invalidateInfo":{"identifier":"DB_PDO_MYSQL_DDL_catalog_product_index_price_4"}} []
[2026-04-21T08:08:36.928572+00:00] main.DEBUG: cache_invalidate:  {"method":"GET","url":"http:/","invalidateInfo":{"identifier":"DB_PDO_MYSQL_DDL_catalog_product_index_price_5"}} []
[2026-04-21T08:08:36.929636+00:00] main.DEBUG: cache_invalidate:  {"method":"GET","url":"http:/","invalidateInfo":{"identifier":"DB_PDO_MYSQL_DDL_catalog_product_index_price_outdated_1"}} []
[2026-04-21T08:08:36.930356+00:00] main.DEBUG: cache_invalidate:  {"method":"GET","url":"http:/","invalidateInfo":{"identifier":"DB_PDO_MYSQL_DDL_catalog_product_index_price_outdated_2"}} []
[2026-04-21T08:08:36.931025+00:00] main.DEBUG: cache_invalidate:  {"method":"GET","url":"http:/","invalidateInfo":{"identifier":"DB_PDO_MYSQL_DDL_catalog_product_index_price_outdated_3"}} []
[2026-04-21T08:08:36.931692+00:00] main.DEBUG: cache_invalidate:  {"method":"GET","url":"http:/","invalidateInfo":{"identifier":"DB_PDO_MYSQL_DDL_catalog_product_index_price_outdated_4"}} []
[2026-04-21T08:08:36.932342+00:00] main.DEBUG: cache_invalidate:  {"method":"GET","url":"http:/","invalidateInfo":{"identifier":"DB_PDO_MYSQL_DDL_catalog_product_index_price_outdated_5"}} []
[2026-04-21T08:08:36.933024+00:00] main.DEBUG: cache_invalidate:  {"method":"GET","url":"http:/","invalidateInfo":{"identifier":"DB_PDO_MYSQL_DDL_catalog_product_index_price_replica_1"}} []
[2026-04-21T08:08:36.933672+00:00] main.DEBUG: cache_invalidate:  {"method":"GET","url":"http:/","invalidateInfo":{"identifier":"DB_PDO_MYSQL_DDL_catalog_product_index_price_replica_2"}} []
[2026-04-21T08:08:36.934337+00:00] main.DEBUG: cache_invalidate:  {"method":"GET","url":"http:/","invalidateInfo":{"identifier":"DB_PDO_MYSQL_DDL_catalog_product_index_price_replica_3"}} []
[2026-04-21T08:08:36.934914+00:00] main.DEBUG: cache_invalidate:  {"method":"GET","url":"http:/","invalidateInfo":{"identifier":"DB_PDO_MYSQL_DDL_catalog_product_index_price_replica_4"}} []
[2026-04-21T08:08:36.935499+00:00] main.DEBUG: cache_invalidate:  {"method":"GET","url":"http:/","invalidateInfo":{"identifier":"DB_PDO_MYSQL_DDL_catalog_product_index_price_replica_5"}} []
[2026-04-21T08:08:36.936501+00:00] main.DEBUG: cache_invalidate:  {"method":"GET","url":"http:/","invalidateInfo":{"tags":["cat_c","FPC"],"mode":"matchingTag"}} []
[2026-04-21T08:08:36.937138+00:00] main.DEBUG: cache_invalidate:  {"method":"GET","url":"http:/","invalidateInfo":{"tags":["cat_p","FPC"],"mode":"matchingTag"}} []
[2026-04-21T08:08:36.937857+00:00] main.DEBUG: cache_invalidate:  {"method":"GET","url":"http:/","invalidateInfo":{"tags":["cat_c","cat_p"],"mode":"matchingAnyTag"}} []
[2026-04-21T08:08:38.019711+00:00] main.INFO: {"feed":"salesOrders","operation":"full reindex(legacy)","status":"Initialize","elapsed":"00:00:00 826 ms","pid":"1843","caller":"bin\/magento indexer:reindex"} [] []
[2026-04-21T08:08:38.068451+00:00] main.DEBUG: cache_invalidate:  {"method":"GET","url":"http:/","invalidateInfo":{"identifier":"DB_PDO_MYSQL_DDL_sales_data_exporter_orders_index_sequence_1"}} []
[2026-04-21T08:08:38.069095+00:00] main.DEBUG: cache_invalidate:  {"method":"GET","url":"http:/","invalidateInfo":{"identifier":"DB_PDO_MYSQL_DDL_sales_data_exporter_orders_index_sequence_2"}} []
[2026-04-21T08:08:38.069597+00:00] main.DEBUG: cache_invalidate:  {"method":"GET","url":"http:/","invalidateInfo":{"identifier":"DB_PDO_MYSQL_DDL_sales_data_exporter_orders_index_sequence_3"}} []
[2026-04-21T08:08:38.070121+00:00] main.DEBUG: cache_invalidate:  {"method":"GET","url":"http:/","invalidateInfo":{"identifier":"DB_PDO_MYSQL_DDL_sales_data_exporter_orders_index_sequence_4"}} []
[2026-04-21T08:08:38.070586+00:00] main.DEBUG: cache_invalidate:  {"method":"GET","url":"http:/","invalidateInfo":{"identifier":"DB_PDO_MYSQL_DDL_sales_data_exporter_orders_index_sequence_5"}} []
[2026-04-21T08:08:38.100291+00:00] main.DEBUG: cache_invalidate:  {"method":"GET","url":"http:/","invalidateInfo":{"identifier":"DB_PDO_MYSQL_DDL_sales_data_exporter_orders_index_sequence_1"}} []
[2026-04-21T08:08:38.100931+00:00] main.DEBUG: cache_invalidate:  {"method":"GET","url":"http:/","invalidateInfo":{"identifier":"DB_PDO_MYSQL_DDL_sales_data_exporter_orders_index_sequence_2"}} []
[2026-04-21T08:08:38.101450+00:00] main.DEBUG: cache_invalidate:  {"method":"GET","url":"http:/","invalidateInfo":{"identifier":"DB_PDO_MYSQL_DDL_sales_data_exporter_orders_index_sequence_3"}} []
[2026-04-21T08:08:38.101915+00:00] main.DEBUG: cache_invalidate:  {"method":"GET","url":"http:/","invalidateInfo":{"identifier":"DB_PDO_MYSQL_DDL_sales_data_exporter_orders_index_sequence_4"}} []
[2026-04-21T08:08:38.102338+00:00] main.DEBUG: cache_invalidate:  {"method":"GET","url":"http:/","invalidateInfo":{"identifier":"DB_PDO_MYSQL_DDL_sales_data_exporter_orders_index_sequence_5"}} []
[2026-04-21T08:08:38.109544+00:00] main.INFO: {"feed":"salesOrders","operation":"full reindex(legacy)","status":"Creating batch table `sales_data_exporter_orders_index_batches`. Start position: 0","elapsed":"00:00:01 916 ms","pid":"1843","caller":"bin\/magento indexer:reindex"} [] []
[2026-04-21T08:08:38.131058+00:00] main.DEBUG: cache_invalidate:  {"method":"GET","url":"http:/","invalidateInfo":{"identifier":"DB_PDO_MYSQL_DDL_sales_data_exporter_orders_index_batches_1"}} []
[2026-04-21T08:08:38.131575+00:00] main.DEBUG: cache_invalidate:  {"method":"GET","url":"http:/","invalidateInfo":{"identifier":"DB_PDO_MYSQL_DDL_sales_data_exporter_orders_index_batches_2"}} []
[2026-04-21T08:08:38.132061+00:00] main.DEBUG: cache_invalidate:  {"method":"GET","url":"http:/","invalidateInfo":{"identifier":"DB_PDO_MYSQL_DDL_sales_data_exporter_orders_index_batches_3"}} []
[2026-04-21T08:08:38.132479+00:00] main.DEBUG: cache_invalidate:  {"method":"GET","url":"http:/","invalidateInfo":{"identifier":"DB_PDO_MYSQL_DDL_sales_data_exporter_orders_index_batches_4"}} []
[2026-04-21T08:08:38.132922+00:00] main.DEBUG: cache_invalidate:  {"method":"GET","url":"http:/","invalidateInfo":{"identifier":"DB_PDO_MYSQL_DDL_sales_data_exporter_orders_index_batches_5"}} []
[2026-04-21T08:08:38.166230+00:00] main.DEBUG: cache_invalidate:  {"method":"GET","url":"http:/","invalidateInfo":{"identifier":"DB_PDO_MYSQL_DDL_sales_data_exporter_orders_index_batches_1"}} []
[2026-04-21T08:08:38.166774+00:00] main.DEBUG: cache_invalidate:  {"method":"GET","url":"http:/","invalidateInfo":{"identifier":"DB_PDO_MYSQL_DDL_sales_data_exporter_orders_index_batches_2"}} []
[2026-04-21T08:08:38.167230+00:00] main.DEBUG: cache_invalidate:  {"method":"GET","url":"http:/","invalidateInfo":{"identifier":"DB_PDO_MYSQL_DDL_sales_data_exporter_orders_index_batches_3"}} []
[2026-04-21T08:08:38.167663+00:00] main.DEBUG: cache_invalidate:  {"method":"GET","url":"http:/","invalidateInfo":{"identifier":"DB_PDO_MYSQL_DDL_sales_data_exporter_orders_index_batches_4"}} []
[2026-04-21T08:08:38.168089+00:00] main.DEBUG: cache_invalidate:  {"method":"GET","url":"http:/","invalidateInfo":{"identifier":"DB_PDO_MYSQL_DDL_sales_data_exporter_orders_index_batches_5"}} []
[2026-04-21T08:08:38.178411+00:00] main.INFO: {"feed":"salesOrders","operation":"full reindex(legacy)","status":"Batch table `sales_data_exporter_orders_index_batches` created. Total Items: 0, batches: ~0","elapsed":"00:00:01 985 ms","pid":"1843","caller":"bin\/magento indexer:reindex"} [] []
[2026-04-21T08:08:38.178745+00:00] main.INFO: {"feed":"salesOrders","operation":"full reindex(legacy)","status":"nothing to process - no items to sync. Not expected? Are there any items in source table `sales_order`?","elapsed":"00:00:01 985 ms","pid":"1843","caller":"bin\/magento indexer:reindex"} [] []
[2026-04-21T08:08:38.181316+00:00] main.INFO: {"feed":"salesOrders","operation":"full reindex(legacy)","status":"Complete","elapsed":"00:00:01 988 ms","pid":"1843","caller":"bin\/magento indexer:reindex"} [] []
[2026-04-21T08:08:38.214663+00:00] main.INFO: {"feed":"salesOrderStatuses","operation":"full reindex(legacy)","status":"Initialize","elapsed":"216 ms","pid":"1843","caller":"bin\/magento indexer:reindex"} [] []
[2026-04-21T08:08:38.278659+00:00] main.DEBUG: cache_invalidate:  {"method":"GET","url":"http:/","invalidateInfo":{"identifier":"DB_PDO_MYSQL_DDL_sales_data_exporter_order_statuses_index_sequence_1"}} []
[2026-04-21T08:08:38.279205+00:00] main.DEBUG: cache_invalidate:  {"method":"GET","url":"http:/","invalidateInfo":{"identifier":"DB_PDO_MYSQL_DDL_sales_data_exporter_order_statuses_index_sequence_2"}} []
[2026-04-21T08:08:38.279670+00:00] main.DEBUG: cache_invalidate:  {"method":"GET","url":"http:/","invalidateInfo":{"identifier":"DB_PDO_MYSQL_DDL_sales_data_exporter_order_statuses_index_sequence_3"}} []
[2026-04-21T08:08:38.280104+00:00] main.DEBUG: cache_invalidate:  {"method":"GET","url":"http:/","invalidateInfo":{"identifier":"DB_PDO_MYSQL_DDL_sales_data_exporter_order_statuses_index_sequence_4"}} []
[2026-04-21T08:08:38.280507+00:00] main.DEBUG: cache_invalidate:  {"method":"GET","url":"http:/","invalidateInfo":{"identifier":"DB_PDO_MYSQL_DDL_sales_data_exporter_order_statuses_index_sequence_5"}} []
[2026-04-21T08:08:38.311100+00:00] main.DEBUG: cache_invalidate:  {"method":"GET","url":"http:/","invalidateInfo":{"identifier":"DB_PDO_MYSQL_DDL_sales_data_exporter_order_statuses_index_sequence_1"}} []
[2026-04-21T08:08:38.311589+00:00] main.DEBUG: cache_invalidate:  {"method":"GET","url":"http:/","invalidateInfo":{"identifier":"DB_PDO_MYSQL_DDL_sales_data_exporter_order_statuses_index_sequence_2"}} []
[2026-04-21T08:08:38.312062+00:00] main.DEBUG: cache_invalidate:  {"method":"GET","url":"http:/","invalidateInfo":{"identifier":"DB_PDO_MYSQL_DDL_sales_data_exporter_order_statuses_index_sequence_3"}} []
[2026-04-21T08:08:38.312484+00:00] main.DEBUG: cache_invalidate:  {"method":"GET","url":"http:/","invalidateInfo":{"identifier":"DB_PDO_MYSQL_DDL_sales_data_exporter_order_statuses_index_sequence_4"}} []
[2026-04-21T08:08:38.312927+00:00] main.DEBUG: cache_invalidate:  {"method":"GET","url":"http:/","invalidateInfo":{"identifier":"DB_PDO_MYSQL_DDL_sales_data_exporter_order_statuses_index_sequence_5"}} []
[2026-04-21T08:08:38.315779+00:00] main.INFO: {"feed":"salesOrderStatuses","operation":"full reindex(legacy)","status":"Creating batch table `sales_data_exporter_order_statuses_index_batches`. Start position: ","elapsed":"317 ms","pid":"1843","caller":"bin\/magento indexer:reindex"} [] []
[2026-04-21T08:08:38.338753+00:00] main.DEBUG: cache_invalidate:  {"method":"GET","url":"http:/","invalidateInfo":{"identifier":"DB_PDO_MYSQL_DDL_sales_data_exporter_order_statuses_index_batches_1"}} []
[2026-04-21T08:08:38.339316+00:00] main.DEBUG: cache_invalidate:  {"method":"GET","url":"http:/","invalidateInfo":{"identifier":"DB_PDO_MYSQL_DDL_sales_data_exporter_order_statuses_index_batches_2"}} []
[2026-04-21T08:08:38.339869+00:00] main.DEBUG: cache_invalidate:  {"method":"GET","url":"http:/","invalidateInfo":{"identifier":"DB_PDO_MYSQL_DDL_sales_data_exporter_order_statuses_index_batches_3"}} []
[2026-04-21T08:08:38.340339+00:00] main.DEBUG: cache_invalidate:  {"method":"GET","url":"http:/","invalidateInfo":{"identifier":"DB_PDO_MYSQL_DDL_sales_data_exporter_order_statuses_index_batches_4"}} []
[2026-04-21T08:08:38.340796+00:00] main.DEBUG: cache_invalidate:  {"method":"GET","url":"http:/","invalidateInfo":{"identifier":"DB_PDO_MYSQL_DDL_sales_data_exporter_order_statuses_index_batches_5"}} []
[2026-04-21T08:08:38.379992+00:00] main.DEBUG: cache_invalidate:  {"method":"GET","url":"http:/","invalidateInfo":{"identifier":"DB_PDO_MYSQL_DDL_sales_data_exporter_order_statuses_index_batches_1"}} []
[2026-04-21T08:08:38.380495+00:00] main.DEBUG: cache_invalidate:  {"method":"GET","url":"http:/","invalidateInfo":{"identifier":"DB_PDO_MYSQL_DDL_sales_data_exporter_order_statuses_index_batches_2"}} []
[2026-04-21T08:08:38.380965+00:00] main.DEBUG: cache_invalidate:  {"method":"GET","url":"http:/","invalidateInfo":{"identifier":"DB_PDO_MYSQL_DDL_sales_data_exporter_order_statuses_index_batches_3"}} []
[2026-04-21T08:08:38.381386+00:00] main.DEBUG: cache_invalidate:  {"method":"GET","url":"http:/","invalidateInfo":{"identifier":"DB_PDO_MYSQL_DDL_sales_data_exporter_order_statuses_index_batches_4"}} []
[2026-04-21T08:08:38.381834+00:00] main.DEBUG: cache_invalidate:  {"method":"GET","url":"http:/","invalidateInfo":{"identifier":"DB_PDO_MYSQL_DDL_sales_data_exporter_order_statuses_index_batches_5"}} []
[2026-04-21T08:08:38.385569+00:00] main.INFO: {"feed":"salesOrderStatuses","operation":"full reindex(legacy)","status":"Batch table `sales_data_exporter_order_statuses_index_batches` created. Total Items: 12, batches: ~0","elapsed":"387 ms","pid":"1843","caller":"bin\/magento indexer:reindex"} [] []
[2026-04-21T08:08:38.385924+00:00] main.INFO: {"feed":"salesOrderStatuses","operation":"full reindex(legacy)","status":"start processing `12` items in `1` threads with `100` batch size","elapsed":"387 ms","pid":"1843","caller":"bin\/magento indexer:reindex"} [] []
[2026-04-21T08:08:38.408207+00:00] main.INFO: {"feed":"salesOrderStatuses","operation":"full reindex(legacy)","status":"Progress 1\/1, processed 12, synced 12","elapsed":"410 ms","pid":"1843","caller":"bin\/magento indexer:reindex"} [] []
[2026-04-21T08:08:38.419426+00:00] main.INFO: {"feed":"salesOrderStatuses","operation":"full reindex(legacy)","status":"Complete","elapsed":"421 ms","pid":"1843","caller":"bin\/magento indexer:reindex"} [] []
[2026-04-21T08:08:38.453666+00:00] main.INFO: {"feed":"stores","operation":"full reindex(legacy)","status":"Initialize","elapsed":"694 ms","pid":"1843","caller":"bin\/magento indexer:reindex"} [] []
[2026-04-21T08:08:38.511428+00:00] main.DEBUG: cache_invalidate:  {"method":"GET","url":"http:/","invalidateInfo":{"identifier":"DB_PDO_MYSQL_DDL_stores_data_exporter_index_sequence_1"}} []
[2026-04-21T08:08:38.512042+00:00] main.DEBUG: cache_invalidate:  {"method":"GET","url":"http:/","invalidateInfo":{"identifier":"DB_PDO_MYSQL_DDL_stores_data_exporter_index_sequence_2"}} []
[2026-04-21T08:08:38.512530+00:00] main.DEBUG: cache_invalidate:  {"method":"GET","url":"http:/","invalidateInfo":{"identifier":"DB_PDO_MYSQL_DDL_stores_data_exporter_index_sequence_3"}} []
[2026-04-21T08:08:38.513051+00:00] main.DEBUG: cache_invalidate:  {"method":"GET","url":"http:/","invalidateInfo":{"identifier":"DB_PDO_MYSQL_DDL_stores_data_exporter_index_sequence_4"}} []
[2026-04-21T08:08:38.513535+00:00] main.DEBUG: cache_invalidate:  {"method":"GET","url":"http:/","invalidateInfo":{"identifier":"DB_PDO_MYSQL_DDL_stores_data_exporter_index_sequence_5"}} []
[2026-04-21T08:08:38.545413+00:00] main.DEBUG: cache_invalidate:  {"method":"GET","url":"http:/","invalidateInfo":{"identifier":"DB_PDO_MYSQL_DDL_stores_data_exporter_index_sequence_1"}} []
[2026-04-21T08:08:38.545905+00:00] main.DEBUG: cache_invalidate:  {"method":"GET","url":"http:/","invalidateInfo":{"identifier":"DB_PDO_MYSQL_DDL_stores_data_exporter_index_sequence_2"}} []
[2026-04-21T08:08:38.546347+00:00] main.DEBUG: cache_invalidate:  {"method":"GET","url":"http:/","invalidateInfo":{"identifier":"DB_PDO_MYSQL_DDL_stores_data_exporter_index_sequence_3"}} []
[2026-04-21T08:08:38.546786+00:00] main.DEBUG: cache_invalidate:  {"method":"GET","url":"http:/","invalidateInfo":{"identifier":"DB_PDO_MYSQL_DDL_stores_data_exporter_index_sequence_4"}} []
[2026-04-21T08:08:38.547205+00:00] main.DEBUG: cache_invalidate:  {"method":"GET","url":"http:/","invalidateInfo":{"identifier":"DB_PDO_MYSQL_DDL_stores_data_exporter_index_sequence_5"}} []
[2026-04-21T08:08:38.550454+00:00] main.INFO: {"feed":"stores","operation":"full reindex(legacy)","status":"Creating batch table `stores_data_exporter_index_batches`. Start position: 0","elapsed":"791 ms","pid":"1843","caller":"bin\/magento indexer:reindex"} [] []
[2026-04-21T08:08:38.581089+00:00] main.DEBUG: cache_invalidate:  {"method":"GET","url":"http:/","invalidateInfo":{"identifier":"DB_PDO_MYSQL_DDL_stores_data_exporter_index_batches_1"}} []
[2026-04-21T08:08:38.581776+00:00] main.DEBUG: cache_invalidate:  {"method":"GET","url":"http:/","invalidateInfo":{"identifier":"DB_PDO_MYSQL_DDL_stores_data_exporter_index_batches_2"}} []
[2026-04-21T08:08:38.582310+00:00] main.DEBUG: cache_invalidate:  {"method":"GET","url":"http:/","invalidateInfo":{"identifier":"DB_PDO_MYSQL_DDL_stores_data_exporter_index_batches_3"}} []
[2026-04-21T08:08:38.582863+00:00] main.DEBUG: cache_invalidate:  {"method":"GET","url":"http:/","invalidateInfo":{"identifier":"DB_PDO_MYSQL_DDL_stores_data_exporter_index_batches_4"}} []
[2026-04-21T08:08:38.583432+00:00] main.DEBUG: cache_invalidate:  {"method":"GET","url":"http:/","invalidateInfo":{"identifier":"DB_PDO_MYSQL_DDL_stores_data_exporter_index_batches_5"}} []
[2026-04-21T08:08:38.612712+00:00] main.DEBUG: cache_invalidate:  {"method":"GET","url":"http:/","invalidateInfo":{"identifier":"DB_PDO_MYSQL_DDL_stores_data_exporter_index_batches_1"}} []
[2026-04-21T08:08:38.613320+00:00] main.DEBUG: cache_invalidate:  {"method":"GET","url":"http:/","invalidateInfo":{"identifier":"DB_PDO_MYSQL_DDL_stores_data_exporter_index_batches_2"}} []
[2026-04-21T08:08:38.613861+00:00] main.DEBUG: cache_invalidate:  {"method":"GET","url":"http:/","invalidateInfo":{"identifier":"DB_PDO_MYSQL_DDL_stores_data_exporter_index_batches_3"}} []
[2026-04-21T08:08:38.614365+00:00] main.DEBUG: cache_invalidate:  {"method":"GET","url":"http:/","invalidateInfo":{"identifier":"DB_PDO_MYSQL_DDL_stores_data_exporter_index_batches_4"}} []
[2026-04-21T08:08:38.614902+00:00] main.DEBUG: cache_invalidate:  {"method":"GET","url":"http:/","invalidateInfo":{"identifier":"DB_PDO_MYSQL_DDL_stores_data_exporter_index_batches_5"}} []
[2026-04-21T08:08:38.618912+00:00] main.INFO: {"feed":"stores","operation":"full reindex(legacy)","status":"Batch table `stores_data_exporter_index_batches` created. Total Items: 1, batches: ~0","elapsed":"859 ms","pid":"1843","caller":"bin\/magento indexer:reindex"} [] []
[2026-04-21T08:08:38.619255+00:00] main.INFO: {"feed":"stores","operation":"full reindex(legacy)","status":"start processing `1` items in `1` threads with `100` batch size","elapsed":"860 ms","pid":"1843","caller":"bin\/magento indexer:reindex"} [] []
[2026-04-21T08:08:38.636538+00:00] main.INFO: {"feed":"stores","operation":"full reindex(legacy)","status":"Progress 1\/1, processed 1, synced 1","elapsed":"877 ms","pid":"1843","caller":"bin\/magento indexer:reindex"} [] []
[2026-04-21T08:08:38.644587+00:00] main.INFO: {"feed":"stores","operation":"full reindex(legacy)","status":"Complete","elapsed":"885 ms","pid":"1843","caller":"bin\/magento indexer:reindex"} [] []
[2026-04-21T08:16:17.465105+00:00] main.DEBUG: cache_invalidate:  {"method":"GET","url":"http:/","invalidateInfo":{"tags":["FPC"],"mode":"matchingTag"}} []
[2026-04-21T08:17:26.727804+00:00] main.ERROR: crontab -l 2>/dev/null 2>&1
no crontab for app [] []
[2026-04-21T08:17:26.734857+00:00] main.ERROR: crontab -l 2>/dev/null 2>&1
no crontab for app [] []
[2026-04-21T08:17:26.760804+00:00] main.INFO: echo "
#~ MAGENTO START 69dd2b02e1f3a65918182048ea4e29979a849d8942e8f53ed20a4bf10e529b36
* * * * * /usr/local/bin/php /var/www/html/bin/magento cron:run >> /var/www/html/var/log/magento.cron.log 2>&1
#~ MAGENTO END 69dd2b02e1f3a65918182048ea4e29979a849d8942e8f53ed20a4bf10e529b36
" 2>&1 | crontab - 2>&1
 [] []
[2026-04-21T08:22:21.118950+00:00] main.DEBUG: cache_invalidate:  {"method":"GET","url":"http:/","invalidateInfo":{"identifier":"DB_PDO_MYSQL_DDL_cataloginventory_stock_status_1"}} []
[2026-04-21T08:22:21.120092+00:00] main.DEBUG: cache_invalidate:  {"method":"GET","url":"http:/","invalidateInfo":{"identifier":"DB_PDO_MYSQL_DDL_cataloginventory_stock_status_2"}} []
[2026-04-21T08:22:21.120563+00:00] main.DEBUG: cache_invalidate:  {"method":"GET","url":"http:/","invalidateInfo":{"identifier":"DB_PDO_MYSQL_DDL_cataloginventory_stock_status_3"}} []
[2026-04-21T08:22:21.121023+00:00] main.DEBUG: cache_invalidate:  {"method":"GET","url":"http:/","invalidateInfo":{"identifier":"DB_PDO_MYSQL_DDL_cataloginventory_stock_status_4"}} []
[2026-04-21T08:22:21.121432+00:00] main.DEBUG: cache_invalidate:  {"method":"GET","url":"http:/","invalidateInfo":{"identifier":"DB_PDO_MYSQL_DDL_cataloginventory_stock_status_5"}} []
[2026-04-21T08:22:21.121867+00:00] main.DEBUG: cache_invalidate:  {"method":"GET","url":"http:/","invalidateInfo":{"identifier":"DB_PDO_MYSQL_DDL_cataloginventory_stock_status_outdated_1"}} []
[2026-04-21T08:22:21.122272+00:00] main.DEBUG: cache_invalidate:  {"method":"GET","url":"http:/","invalidateInfo":{"identifier":"DB_PDO_MYSQL_DDL_cataloginventory_stock_status_outdated_2"}} []
[2026-04-21T08:22:21.122722+00:00] main.DEBUG: cache_invalidate:  {"method":"GET","url":"http:/","invalidateInfo":{"identifier":"DB_PDO_MYSQL_DDL_cataloginventory_stock_status_outdated_3"}} []
[2026-04-21T08:22:21.123120+00:00] main.DEBUG: cache_invalidate:  {"method":"GET","url":"http:/","invalidateInfo":{"identifier":"DB_PDO_MYSQL_DDL_cataloginventory_stock_status_outdated_4"}} []
[2026-04-21T08:22:21.123511+00:00] main.DEBUG: cache_invalidate:  {"method":"GET","url":"http:/","invalidateInfo":{"identifier":"DB_PDO_MYSQL_DDL_cataloginventory_stock_status_outdated_5"}} []
[2026-04-21T08:22:21.123928+00:00] main.DEBUG: cache_invalidate:  {"method":"GET","url":"http:/","invalidateInfo":{"identifier":"DB_PDO_MYSQL_DDL_cataloginventory_stock_status_replica_1"}} []
[2026-04-21T08:22:21.124333+00:00] main.DEBUG: cache_invalidate:  {"method":"GET","url":"http:/","invalidateInfo":{"identifier":"DB_PDO_MYSQL_DDL_cataloginventory_stock_status_replica_2"}} []
[2026-04-21T08:22:21.124726+00:00] main.DEBUG: cache_invalidate:  {"method":"GET","url":"http:/","invalidateInfo":{"identifier":"DB_PDO_MYSQL_DDL_cataloginventory_stock_status_replica_3"}} []
[2026-04-21T08:22:21.125113+00:00] main.DEBUG: cache_invalidate:  {"method":"GET","url":"http:/","invalidateInfo":{"identifier":"DB_PDO_MYSQL_DDL_cataloginventory_stock_status_replica_4"}} []
[2026-04-21T08:22:21.125572+00:00] main.DEBUG: cache_invalidate:  {"method":"GET","url":"http:/","invalidateInfo":{"identifier":"DB_PDO_MYSQL_DDL_cataloginventory_stock_status_replica_5"}} []
[2026-04-21T08:22:21.129645+00:00] main.DEBUG: cache_invalidate:  {"method":"GET","url":"http:/","invalidateInfo":{"tags":["cat_c","FPC"],"mode":"matchingTag"}} []
[2026-04-21T08:22:21.130023+00:00] main.DEBUG: cache_invalidate:  {"method":"GET","url":"http:/","invalidateInfo":{"tags":["cat_p","FPC"],"mode":"matchingTag"}} []
[2026-04-21T08:22:21.130551+00:00] main.DEBUG: cache_invalidate:  {"method":"GET","url":"http:/","invalidateInfo":{"tags":["cat_c","cat_p"],"mode":"matchingAnyTag"}} []
[2026-04-21T08:22:21.403021+00:00] main.DEBUG: cache_invalidate:  {"method":"GET","url":"http:/","invalidateInfo":{"identifier":"DB_PDO_MYSQL_DDL_customer_grid_flat_1"}} []
[2026-04-21T08:22:21.403694+00:00] main.DEBUG: cache_invalidate:  {"method":"GET","url":"http:/","invalidateInfo":{"identifier":"DB_PDO_MYSQL_DDL_customer_grid_flat_2"}} []
[2026-04-21T08:22:21.404262+00:00] main.DEBUG: cache_invalidate:  {"method":"GET","url":"http:/","invalidateInfo":{"identifier":"DB_PDO_MYSQL_DDL_customer_grid_flat_3"}} []
[2026-04-21T08:22:21.404798+00:00] main.DEBUG: cache_invalidate:  {"method":"GET","url":"http:/","invalidateInfo":{"identifier":"DB_PDO_MYSQL_DDL_customer_grid_flat_4"}} []
[2026-04-21T08:22:21.405335+00:00] main.DEBUG: cache_invalidate:  {"method":"GET","url":"http:/","invalidateInfo":{"identifier":"DB_PDO_MYSQL_DDL_customer_grid_flat_5"}} []
[2026-04-21T08:22:21.601739+00:00] main.DEBUG: cache_invalidate:  {"method":"GET","url":"http:/","invalidateInfo":{"identifier":"DB_PDO_MYSQL_DDL_customer_grid_flat_1"}} []
[2026-04-21T08:22:21.602539+00:00] main.DEBUG: cache_invalidate:  {"method":"GET","url":"http:/","invalidateInfo":{"identifier":"DB_PDO_MYSQL_DDL_customer_grid_flat_2"}} []
[2026-04-21T08:22:21.603096+00:00] main.DEBUG: cache_invalidate:  {"method":"GET","url":"http:/","invalidateInfo":{"identifier":"DB_PDO_MYSQL_DDL_customer_grid_flat_3"}} []
[2026-04-21T08:22:21.603603+00:00] main.DEBUG: cache_invalidate:  {"method":"GET","url":"http:/","invalidateInfo":{"identifier":"DB_PDO_MYSQL_DDL_customer_grid_flat_4"}} []
[2026-04-21T08:22:21.604208+00:00] main.DEBUG: cache_invalidate:  {"method":"GET","url":"http:/","invalidateInfo":{"identifier":"DB_PDO_MYSQL_DDL_customer_grid_flat_5"}} []
[2026-04-21T08:22:22.083447+00:00] main.DEBUG: cache_invalidate:  {"method":"GET","url":"http:/","invalidateInfo":{"identifier":"DB_PDO_MYSQL_DDL_catalog_category_product_index_store1_1"}} []
[2026-04-21T08:22:22.084548+00:00] main.DEBUG: cache_invalidate:  {"method":"GET","url":"http:/","invalidateInfo":{"identifier":"DB_PDO_MYSQL_DDL_catalog_category_product_index_store1_2"}} []
[2026-04-21T08:22:22.085445+00:00] main.DEBUG: cache_invalidate:  {"method":"GET","url":"http:/","invalidateInfo":{"identifier":"DB_PDO_MYSQL_DDL_catalog_category_product_index_store1_3"}} []
[2026-04-21T08:22:22.086278+00:00] main.DEBUG: cache_invalidate:  {"method":"GET","url":"http:/","invalidateInfo":{"identifier":"DB_PDO_MYSQL_DDL_catalog_category_product_index_store1_4"}} []
[2026-04-21T08:22:22.087086+00:00] main.DEBUG: cache_invalidate:  {"method":"GET","url":"http:/","invalidateInfo":{"identifier":"DB_PDO_MYSQL_DDL_catalog_category_product_index_store1_5"}} []
[2026-04-21T08:22:22.087921+00:00] main.DEBUG: cache_invalidate:  {"method":"GET","url":"http:/","invalidateInfo":{"identifier":"DB_PDO_MYSQL_DDL_catalog_category_product_index_store1_outdated_1"}} []
[2026-04-21T08:22:22.088593+00:00] main.DEBUG: cache_invalidate:  {"method":"GET","url":"http:/","invalidateInfo":{"identifier":"DB_PDO_MYSQL_DDL_catalog_category_product_index_store1_outdated_2"}} []
[2026-04-21T08:22:22.089362+00:00] main.DEBUG: cache_invalidate:  {"method":"GET","url":"http:/","invalidateInfo":{"identifier":"DB_PDO_MYSQL_DDL_catalog_category_product_index_store1_outdated_3"}} []
[2026-04-21T08:22:22.090126+00:00] main.DEBUG: cache_invalidate:  {"method":"GET","url":"http:/","invalidateInfo":{"identifier":"DB_PDO_MYSQL_DDL_catalog_category_product_index_store1_outdated_4"}} []
[2026-04-21T08:22:22.090879+00:00] main.DEBUG: cache_invalidate:  {"method":"GET","url":"http:/","invalidateInfo":{"identifier":"DB_PDO_MYSQL_DDL_catalog_category_product_index_store1_outdated_5"}} []
[2026-04-21T08:22:22.091676+00:00] main.DEBUG: cache_invalidate:  {"method":"GET","url":"http:/","invalidateInfo":{"identifier":"DB_PDO_MYSQL_DDL_catalog_category_product_index_store1_replica_1"}} []
[2026-04-21T08:22:22.092400+00:00] main.DEBUG: cache_invalidate:  {"method":"GET","url":"http:/","invalidateInfo":{"identifier":"DB_PDO_MYSQL_DDL_catalog_category_product_index_store1_replica_2"}} []
[2026-04-21T08:22:22.093165+00:00] main.DEBUG: cache_invalidate:  {"method":"GET","url":"http:/","invalidateInfo":{"identifier":"DB_PDO_MYSQL_DDL_catalog_category_product_index_store1_replica_3"}} []
[2026-04-21T08:22:22.093867+00:00] main.DEBUG: cache_invalidate:  {"method":"GET","url":"http:/","invalidateInfo":{"identifier":"DB_PDO_MYSQL_DDL_catalog_category_product_index_store1_replica_4"}} []
[2026-04-21T08:22:22.094563+00:00] main.DEBUG: cache_invalidate:  {"method":"GET","url":"http:/","invalidateInfo":{"identifier":"DB_PDO_MYSQL_DDL_catalog_category_product_index_store1_replica_5"}} []
[2026-04-21T08:22:22.098376+00:00] main.DEBUG: cache_invalidate:  {"method":"GET","url":"http:/","invalidateInfo":{"tags":["cat_c","FPC"],"mode":"matchingTag"}} []
[2026-04-21T08:22:22.099162+00:00] main.DEBUG: cache_invalidate:  {"method":"GET","url":"http:/","invalidateInfo":{"tags":["cat_c"],"mode":"matchingAnyTag"}} []
[2026-04-21T08:22:23.591958+00:00] main.DEBUG: cache_invalidate:  {"method":"GET","url":"http:/","invalidateInfo":{"identifier":"DB_PDO_MYSQL_DDL_catalogrule_product_1"}} []
[2026-04-21T08:22:23.592673+00:00] main.DEBUG: cache_invalidate:  {"method":"GET","url":"http:/","invalidateInfo":{"identifier":"DB_PDO_MYSQL_DDL_catalogrule_product_2"}} []
[2026-04-21T08:22:23.593259+00:00] main.DEBUG: cache_invalidate:  {"method":"GET","url":"http:/","invalidateInfo":{"identifier":"DB_PDO_MYSQL_DDL_catalogrule_product_3"}} []
[2026-04-21T08:22:23.593837+00:00] main.DEBUG: cache_invalidate:  {"method":"GET","url":"http:/","invalidateInfo":{"identifier":"DB_PDO_MYSQL_DDL_catalogrule_product_4"}} []
[2026-04-21T08:22:23.594371+00:00] main.DEBUG: cache_invalidate:  {"method":"GET","url":"http:/","invalidateInfo":{"identifier":"DB_PDO_MYSQL_DDL_catalogrule_product_5"}} []
[2026-04-21T08:22:23.594956+00:00] main.DEBUG: cache_invalidate:  {"method":"GET","url":"http:/","invalidateInfo":{"identifier":"DB_PDO_MYSQL_DDL_catalogrule_producta8677d4a_1"}} []
[2026-04-21T08:22:23.595534+00:00] main.DEBUG: cache_invalidate:  {"method":"GET","url":"http:/","invalidateInfo":{"identifier":"DB_PDO_MYSQL_DDL_catalogrule_producta8677d4a_2"}} []
[2026-04-21T08:22:23.596082+00:00] main.DEBUG: cache_invalidate:  {"method":"GET","url":"http:/","invalidateInfo":{"identifier":"DB_PDO_MYSQL_DDL_catalogrule_producta8677d4a_3"}} []
[2026-04-21T08:22:23.596823+00:00] main.DEBUG: cache_invalidate:  {"method":"GET","url":"http:/","invalidateInfo":{"identifier":"DB_PDO_MYSQL_DDL_catalogrule_producta8677d4a_4"}} []
[2026-04-21T08:22:23.597487+00:00] main.DEBUG: cache_invalidate:  {"method":"GET","url":"http:/","invalidateInfo":{"identifier":"DB_PDO_MYSQL_DDL_catalogrule_producta8677d4a_5"}} []
[2026-04-21T08:22:23.598089+00:00] main.DEBUG: cache_invalidate:  {"method":"GET","url":"http:/","invalidateInfo":{"identifier":"DB_PDO_MYSQL_DDL_catalogrule_product__temp3556c89f_1"}} []
[2026-04-21T08:22:23.598629+00:00] main.DEBUG: cache_invalidate:  {"method":"GET","url":"http:/","invalidateInfo":{"identifier":"DB_PDO_MYSQL_DDL_catalogrule_product__temp3556c89f_2"}} []
[2026-04-21T08:22:23.599145+00:00] main.DEBUG: cache_invalidate:  {"method":"GET","url":"http:/","invalidateInfo":{"identifier":"DB_PDO_MYSQL_DDL_catalogrule_product__temp3556c89f_3"}} []
[2026-04-21T08:22:23.599659+00:00] main.DEBUG: cache_invalidate:  {"method":"GET","url":"http:/","invalidateInfo":{"identifier":"DB_PDO_MYSQL_DDL_catalogrule_product__temp3556c89f_4"}} []
[2026-04-21T08:22:23.600198+00:00] main.DEBUG: cache_invalidate:  {"method":"GET","url":"http:/","invalidateInfo":{"identifier":"DB_PDO_MYSQL_DDL_catalogrule_product__temp3556c89f_5"}} []
[2026-04-21T08:22:23.600732+00:00] main.DEBUG: cache_invalidate:  {"method":"GET","url":"http:/","invalidateInfo":{"identifier":"DB_PDO_MYSQL_DDL_catalogrule_product_price_1"}} []
[2026-04-21T08:22:23.601250+00:00] main.DEBUG: cache_invalidate:  {"method":"GET","url":"http:/","invalidateInfo":{"identifier":"DB_PDO_MYSQL_DDL_catalogrule_product_price_2"}} []
[2026-04-21T08:22:23.601826+00:00] main.DEBUG: cache_invalidate:  {"method":"GET","url":"http:/","invalidateInfo":{"identifier":"DB_PDO_MYSQL_DDL_catalogrule_product_price_3"}} []
[2026-04-21T08:22:23.602356+00:00] main.DEBUG: cache_invalidate:  {"method":"GET","url":"http:/","invalidateInfo":{"identifier":"DB_PDO_MYSQL_DDL_catalogrule_product_price_4"}} []
[2026-04-21T08:22:23.602902+00:00] main.DEBUG: cache_invalidate:  {"method":"GET","url":"http:/","invalidateInfo":{"identifier":"DB_PDO_MYSQL_DDL_catalogrule_product_price_5"}} []
[2026-04-21T08:22:23.603490+00:00] main.DEBUG: cache_invalidate:  {"method":"GET","url":"http:/","invalidateInfo":{"identifier":"DB_PDO_MYSQL_DDL_catalogrule_product_priceb59dadf9_1"}} []
[2026-04-21T08:22:23.604053+00:00] main.DEBUG: cache_invalidate:  {"method":"GET","url":"http:/","invalidateInfo":{"identifier":"DB_PDO_MYSQL_DDL_catalogrule_product_priceb59dadf9_2"}} []
[2026-04-21T08:22:23.604514+00:00] main.DEBUG: cache_invalidate:  {"method":"GET","url":"http:/","invalidateInfo":{"identifier":"DB_PDO_MYSQL_DDL_catalogrule_product_priceb59dadf9_3"}} []
[2026-04-21T08:22:23.605015+00:00] main.DEBUG: cache_invalidate:  {"method":"GET","url":"http:/","invalidateInfo":{"identifier":"DB_PDO_MYSQL_DDL_catalogrule_product_priceb59dadf9_4"}} []
[2026-04-21T08:22:23.605455+00:00] main.DEBUG: cache_invalidate:  {"method":"GET","url":"http:/","invalidateInfo":{"identifier":"DB_PDO_MYSQL_DDL_catalogrule_product_priceb59dadf9_5"}} []
[2026-04-21T08:22:23.605948+00:00] main.DEBUG: cache_invalidate:  {"method":"GET","url":"http:/","invalidateInfo":{"identifier":"DB_PDO_MYSQL_DDL_catalogrule_product_price__tempa2da6b04_1"}} []
[2026-04-21T08:22:23.606423+00:00] main.DEBUG: cache_invalidate:  {"method":"GET","url":"http:/","invalidateInfo":{"identifier":"DB_PDO_MYSQL_DDL_catalogrule_product_price__tempa2da6b04_2"}} []
[2026-04-21T08:22:23.606896+00:00] main.DEBUG: cache_invalidate:  {"method":"GET","url":"http:/","invalidateInfo":{"identifier":"DB_PDO_MYSQL_DDL_catalogrule_product_price__tempa2da6b04_3"}} []
[2026-04-21T08:22:23.607386+00:00] main.DEBUG: cache_invalidate:  {"method":"GET","url":"http:/","invalidateInfo":{"identifier":"DB_PDO_MYSQL_DDL_catalogrule_product_price__tempa2da6b04_4"}} []
[2026-04-21T08:22:23.607881+00:00] main.DEBUG: cache_invalidate:  {"method":"GET","url":"http:/","invalidateInfo":{"identifier":"DB_PDO_MYSQL_DDL_catalogrule_product_price__tempa2da6b04_5"}} []
[2026-04-21T08:22:23.608347+00:00] main.DEBUG: cache_invalidate:  {"method":"GET","url":"http:/","invalidateInfo":{"identifier":"DB_PDO_MYSQL_DDL_catalogrule_group_website_1"}} []
[2026-04-21T08:22:23.608810+00:00] main.DEBUG: cache_invalidate:  {"method":"GET","url":"http:/","invalidateInfo":{"identifier":"DB_PDO_MYSQL_DDL_catalogrule_group_website_2"}} []
[2026-04-21T08:22:23.609257+00:00] main.DEBUG: cache_invalidate:  {"method":"GET","url":"http:/","invalidateInfo":{"identifier":"DB_PDO_MYSQL_DDL_catalogrule_group_website_3"}} []
[2026-04-21T08:22:23.609756+00:00] main.DEBUG: cache_invalidate:  {"method":"GET","url":"http:/","invalidateInfo":{"identifier":"DB_PDO_MYSQL_DDL_catalogrule_group_website_4"}} []
[2026-04-21T08:22:23.610245+00:00] main.DEBUG: cache_invalidate:  {"method":"GET","url":"http:/","invalidateInfo":{"identifier":"DB_PDO_MYSQL_DDL_catalogrule_group_website_5"}} []
[2026-04-21T08:22:23.610708+00:00] main.DEBUG: cache_invalidate:  {"method":"GET","url":"http:/","invalidateInfo":{"identifier":"DB_PDO_MYSQL_DDL_catalogrule_group_website3708c181_1"}} []
[2026-04-21T08:22:23.611155+00:00] main.DEBUG: cache_invalidate:  {"method":"GET","url":"http:/","invalidateInfo":{"identifier":"DB_PDO_MYSQL_DDL_catalogrule_group_website3708c181_2"}} []
[2026-04-21T08:22:23.611636+00:00] main.DEBUG: cache_invalidate:  {"method":"GET","url":"http:/","invalidateInfo":{"identifier":"DB_PDO_MYSQL_DDL_catalogrule_group_website3708c181_3"}} []
[2026-04-21T08:22:23.612254+00:00] main.DEBUG: cache_invalidate:  {"method":"GET","url":"http:/","invalidateInfo":{"identifier":"DB_PDO_MYSQL_DDL_catalogrule_group_website3708c181_4"}} []
[2026-04-21T08:22:23.612955+00:00] main.DEBUG: cache_invalidate:  {"method":"GET","url":"http:/","invalidateInfo":{"identifier":"DB_PDO_MYSQL_DDL_catalogrule_group_website3708c181_5"}} []
[2026-04-21T08:22:23.614182+00:00] main.DEBUG: cache_invalidate:  {"method":"GET","url":"http:/","invalidateInfo":{"identifier":"DB_PDO_MYSQL_DDL_catalogrule_group_website__tempf0737e74_1"}} []
[2026-04-21T08:22:23.615131+00:00] main.DEBUG: cache_invalidate:  {"method":"GET","url":"http:/","invalidateInfo":{"identifier":"DB_PDO_MYSQL_DDL_catalogrule_group_website__tempf0737e74_2"}} []
[2026-04-21T08:22:23.616081+00:00] main.DEBUG: cache_invalidate:  {"method":"GET","url":"http:/","invalidateInfo":{"identifier":"DB_PDO_MYSQL_DDL_catalogrule_group_website__tempf0737e74_3"}} []
[2026-04-21T08:22:23.616844+00:00] main.DEBUG: cache_invalidate:  {"method":"GET","url":"http:/","invalidateInfo":{"identifier":"DB_PDO_MYSQL_DDL_catalogrule_group_website__tempf0737e74_4"}} []
[2026-04-21T08:22:23.617385+00:00] main.DEBUG: cache_invalidate:  {"method":"GET","url":"http:/","invalidateInfo":{"identifier":"DB_PDO_MYSQL_DDL_catalogrule_group_website__tempf0737e74_5"}} []
[2026-04-21T08:22:23.629770+00:00] main.DEBUG: cache_invalidate:  {"method":"GET","url":"http:/","invalidateInfo":{"identifier":"DB_PDO_MYSQL_DDL_catalogrule_producta8677d4a_1"}} []
[2026-04-21T08:22:23.630397+00:00] main.DEBUG: cache_invalidate:  {"method":"GET","url":"http:/","invalidateInfo":{"identifier":"DB_PDO_MYSQL_DDL_catalogrule_producta8677d4a_2"}} []
[2026-04-21T08:22:23.630960+00:00] main.DEBUG: cache_invalidate:  {"method":"GET","url":"http:/","invalidateInfo":{"identifier":"DB_PDO_MYSQL_DDL_catalogrule_producta8677d4a_3"}} []
[2026-04-21T08:22:23.631490+00:00] main.DEBUG: cache_invalidate:  {"method":"GET","url":"http:/","invalidateInfo":{"identifier":"DB_PDO_MYSQL_DDL_catalogrule_producta8677d4a_4"}} []
[2026-04-21T08:22:23.632033+00:00] main.DEBUG: cache_invalidate:  {"method":"GET","url":"http:/","invalidateInfo":{"identifier":"DB_PDO_MYSQL_DDL_catalogrule_producta8677d4a_5"}} []
[2026-04-21T08:22:23.645037+00:00] main.DEBUG: cache_invalidate:  {"method":"GET","url":"http:/","invalidateInfo":{"identifier":"DB_PDO_MYSQL_DDL_catalogrule_product_priceb59dadf9_1"}} []
[2026-04-21T08:22:23.645667+00:00] main.DEBUG: cache_invalidate:  {"method":"GET","url":"http:/","invalidateInfo":{"identifier":"DB_PDO_MYSQL_DDL_catalogrule_product_priceb59dadf9_2"}} []
[2026-04-21T08:22:23.646252+00:00] main.DEBUG: cache_invalidate:  {"method":"GET","url":"http:/","invalidateInfo":{"identifier":"DB_PDO_MYSQL_DDL_catalogrule_product_priceb59dadf9_3"}} []
[2026-04-21T08:22:23.646861+00:00] main.DEBUG: cache_invalidate:  {"method":"GET","url":"http:/","invalidateInfo":{"identifier":"DB_PDO_MYSQL_DDL_catalogrule_product_priceb59dadf9_4"}} []
[2026-04-21T08:22:23.647857+00:00] main.DEBUG: cache_invalidate:  {"method":"GET","url":"http:/","invalidateInfo":{"identifier":"DB_PDO_MYSQL_DDL_catalogrule_product_priceb59dadf9_5"}} []
[2026-04-21T08:22:23.660444+00:00] main.DEBUG: cache_invalidate:  {"method":"GET","url":"http:/","invalidateInfo":{"identifier":"DB_PDO_MYSQL_DDL_catalogrule_group_website3708c181_1"}} []
[2026-04-21T08:22:23.661156+00:00] main.DEBUG: cache_invalidate:  {"method":"GET","url":"http:/","invalidateInfo":{"identifier":"DB_PDO_MYSQL_DDL_catalogrule_group_website3708c181_2"}} []
[2026-04-21T08:22:23.661742+00:00] main.DEBUG: cache_invalidate:  {"method":"GET","url":"http:/","invalidateInfo":{"identifier":"DB_PDO_MYSQL_DDL_catalogrule_group_website3708c181_3"}} []
[2026-04-21T08:22:23.662314+00:00] main.DEBUG: cache_invalidate:  {"method":"GET","url":"http:/","invalidateInfo":{"identifier":"DB_PDO_MYSQL_DDL_catalogrule_group_website3708c181_4"}} []
[2026-04-21T08:22:23.663075+00:00] main.DEBUG: cache_invalidate:  {"method":"GET","url":"http:/","invalidateInfo":{"identifier":"DB_PDO_MYSQL_DDL_catalogrule_group_website3708c181_5"}} []
[2026-04-21T08:22:23.712156+00:00] main.DEBUG: cache_invalidate:  {"method":"GET","url":"http:/","invalidateInfo":{"tags":["cat_c","FPC"],"mode":"matchingTag"}} []
[2026-04-21T08:22:23.712978+00:00] main.DEBUG: cache_invalidate:  {"method":"GET","url":"http:/","invalidateInfo":{"tags":["cat_p","FPC"],"mode":"matchingTag"}} []
[2026-04-21T08:22:23.713678+00:00] main.DEBUG: cache_invalidate:  {"method":"GET","url":"http:/","invalidateInfo":{"tags":["BLOCK_HTML","FPC"],"mode":"matchingTag"}} []
[2026-04-21T08:22:23.714744+00:00] main.DEBUG: cache_invalidate:  {"method":"GET","url":"http:/","invalidateInfo":{"tags":["cat_c","cat_p","BLOCK_HTML"],"mode":"matchingAnyTag"}} []
[2026-04-21T08:22:23.926307+00:00] main.DEBUG: cache_invalidate:  {"method":"GET","url":"http:/","invalidateInfo":{"identifier":"DB_PDO_MYSQL_DDL_catalog_product_index_eav_1"}} []
[2026-04-21T08:22:23.927054+00:00] main.DEBUG: cache_invalidate:  {"method":"GET","url":"http:/","invalidateInfo":{"identifier":"DB_PDO_MYSQL_DDL_catalog_product_index_eav_2"}} []
[2026-04-21T08:22:23.927648+00:00] main.DEBUG: cache_invalidate:  {"method":"GET","url":"http:/","invalidateInfo":{"identifier":"DB_PDO_MYSQL_DDL_catalog_product_index_eav_3"}} []
[2026-04-21T08:22:23.928229+00:00] main.DEBUG: cache_invalidate:  {"method":"GET","url":"http:/","invalidateInfo":{"identifier":"DB_PDO_MYSQL_DDL_catalog_product_index_eav_4"}} []
[2026-04-21T08:22:23.928767+00:00] main.DEBUG: cache_invalidate:  {"method":"GET","url":"http:/","invalidateInfo":{"identifier":"DB_PDO_MYSQL_DDL_catalog_product_index_eav_5"}} []
[2026-04-21T08:22:23.929304+00:00] main.DEBUG: cache_invalidate:  {"method":"GET","url":"http:/","invalidateInfo":{"identifier":"DB_PDO_MYSQL_DDL_catalog_product_index_eav_outdated_1"}} []
[2026-04-21T08:22:23.929957+00:00] main.DEBUG: cache_invalidate:  {"method":"GET","url":"http:/","invalidateInfo":{"identifier":"DB_PDO_MYSQL_DDL_catalog_product_index_eav_outdated_2"}} []
[2026-04-21T08:22:23.930547+00:00] main.DEBUG: cache_invalidate:  {"method":"GET","url":"http:/","invalidateInfo":{"identifier":"DB_PDO_MYSQL_DDL_catalog_product_index_eav_outdated_3"}} []
[2026-04-21T08:22:23.931151+00:00] main.DEBUG: cache_invalidate:  {"method":"GET","url":"http:/","invalidateInfo":{"identifier":"DB_PDO_MYSQL_DDL_catalog_product_index_eav_outdated_4"}} []
[2026-04-21T08:22:23.931722+00:00] main.DEBUG: cache_invalidate:  {"method":"GET","url":"http:/","invalidateInfo":{"identifier":"DB_PDO_MYSQL_DDL_catalog_product_index_eav_outdated_5"}} []
[2026-04-21T08:22:23.932317+00:00] main.DEBUG: cache_invalidate:  {"method":"GET","url":"http:/","invalidateInfo":{"identifier":"DB_PDO_MYSQL_DDL_catalog_product_index_eav_replica_1"}} []
[2026-04-21T08:22:23.932844+00:00] main.DEBUG: cache_invalidate:  {"method":"GET","url":"http:/","invalidateInfo":{"identifier":"DB_PDO_MYSQL_DDL_catalog_product_index_eav_replica_2"}} []
[2026-04-21T08:22:23.933344+00:00] main.DEBUG: cache_invalidate:  {"method":"GET","url":"http:/","invalidateInfo":{"identifier":"DB_PDO_MYSQL_DDL_catalog_product_index_eav_replica_3"}} []
[2026-04-21T08:22:23.933914+00:00] main.DEBUG: cache_invalidate:  {"method":"GET","url":"http:/","invalidateInfo":{"identifier":"DB_PDO_MYSQL_DDL_catalog_product_index_eav_replica_4"}} []
[2026-04-21T08:22:23.934451+00:00] main.DEBUG: cache_invalidate:  {"method":"GET","url":"http:/","invalidateInfo":{"identifier":"DB_PDO_MYSQL_DDL_catalog_product_index_eav_replica_5"}} []
[2026-04-21T08:22:24.010912+00:00] main.DEBUG: cache_invalidate:  {"method":"GET","url":"http:/","invalidateInfo":{"identifier":"DB_PDO_MYSQL_DDL_catalog_product_index_eav_decimal_1"}} []
[2026-04-21T08:22:24.011608+00:00] main.DEBUG: cache_invalidate:  {"method":"GET","url":"http:/","invalidateInfo":{"identifier":"DB_PDO_MYSQL_DDL_catalog_product_index_eav_decimal_2"}} []
[2026-04-21T08:22:24.012199+00:00] main.DEBUG: cache_invalidate:  {"method":"GET","url":"http:/","invalidateInfo":{"identifier":"DB_PDO_MYSQL_DDL_catalog_product_index_eav_decimal_3"}} []
[2026-04-21T08:22:24.012764+00:00] main.DEBUG: cache_invalidate:  {"method":"GET","url":"http:/","invalidateInfo":{"identifier":"DB_PDO_MYSQL_DDL_catalog_product_index_eav_decimal_4"}} []
[2026-04-21T08:22:24.013782+00:00] main.DEBUG: cache_invalidate:  {"method":"GET","url":"http:/","invalidateInfo":{"identifier":"DB_PDO_MYSQL_DDL_catalog_product_index_eav_decimal_5"}} []
[2026-04-21T08:22:24.014869+00:00] main.DEBUG: cache_invalidate:  {"method":"GET","url":"http:/","invalidateInfo":{"identifier":"DB_PDO_MYSQL_DDL_catalog_product_index_eav_decimal_outdated_1"}} []
[2026-04-21T08:22:24.015761+00:00] main.DEBUG: cache_invalidate:  {"method":"GET","url":"http:/","invalidateInfo":{"identifier":"DB_PDO_MYSQL_DDL_catalog_product_index_eav_decimal_outdated_2"}} []
[2026-04-21T08:22:24.016964+00:00] main.DEBUG: cache_invalidate:  {"method":"GET","url":"http:/","invalidateInfo":{"identifier":"DB_PDO_MYSQL_DDL_catalog_product_index_eav_decimal_outdated_3"}} []
[2026-04-21T08:22:24.017976+00:00] main.DEBUG: cache_invalidate:  {"method":"GET","url":"http:/","invalidateInfo":{"identifier":"DB_PDO_MYSQL_DDL_catalog_product_index_eav_decimal_outdated_4"}} []
[2026-04-21T08:22:24.018855+00:00] main.DEBUG: cache_invalidate:  {"method":"GET","url":"http:/","invalidateInfo":{"identifier":"DB_PDO_MYSQL_DDL_catalog_product_index_eav_decimal_outdated_5"}} []
[2026-04-21T08:22:24.019596+00:00] main.DEBUG: cache_invalidate:  {"method":"GET","url":"http:/","invalidateInfo":{"identifier":"DB_PDO_MYSQL_DDL_catalog_product_index_eav_decimal_replica_1"}} []
[2026-04-21T08:22:24.020210+00:00] main.DEBUG: cache_invalidate:  {"method":"GET","url":"http:/","invalidateInfo":{"identifier":"DB_PDO_MYSQL_DDL_catalog_product_index_eav_decimal_replica_2"}} []
[2026-04-21T08:22:24.020803+00:00] main.DEBUG: cache_invalidate:  {"method":"GET","url":"http:/","invalidateInfo":{"identifier":"DB_PDO_MYSQL_DDL_catalog_product_index_eav_decimal_replica_3"}} []
[2026-04-21T08:22:24.021365+00:00] main.DEBUG: cache_invalidate:  {"method":"GET","url":"http:/","invalidateInfo":{"identifier":"DB_PDO_MYSQL_DDL_catalog_product_index_eav_decimal_replica_4"}} []
[2026-04-21T08:22:24.021950+00:00] main.DEBUG: cache_invalidate:  {"method":"GET","url":"http:/","invalidateInfo":{"identifier":"DB_PDO_MYSQL_DDL_catalog_product_index_eav_decimal_replica_5"}} []
[2026-04-21T08:22:24.022781+00:00] main.DEBUG: cache_invalidate:  {"method":"GET","url":"http:/","invalidateInfo":{"tags":["cat_c","FPC"],"mode":"matchingTag"}} []
[2026-04-21T08:22:24.023222+00:00] main.DEBUG: cache_invalidate:  {"method":"GET","url":"http:/","invalidateInfo":{"tags":["cat_p","FPC"],"mode":"matchingTag"}} []
[2026-04-21T08:22:24.023832+00:00] main.DEBUG: cache_invalidate:  {"method":"GET","url":"http:/","invalidateInfo":{"tags":["cat_c","cat_p"],"mode":"matchingAnyTag"}} []
[2026-04-21T08:22:24.462393+00:00] main.DEBUG: cache_invalidate:  {"method":"GET","url":"http:/","invalidateInfo":{"identifier":"DB_PDO_MYSQL_DDL_catalog_product_index_price_temp_1"}} []
[2026-04-21T08:22:24.463235+00:00] main.DEBUG: cache_invalidate:  {"method":"GET","url":"http:/","invalidateInfo":{"identifier":"DB_PDO_MYSQL_DDL_catalog_product_index_price_temp_2"}} []
[2026-04-21T08:22:24.463912+00:00] main.DEBUG: cache_invalidate:  {"method":"GET","url":"http:/","invalidateInfo":{"identifier":"DB_PDO_MYSQL_DDL_catalog_product_index_price_temp_3"}} []
[2026-04-21T08:22:24.464867+00:00] main.DEBUG: cache_invalidate:  {"method":"GET","url":"http:/","invalidateInfo":{"identifier":"DB_PDO_MYSQL_DDL_catalog_product_index_price_temp_4"}} []
[2026-04-21T08:22:24.465771+00:00] main.DEBUG: cache_invalidate:  {"method":"GET","url":"http:/","invalidateInfo":{"identifier":"DB_PDO_MYSQL_DDL_catalog_product_index_price_temp_5"}} []
[2026-04-21T08:22:24.530629+00:00] main.DEBUG: cache_invalidate:  {"method":"GET","url":"http:/","invalidateInfo":{"identifier":"DB_PDO_MYSQL_DDL_catalog_product_index_price_1"}} []
[2026-04-21T08:22:24.531548+00:00] main.DEBUG: cache_invalidate:  {"method":"GET","url":"http:/","invalidateInfo":{"identifier":"DB_PDO_MYSQL_DDL_catalog_product_index_price_2"}} []
[2026-04-21T08:22:24.532369+00:00] main.DEBUG: cache_invalidate:  {"method":"GET","url":"http:/","invalidateInfo":{"identifier":"DB_PDO_MYSQL_DDL_catalog_product_index_price_3"}} []
[2026-04-21T08:22:24.533210+00:00] main.DEBUG: cache_invalidate:  {"method":"GET","url":"http:/","invalidateInfo":{"identifier":"DB_PDO_MYSQL_DDL_catalog_product_index_price_4"}} []
[2026-04-21T08:22:24.534044+00:00] main.DEBUG: cache_invalidate:  {"method":"GET","url":"http:/","invalidateInfo":{"identifier":"DB_PDO_MYSQL_DDL_catalog_product_index_price_5"}} []
[2026-04-21T08:22:24.534893+00:00] main.DEBUG: cache_invalidate:  {"method":"GET","url":"http:/","invalidateInfo":{"identifier":"DB_PDO_MYSQL_DDL_catalog_product_index_price_outdated_1"}} []
[2026-04-21T08:22:24.535657+00:00] main.DEBUG: cache_invalidate:  {"method":"GET","url":"http:/","invalidateInfo":{"identifier":"DB_PDO_MYSQL_DDL_catalog_product_index_price_outdated_2"}} []
[2026-04-21T08:22:24.536409+00:00] main.DEBUG: cache_invalidate:  {"method":"GET","url":"http:/","invalidateInfo":{"identifier":"DB_PDO_MYSQL_DDL_catalog_product_index_price_outdated_3"}} []
[2026-04-21T08:22:24.537173+00:00] main.DEBUG: cache_invalidate:  {"method":"GET","url":"http:/","invalidateInfo":{"identifier":"DB_PDO_MYSQL_DDL_catalog_product_index_price_outdated_4"}} []
[2026-04-21T08:22:24.537924+00:00] main.DEBUG: cache_invalidate:  {"method":"GET","url":"http:/","invalidateInfo":{"identifier":"DB_PDO_MYSQL_DDL_catalog_product_index_price_outdated_5"}} []
[2026-04-21T08:22:24.538581+00:00] main.DEBUG: cache_invalidate:  {"method":"GET","url":"http:/","invalidateInfo":{"identifier":"DB_PDO_MYSQL_DDL_catalog_product_index_price_replica_1"}} []
[2026-04-21T08:22:24.539165+00:00] main.DEBUG: cache_invalidate:  {"method":"GET","url":"http:/","invalidateInfo":{"identifier":"DB_PDO_MYSQL_DDL_catalog_product_index_price_replica_2"}} []
[2026-04-21T08:22:24.539701+00:00] main.DEBUG: cache_invalidate:  {"method":"GET","url":"http:/","invalidateInfo":{"identifier":"DB_PDO_MYSQL_DDL_catalog_product_index_price_replica_3"}} []
[2026-04-21T08:22:24.540216+00:00] main.DEBUG: cache_invalidate:  {"method":"GET","url":"http:/","invalidateInfo":{"identifier":"DB_PDO_MYSQL_DDL_catalog_product_index_price_replica_4"}} []
[2026-04-21T08:22:24.540746+00:00] main.DEBUG: cache_invalidate:  {"method":"GET","url":"http:/","invalidateInfo":{"identifier":"DB_PDO_MYSQL_DDL_catalog_product_index_price_replica_5"}} []
[2026-04-21T08:22:24.541523+00:00] main.DEBUG: cache_invalidate:  {"method":"GET","url":"http:/","invalidateInfo":{"tags":["cat_c","FPC"],"mode":"matchingTag"}} []
[2026-04-21T08:22:24.542006+00:00] main.DEBUG: cache_invalidate:  {"method":"GET","url":"http:/","invalidateInfo":{"tags":["cat_p","FPC"],"mode":"matchingTag"}} []
[2026-04-21T08:22:24.542567+00:00] main.DEBUG: cache_invalidate:  {"method":"GET","url":"http:/","invalidateInfo":{"tags":["cat_c","cat_p"],"mode":"matchingAnyTag"}} []
[2026-04-21T08:22:28.595074+00:00] main.DEBUG: cache_invalidate:  {"method":"GET","url":"http:/","invalidateInfo":{"tags":["cat_c_2","FPC"],"mode":"matchingTag"}} []
[2026-04-21T08:22:28.595887+00:00] main.DEBUG: cache_invalidate:  {"method":"GET","url":"http:/","invalidateInfo":{"tags":["cat_c_43","FPC"],"mode":"matchingTag"}} []
[2026-04-21T08:22:28.596628+00:00] main.DEBUG: cache_invalidate:  {"method":"GET","url":"http:/","invalidateInfo":{"tags":["cat_c_44","FPC"],"mode":"matchingTag"}} []
[2026-04-21T08:22:28.597383+00:00] main.DEBUG: cache_invalidate:  {"method":"GET","url":"http:/","invalidateInfo":{"tags":["cat_c_45","FPC"],"mode":"matchingTag"}} []
[2026-04-21T08:22:28.598030+00:00] main.DEBUG: cache_invalidate:  {"method":"GET","url":"http:/","invalidateInfo":{"tags":["cat_c_46","FPC"],"mode":"matchingTag"}} []
[2026-04-21T08:22:28.598585+00:00] main.DEBUG: cache_invalidate:  {"method":"GET","url":"http:/","invalidateInfo":{"tags":["cat_c_47","FPC"],"mode":"matchingTag"}} []
[2026-04-21T08:22:28.599174+00:00] main.DEBUG: cache_invalidate:  {"method":"GET","url":"http:/","invalidateInfo":{"tags":["cat_c_48","FPC"],"mode":"matchingTag"}} []
[2026-04-21T08:22:28.599748+00:00] main.DEBUG: cache_invalidate:  {"method":"GET","url":"http:/","invalidateInfo":{"tags":["cat_c_49","FPC"],"mode":"matchingTag"}} []
[2026-04-21T08:22:28.600361+00:00] main.DEBUG: cache_invalidate:  {"method":"GET","url":"http:/","invalidateInfo":{"tags":["cat_c_50","FPC"],"mode":"matchingTag"}} []
[2026-04-21T08:22:28.600938+00:00] main.DEBUG: cache_invalidate:  {"method":"GET","url":"http:/","invalidateInfo":{"tags":["cat_c_51","FPC"],"mode":"matchingTag"}} []
[2026-04-21T08:22:28.601481+00:00] main.DEBUG: cache_invalidate:  {"method":"GET","url":"http:/","invalidateInfo":{"tags":["cat_c_52","FPC"],"mode":"matchingTag"}} []
[2026-04-21T08:22:28.602112+00:00] main.DEBUG: cache_invalidate:  {"method":"GET","url":"http:/","invalidateInfo":{"tags":["cat_c_53","FPC"],"mode":"matchingTag"}} []
[2026-04-21T08:22:28.602653+00:00] main.DEBUG: cache_invalidate:  {"method":"GET","url":"http:/","invalidateInfo":{"tags":["cat_c_54","FPC"],"mode":"matchingTag"}} []
[2026-04-21T08:22:28.603230+00:00] main.DEBUG: cache_invalidate:  {"method":"GET","url":"http:/","invalidateInfo":{"tags":["cat_c_55","FPC"],"mode":"matchingTag"}} []
[2026-04-21T08:22:28.603777+00:00] main.DEBUG: cache_invalidate:  {"method":"GET","url":"http:/","invalidateInfo":{"tags":["cat_c_56","FPC"],"mode":"matchingTag"}} []
[2026-04-21T08:22:28.604334+00:00] main.DEBUG: cache_invalidate:  {"method":"GET","url":"http:/","invalidateInfo":{"tags":["cat_c_57","FPC"],"mode":"matchingTag"}} []
[2026-04-21T08:22:28.604856+00:00] main.DEBUG: cache_invalidate:  {"method":"GET","url":"http:/","invalidateInfo":{"tags":["cat_c_58","FPC"],"mode":"matchingTag"}} []
[2026-04-21T08:22:28.605388+00:00] main.DEBUG: cache_invalidate:  {"method":"GET","url":"http:/","invalidateInfo":{"tags":["cat_c_59","FPC"],"mode":"matchingTag"}} []
[2026-04-21T08:22:28.605951+00:00] main.DEBUG: cache_invalidate:  {"method":"GET","url":"http:/","invalidateInfo":{"tags":["cat_c_60","FPC"],"mode":"matchingTag"}} []
[2026-04-21T08:22:28.606483+00:00] main.DEBUG: cache_invalidate:  {"method":"GET","url":"http:/","invalidateInfo":{"tags":["cat_c_61","FPC"],"mode":"matchingTag"}} []
[2026-04-21T08:22:28.607046+00:00] main.DEBUG: cache_invalidate:  {"method":"GET","url":"http:/","invalidateInfo":{"tags":["cat_c_62","FPC"],"mode":"matchingTag"}} []
[2026-04-21T08:22:28.607578+00:00] main.DEBUG: cache_invalidate:  {"method":"GET","url":"http:/","invalidateInfo":{"tags":["cat_c_63","FPC"],"mode":"matchingTag"}} []
[2026-04-21T08:22:28.608157+00:00] main.DEBUG: cache_invalidate:  {"method":"GET","url":"http:/","invalidateInfo":{"tags":["cat_c_64","FPC"],"mode":"matchingTag"}} []
[2026-04-21T08:22:28.612097+00:00] main.DEBUG: cache_invalidate:  {"method":"GET","url":"http:/","invalidateInfo":{"tags":["cat_c_2","cat_c_43","cat_c_44","cat_c_45","cat_c_46","cat_c_47","cat_c_48","cat_c_49","cat_c_50","cat_c_51","cat_c_52","cat_c_53","cat_c_54","cat_c_55","cat_c_56","cat_c_57","cat_c_58","cat_c_59","cat_c_60","cat_c_61","cat_c_62","cat_c_63","cat_c_64"],"mode":"matchingAnyTag"}} []
[2026-04-21T08:22:28.735367+00:00] main.INFO: {"feed":"salesOrders","operation":"full reindex(legacy)","status":"Initialize","elapsed":"00:00:00 257 ms","pid":"299","caller":"bin\/magento indexer:reindex"} [] []
[2026-04-21T08:22:28.784529+00:00] main.DEBUG: cache_invalidate:  {"method":"GET","url":"http:/","invalidateInfo":{"identifier":"DB_PDO_MYSQL_DDL_sales_data_exporter_orders_index_sequence_1"}} []
[2026-04-21T08:22:28.785171+00:00] main.DEBUG: cache_invalidate:  {"method":"GET","url":"http:/","invalidateInfo":{"identifier":"DB_PDO_MYSQL_DDL_sales_data_exporter_orders_index_sequence_2"}} []
[2026-04-21T08:22:28.785667+00:00] main.DEBUG: cache_invalidate:  {"method":"GET","url":"http:/","invalidateInfo":{"identifier":"DB_PDO_MYSQL_DDL_sales_data_exporter_orders_index_sequence_3"}} []
[2026-04-21T08:22:28.786151+00:00] main.DEBUG: cache_invalidate:  {"method":"GET","url":"http:/","invalidateInfo":{"identifier":"DB_PDO_MYSQL_DDL_sales_data_exporter_orders_index_sequence_4"}} []
[2026-04-21T08:22:28.786606+00:00] main.DEBUG: cache_invalidate:  {"method":"GET","url":"http:/","invalidateInfo":{"identifier":"DB_PDO_MYSQL_DDL_sales_data_exporter_orders_index_sequence_5"}} []
[2026-04-21T08:22:28.811688+00:00] main.DEBUG: cache_invalidate:  {"method":"GET","url":"http:/","invalidateInfo":{"identifier":"DB_PDO_MYSQL_DDL_sales_data_exporter_orders_index_sequence_1"}} []
[2026-04-21T08:22:28.812382+00:00] main.DEBUG: cache_invalidate:  {"method":"GET","url":"http:/","invalidateInfo":{"identifier":"DB_PDO_MYSQL_DDL_sales_data_exporter_orders_index_sequence_2"}} []
[2026-04-21T08:22:28.812873+00:00] main.DEBUG: cache_invalidate:  {"method":"GET","url":"http:/","invalidateInfo":{"identifier":"DB_PDO_MYSQL_DDL_sales_data_exporter_orders_index_sequence_3"}} []
[2026-04-21T08:22:28.813422+00:00] main.DEBUG: cache_invalidate:  {"method":"GET","url":"http:/","invalidateInfo":{"identifier":"DB_PDO_MYSQL_DDL_sales_data_exporter_orders_index_sequence_4"}} []
[2026-04-21T08:22:28.814173+00:00] main.DEBUG: cache_invalidate:  {"method":"GET","url":"http:/","invalidateInfo":{"identifier":"DB_PDO_MYSQL_DDL_sales_data_exporter_orders_index_sequence_5"}} []
[2026-04-21T08:22:28.823295+00:00] main.INFO: {"feed":"salesOrders","operation":"full reindex(legacy)","status":"Creating batch table `sales_data_exporter_orders_index_batches`. Start position: 0","elapsed":"00:00:00 345 ms","pid":"299","caller":"bin\/magento indexer:reindex"} [] []
[2026-04-21T08:22:28.841506+00:00] main.DEBUG: cache_invalidate:  {"method":"GET","url":"http:/","invalidateInfo":{"identifier":"DB_PDO_MYSQL_DDL_sales_data_exporter_orders_index_batches_1"}} []
[2026-04-21T08:22:28.842028+00:00] main.DEBUG: cache_invalidate:  {"method":"GET","url":"http:/","invalidateInfo":{"identifier":"DB_PDO_MYSQL_DDL_sales_data_exporter_orders_index_batches_2"}} []
[2026-04-21T08:22:28.842435+00:00] main.DEBUG: cache_invalidate:  {"method":"GET","url":"http:/","invalidateInfo":{"identifier":"DB_PDO_MYSQL_DDL_sales_data_exporter_orders_index_batches_3"}} []
[2026-04-21T08:22:28.842893+00:00] main.DEBUG: cache_invalidate:  {"method":"GET","url":"http:/","invalidateInfo":{"identifier":"DB_PDO_MYSQL_DDL_sales_data_exporter_orders_index_batches_4"}} []
[2026-04-21T08:22:28.843346+00:00] main.DEBUG: cache_invalidate:  {"method":"GET","url":"http:/","invalidateInfo":{"identifier":"DB_PDO_MYSQL_DDL_sales_data_exporter_orders_index_batches_5"}} []
[2026-04-21T08:22:28.872605+00:00] main.DEBUG: cache_invalidate:  {"method":"GET","url":"http:/","invalidateInfo":{"identifier":"DB_PDO_MYSQL_DDL_sales_data_exporter_orders_index_batches_1"}} []
[2026-04-21T08:22:28.873274+00:00] main.DEBUG: cache_invalidate:  {"method":"GET","url":"http:/","invalidateInfo":{"identifier":"DB_PDO_MYSQL_DDL_sales_data_exporter_orders_index_batches_2"}} []
[2026-04-21T08:22:28.873787+00:00] main.DEBUG: cache_invalidate:  {"method":"GET","url":"http:/","invalidateInfo":{"identifier":"DB_PDO_MYSQL_DDL_sales_data_exporter_orders_index_batches_3"}} []
[2026-04-21T08:22:28.874255+00:00] main.DEBUG: cache_invalidate:  {"method":"GET","url":"http:/","invalidateInfo":{"identifier":"DB_PDO_MYSQL_DDL_sales_data_exporter_orders_index_batches_4"}} []
[2026-04-21T08:22:28.874748+00:00] main.DEBUG: cache_invalidate:  {"method":"GET","url":"http:/","invalidateInfo":{"identifier":"DB_PDO_MYSQL_DDL_sales_data_exporter_orders_index_batches_5"}} []
[2026-04-21T08:22:28.882890+00:00] main.INFO: {"feed":"salesOrders","operation":"full reindex(legacy)","status":"Batch table `sales_data_exporter_orders_index_batches` created. Total Items: 0, batches: ~0","elapsed":"00:00:00 405 ms","pid":"299","caller":"bin\/magento indexer:reindex"} [] []
[2026-04-21T08:22:28.883420+00:00] main.INFO: {"feed":"salesOrders","operation":"full reindex(legacy)","status":"nothing to process - no items to sync. Not expected? Are there any items in source table `sales_order`?","elapsed":"00:00:00 405 ms","pid":"299","caller":"bin\/magento indexer:reindex"} [] []
[2026-04-21T08:22:28.889603+00:00] main.INFO: {"feed":"salesOrders","operation":"full reindex(legacy)","status":"Complete","elapsed":"00:00:00 412 ms","pid":"299","caller":"bin\/magento indexer:reindex"} [] []
[2026-04-21T08:22:28.923336+00:00] main.INFO: {"feed":"salesOrderStatuses","operation":"full reindex(legacy)","status":"Initialize","elapsed":"00:00:00 633 ms","pid":"299","caller":"bin\/magento indexer:reindex"} [] []
[2026-04-21T08:22:28.968794+00:00] main.DEBUG: cache_invalidate:  {"method":"GET","url":"http:/","invalidateInfo":{"identifier":"DB_PDO_MYSQL_DDL_sales_data_exporter_order_statuses_index_sequence_1"}} []
[2026-04-21T08:22:28.969387+00:00] main.DEBUG: cache_invalidate:  {"method":"GET","url":"http:/","invalidateInfo":{"identifier":"DB_PDO_MYSQL_DDL_sales_data_exporter_order_statuses_index_sequence_2"}} []
[2026-04-21T08:22:28.969831+00:00] main.DEBUG: cache_invalidate:  {"method":"GET","url":"http:/","invalidateInfo":{"identifier":"DB_PDO_MYSQL_DDL_sales_data_exporter_order_statuses_index_sequence_3"}} []
[2026-04-21T08:22:28.970224+00:00] main.DEBUG: cache_invalidate:  {"method":"GET","url":"http:/","invalidateInfo":{"identifier":"DB_PDO_MYSQL_DDL_sales_data_exporter_order_statuses_index_sequence_4"}} []
[2026-04-21T08:22:28.970600+00:00] main.DEBUG: cache_invalidate:  {"method":"GET","url":"http:/","invalidateInfo":{"identifier":"DB_PDO_MYSQL_DDL_sales_data_exporter_order_statuses_index_sequence_5"}} []
[2026-04-21T08:22:28.995864+00:00] main.DEBUG: cache_invalidate:  {"method":"GET","url":"http:/","invalidateInfo":{"identifier":"DB_PDO_MYSQL_DDL_sales_data_exporter_order_statuses_index_sequence_1"}} []
[2026-04-21T08:22:28.996586+00:00] main.DEBUG: cache_invalidate:  {"method":"GET","url":"http:/","invalidateInfo":{"identifier":"DB_PDO_MYSQL_DDL_sales_data_exporter_order_statuses_index_sequence_2"}} []
[2026-04-21T08:22:28.997319+00:00] main.DEBUG: cache_invalidate:  {"method":"GET","url":"http:/","invalidateInfo":{"identifier":"DB_PDO_MYSQL_DDL_sales_data_exporter_order_statuses_index_sequence_3"}} []
[2026-04-21T08:22:28.998174+00:00] main.DEBUG: cache_invalidate:  {"method":"GET","url":"http:/","invalidateInfo":{"identifier":"DB_PDO_MYSQL_DDL_sales_data_exporter_order_statuses_index_sequence_4"}} []
[2026-04-21T08:22:28.998955+00:00] main.DEBUG: cache_invalidate:  {"method":"GET","url":"http:/","invalidateInfo":{"identifier":"DB_PDO_MYSQL_DDL_sales_data_exporter_order_statuses_index_sequence_5"}} []
[2026-04-21T08:22:29.003571+00:00] main.INFO: {"feed":"salesOrderStatuses","operation":"full reindex(legacy)","status":"Creating batch table `sales_data_exporter_order_statuses_index_batches`. Start position: ","elapsed":"00:00:00 714 ms","pid":"299","caller":"bin\/magento indexer:reindex"} [] []
[2026-04-21T08:22:29.021430+00:00] main.DEBUG: cache_invalidate:  {"method":"GET","url":"http:/","invalidateInfo":{"identifier":"DB_PDO_MYSQL_DDL_sales_data_exporter_order_statuses_index_batches_1"}} []
[2026-04-21T08:22:29.022201+00:00] main.DEBUG: cache_invalidate:  {"method":"GET","url":"http:/","invalidateInfo":{"identifier":"DB_PDO_MYSQL_DDL_sales_data_exporter_order_statuses_index_batches_2"}} []
[2026-04-21T08:22:29.022832+00:00] main.DEBUG: cache_invalidate:  {"method":"GET","url":"http:/","invalidateInfo":{"identifier":"DB_PDO_MYSQL_DDL_sales_data_exporter_order_statuses_index_batches_3"}} []
[2026-04-21T08:22:29.023407+00:00] main.DEBUG: cache_invalidate:  {"method":"GET","url":"http:/","invalidateInfo":{"identifier":"DB_PDO_MYSQL_DDL_sales_data_exporter_order_statuses_index_batches_4"}} []
[2026-04-21T08:22:29.023896+00:00] main.DEBUG: cache_invalidate:  {"method":"GET","url":"http:/","invalidateInfo":{"identifier":"DB_PDO_MYSQL_DDL_sales_data_exporter_order_statuses_index_batches_5"}} []
[2026-04-21T08:22:29.054857+00:00] main.DEBUG: cache_invalidate:  {"method":"GET","url":"http:/","invalidateInfo":{"identifier":"DB_PDO_MYSQL_DDL_sales_data_exporter_order_statuses_index_batches_1"}} []
[2026-04-21T08:22:29.055480+00:00] main.DEBUG: cache_invalidate:  {"method":"GET","url":"http:/","invalidateInfo":{"identifier":"DB_PDO_MYSQL_DDL_sales_data_exporter_order_statuses_index_batches_2"}} []
[2026-04-21T08:22:29.055976+00:00] main.DEBUG: cache_invalidate:  {"method":"GET","url":"http:/","invalidateInfo":{"identifier":"DB_PDO_MYSQL_DDL_sales_data_exporter_order_statuses_index_batches_3"}} []
[2026-04-21T08:22:29.056514+00:00] main.DEBUG: cache_invalidate:  {"method":"GET","url":"http:/","invalidateInfo":{"identifier":"DB_PDO_MYSQL_DDL_sales_data_exporter_order_statuses_index_batches_4"}} []
[2026-04-21T08:22:29.056990+00:00] main.DEBUG: cache_invalidate:  {"method":"GET","url":"http:/","invalidateInfo":{"identifier":"DB_PDO_MYSQL_DDL_sales_data_exporter_order_statuses_index_batches_5"}} []
[2026-04-21T08:22:29.067773+00:00] main.INFO: {"feed":"salesOrderStatuses","operation":"full reindex(legacy)","status":"Batch table `sales_data_exporter_order_statuses_index_batches` created. Total Items: 12, batches: ~0","elapsed":"00:00:00 778 ms","pid":"299","caller":"bin\/magento indexer:reindex"} [] []
[2026-04-21T08:22:29.068186+00:00] main.INFO: {"feed":"salesOrderStatuses","operation":"full reindex(legacy)","status":"start processing `12` items in `1` threads with `100` batch size","elapsed":"00:00:00 778 ms","pid":"299","caller":"bin\/magento indexer:reindex"} [] []
[2026-04-21T08:22:29.112859+00:00] main.INFO: {"feed":"salesOrderStatuses","operation":"full reindex(legacy)","status":"Progress 1\/1, processed 12, synced 12","elapsed":"00:00:01 823 ms","pid":"299","caller":"bin\/magento indexer:reindex"} [] []
[2026-04-21T08:22:29.118914+00:00] main.INFO: {"feed":"salesOrderStatuses","operation":"full reindex(legacy)","status":"Complete","elapsed":"00:00:01 829 ms","pid":"299","caller":"bin\/magento indexer:reindex"} [] []
[2026-04-21T08:22:29.142929+00:00] main.INFO: {"feed":"stores","operation":"full reindex(legacy)","status":"Initialize","elapsed":"73 ms","pid":"299","caller":"bin\/magento indexer:reindex"} [] []
[2026-04-21T08:22:29.185873+00:00] main.DEBUG: cache_invalidate:  {"method":"GET","url":"http:/","invalidateInfo":{"identifier":"DB_PDO_MYSQL_DDL_stores_data_exporter_index_sequence_1"}} []
[2026-04-21T08:22:29.186497+00:00] main.DEBUG: cache_invalidate:  {"method":"GET","url":"http:/","invalidateInfo":{"identifier":"DB_PDO_MYSQL_DDL_stores_data_exporter_index_sequence_2"}} []
[2026-04-21T08:22:29.187037+00:00] main.DEBUG: cache_invalidate:  {"method":"GET","url":"http:/","invalidateInfo":{"identifier":"DB_PDO_MYSQL_DDL_stores_data_exporter_index_sequence_3"}} []
[2026-04-21T08:22:29.187494+00:00] main.DEBUG: cache_invalidate:  {"method":"GET","url":"http:/","invalidateInfo":{"identifier":"DB_PDO_MYSQL_DDL_stores_data_exporter_index_sequence_4"}} []
[2026-04-21T08:22:29.187972+00:00] main.DEBUG: cache_invalidate:  {"method":"GET","url":"http:/","invalidateInfo":{"identifier":"DB_PDO_MYSQL_DDL_stores_data_exporter_index_sequence_5"}} []
[2026-04-21T08:22:29.212440+00:00] main.DEBUG: cache_invalidate:  {"method":"GET","url":"http:/","invalidateInfo":{"identifier":"DB_PDO_MYSQL_DDL_stores_data_exporter_index_sequence_1"}} []
[2026-04-21T08:22:29.213233+00:00] main.DEBUG: cache_invalidate:  {"method":"GET","url":"http:/","invalidateInfo":{"identifier":"DB_PDO_MYSQL_DDL_stores_data_exporter_index_sequence_2"}} []
[2026-04-21T08:22:29.214296+00:00] main.DEBUG: cache_invalidate:  {"method":"GET","url":"http:/","invalidateInfo":{"identifier":"DB_PDO_MYSQL_DDL_stores_data_exporter_index_sequence_3"}} []
[2026-04-21T08:22:29.215177+00:00] main.DEBUG: cache_invalidate:  {"method":"GET","url":"http:/","invalidateInfo":{"identifier":"DB_PDO_MYSQL_DDL_stores_data_exporter_index_sequence_4"}} []
[2026-04-21T08:22:29.216166+00:00] main.DEBUG: cache_invalidate:  {"method":"GET","url":"http:/","invalidateInfo":{"identifier":"DB_PDO_MYSQL_DDL_stores_data_exporter_index_sequence_5"}} []
[2026-04-21T08:22:29.220759+00:00] main.INFO: {"feed":"stores","operation":"full reindex(legacy)","status":"Creating batch table `stores_data_exporter_index_batches`. Start position: 0","elapsed":"150 ms","pid":"299","caller":"bin\/magento indexer:reindex"} [] []
[2026-04-21T08:22:29.237700+00:00] main.DEBUG: cache_invalidate:  {"method":"GET","url":"http:/","invalidateInfo":{"identifier":"DB_PDO_MYSQL_DDL_stores_data_exporter_index_batches_1"}} []
[2026-04-21T08:22:29.238361+00:00] main.DEBUG: cache_invalidate:  {"method":"GET","url":"http:/","invalidateInfo":{"identifier":"DB_PDO_MYSQL_DDL_stores_data_exporter_index_batches_2"}} []
[2026-04-21T08:22:29.238859+00:00] main.DEBUG: cache_invalidate:  {"method":"GET","url":"http:/","invalidateInfo":{"identifier":"DB_PDO_MYSQL_DDL_stores_data_exporter_index_batches_3"}} []
[2026-04-21T08:22:29.239314+00:00] main.DEBUG: cache_invalidate:  {"method":"GET","url":"http:/","invalidateInfo":{"identifier":"DB_PDO_MYSQL_DDL_stores_data_exporter_index_batches_4"}} []
[2026-04-21T08:22:29.239777+00:00] main.DEBUG: cache_invalidate:  {"method":"GET","url":"http:/","invalidateInfo":{"identifier":"DB_PDO_MYSQL_DDL_stores_data_exporter_index_batches_5"}} []
[2026-04-21T08:22:29.264797+00:00] main.DEBUG: cache_invalidate:  {"method":"GET","url":"http:/","invalidateInfo":{"identifier":"DB_PDO_MYSQL_DDL_stores_data_exporter_index_batches_1"}} []
[2026-04-21T08:22:29.265485+00:00] main.DEBUG: cache_invalidate:  {"method":"GET","url":"http:/","invalidateInfo":{"identifier":"DB_PDO_MYSQL_DDL_stores_data_exporter_index_batches_2"}} []
[2026-04-21T08:22:29.266023+00:00] main.DEBUG: cache_invalidate:  {"method":"GET","url":"http:/","invalidateInfo":{"identifier":"DB_PDO_MYSQL_DDL_stores_data_exporter_index_batches_3"}} []
[2026-04-21T08:22:29.266495+00:00] main.DEBUG: cache_invalidate:  {"method":"GET","url":"http:/","invalidateInfo":{"identifier":"DB_PDO_MYSQL_DDL_stores_data_exporter_index_batches_4"}} []
[2026-04-21T08:22:29.267098+00:00] main.DEBUG: cache_invalidate:  {"method":"GET","url":"http:/","invalidateInfo":{"identifier":"DB_PDO_MYSQL_DDL_stores_data_exporter_index_batches_5"}} []
[2026-04-21T08:22:29.276232+00:00] main.INFO: {"feed":"stores","operation":"full reindex(legacy)","status":"Batch table `stores_data_exporter_index_batches` created. Total Items: 1, batches: ~0","elapsed":"206 ms","pid":"299","caller":"bin\/magento indexer:reindex"} [] []
[2026-04-21T08:22:29.276591+00:00] main.INFO: {"feed":"stores","operation":"full reindex(legacy)","status":"start processing `1` items in `1` threads with `100` batch size","elapsed":"206 ms","pid":"299","caller":"bin\/magento indexer:reindex"} [] []
[2026-04-21T08:22:29.289726+00:00] main.INFO: {"feed":"stores","operation":"full reindex(legacy)","status":"Progress 1\/1, processed 1, synced 1","elapsed":"219 ms","pid":"299","caller":"bin\/magento indexer:reindex"} [] []
[2026-04-21T08:22:29.293550+00:00] main.INFO: {"feed":"stores","operation":"full reindex(legacy)","status":"Complete","elapsed":"223 ms","pid":"299","caller":"bin\/magento indexer:reindex"} [] []
[2026-04-21T08:22:31.040686+00:00] main.DEBUG: cache_invalidate:  {"method":"GET","url":"http:/","invalidateInfo":{"tags":["FPC"],"mode":"matchingTag"}} []
[2026-04-21T08:41:11.748357+00:00] main.DEBUG: cache_invalidate:  {"method":"GET","url":"http:/","invalidateInfo":{"identifier":"DB_PDO_MYSQL_DDL_cataloginventory_stock_status_1"}} []
[2026-04-21T08:41:11.749335+00:00] main.DEBUG: cache_invalidate:  {"method":"GET","url":"http:/","invalidateInfo":{"identifier":"DB_PDO_MYSQL_DDL_cataloginventory_stock_status_2"}} []
[2026-04-21T08:41:11.749750+00:00] main.DEBUG: cache_invalidate:  {"method":"GET","url":"http:/","invalidateInfo":{"identifier":"DB_PDO_MYSQL_DDL_cataloginventory_stock_status_3"}} []
[2026-04-21T08:41:11.750116+00:00] main.DEBUG: cache_invalidate:  {"method":"GET","url":"http:/","invalidateInfo":{"identifier":"DB_PDO_MYSQL_DDL_cataloginventory_stock_status_4"}} []
[2026-04-21T08:41:11.750469+00:00] main.DEBUG: cache_invalidate:  {"method":"GET","url":"http:/","invalidateInfo":{"identifier":"DB_PDO_MYSQL_DDL_cataloginventory_stock_status_5"}} []
[2026-04-21T08:41:11.750851+00:00] main.DEBUG: cache_invalidate:  {"method":"GET","url":"http:/","invalidateInfo":{"identifier":"DB_PDO_MYSQL_DDL_cataloginventory_stock_status_outdated_1"}} []
[2026-04-21T08:41:11.751201+00:00] main.DEBUG: cache_invalidate:  {"method":"GET","url":"http:/","invalidateInfo":{"identifier":"DB_PDO_MYSQL_DDL_cataloginventory_stock_status_outdated_2"}} []
[2026-04-21T08:41:11.751559+00:00] main.DEBUG: cache_invalidate:  {"method":"GET","url":"http:/","invalidateInfo":{"identifier":"DB_PDO_MYSQL_DDL_cataloginventory_stock_status_outdated_3"}} []
[2026-04-21T08:41:11.751922+00:00] main.DEBUG: cache_invalidate:  {"method":"GET","url":"http:/","invalidateInfo":{"identifier":"DB_PDO_MYSQL_DDL_cataloginventory_stock_status_outdated_4"}} []
[2026-04-21T08:41:11.752253+00:00] main.DEBUG: cache_invalidate:  {"method":"GET","url":"http:/","invalidateInfo":{"identifier":"DB_PDO_MYSQL_DDL_cataloginventory_stock_status_outdated_5"}} []
[2026-04-21T08:41:11.752589+00:00] main.DEBUG: cache_invalidate:  {"method":"GET","url":"http:/","invalidateInfo":{"identifier":"DB_PDO_MYSQL_DDL_cataloginventory_stock_status_replica_1"}} []
[2026-04-21T08:41:11.752942+00:00] main.DEBUG: cache_invalidate:  {"method":"GET","url":"http:/","invalidateInfo":{"identifier":"DB_PDO_MYSQL_DDL_cataloginventory_stock_status_replica_2"}} []
[2026-04-21T08:41:11.753272+00:00] main.DEBUG: cache_invalidate:  {"method":"GET","url":"http:/","invalidateInfo":{"identifier":"DB_PDO_MYSQL_DDL_cataloginventory_stock_status_replica_3"}} []
[2026-04-21T08:41:11.753598+00:00] main.DEBUG: cache_invalidate:  {"method":"GET","url":"http:/","invalidateInfo":{"identifier":"DB_PDO_MYSQL_DDL_cataloginventory_stock_status_replica_4"}} []
[2026-04-21T08:41:11.753987+00:00] main.DEBUG: cache_invalidate:  {"method":"GET","url":"http:/","invalidateInfo":{"identifier":"DB_PDO_MYSQL_DDL_cataloginventory_stock_status_replica_5"}} []
[2026-04-21T08:41:11.757352+00:00] main.DEBUG: cache_invalidate:  {"method":"GET","url":"http:/","invalidateInfo":{"tags":["cat_c","FPC"],"mode":"matchingTag"}} []
[2026-04-21T08:41:11.757661+00:00] main.DEBUG: cache_invalidate:  {"method":"GET","url":"http:/","invalidateInfo":{"tags":["cat_p","FPC"],"mode":"matchingTag"}} []
[2026-04-21T08:41:11.758078+00:00] main.DEBUG: cache_invalidate:  {"method":"GET","url":"http:/","invalidateInfo":{"tags":["cat_c","cat_p"],"mode":"matchingAnyTag"}} []
[2026-04-21T08:41:11.975961+00:00] main.DEBUG: cache_invalidate:  {"method":"GET","url":"http:/","invalidateInfo":{"identifier":"DB_PDO_MYSQL_DDL_customer_grid_flat_1"}} []
[2026-04-21T08:41:11.976563+00:00] main.DEBUG: cache_invalidate:  {"method":"GET","url":"http:/","invalidateInfo":{"identifier":"DB_PDO_MYSQL_DDL_customer_grid_flat_2"}} []
[2026-04-21T08:41:11.977157+00:00] main.DEBUG: cache_invalidate:  {"method":"GET","url":"http:/","invalidateInfo":{"identifier":"DB_PDO_MYSQL_DDL_customer_grid_flat_3"}} []
[2026-04-21T08:41:11.977776+00:00] main.DEBUG: cache_invalidate:  {"method":"GET","url":"http:/","invalidateInfo":{"identifier":"DB_PDO_MYSQL_DDL_customer_grid_flat_4"}} []
[2026-04-21T08:41:11.978312+00:00] main.DEBUG: cache_invalidate:  {"method":"GET","url":"http:/","invalidateInfo":{"identifier":"DB_PDO_MYSQL_DDL_customer_grid_flat_5"}} []
[2026-04-21T08:41:12.155502+00:00] main.DEBUG: cache_invalidate:  {"method":"GET","url":"http:/","invalidateInfo":{"identifier":"DB_PDO_MYSQL_DDL_customer_grid_flat_1"}} []
[2026-04-21T08:41:12.156397+00:00] main.DEBUG: cache_invalidate:  {"method":"GET","url":"http:/","invalidateInfo":{"identifier":"DB_PDO_MYSQL_DDL_customer_grid_flat_2"}} []
[2026-04-21T08:41:12.157202+00:00] main.DEBUG: cache_invalidate:  {"method":"GET","url":"http:/","invalidateInfo":{"identifier":"DB_PDO_MYSQL_DDL_customer_grid_flat_3"}} []
[2026-04-21T08:41:12.157943+00:00] main.DEBUG: cache_invalidate:  {"method":"GET","url":"http:/","invalidateInfo":{"identifier":"DB_PDO_MYSQL_DDL_customer_grid_flat_4"}} []
[2026-04-21T08:41:12.158630+00:00] main.DEBUG: cache_invalidate:  {"method":"GET","url":"http:/","invalidateInfo":{"identifier":"DB_PDO_MYSQL_DDL_customer_grid_flat_5"}} []
[2026-04-21T08:41:12.559667+00:00] main.DEBUG: cache_invalidate:  {"method":"GET","url":"http:/","invalidateInfo":{"identifier":"DB_PDO_MYSQL_DDL_catalog_category_product_index_store1_1"}} []
[2026-04-21T08:41:12.560270+00:00] main.DEBUG: cache_invalidate:  {"method":"GET","url":"http:/","invalidateInfo":{"identifier":"DB_PDO_MYSQL_DDL_catalog_category_product_index_store1_2"}} []
[2026-04-21T08:41:12.560876+00:00] main.DEBUG: cache_invalidate:  {"method":"GET","url":"http:/","invalidateInfo":{"identifier":"DB_PDO_MYSQL_DDL_catalog_category_product_index_store1_3"}} []
[2026-04-21T08:41:12.561364+00:00] main.DEBUG: cache_invalidate:  {"method":"GET","url":"http:/","invalidateInfo":{"identifier":"DB_PDO_MYSQL_DDL_catalog_category_product_index_store1_4"}} []
[2026-04-21T08:41:12.561866+00:00] main.DEBUG: cache_invalidate:  {"method":"GET","url":"http:/","invalidateInfo":{"identifier":"DB_PDO_MYSQL_DDL_catalog_category_product_index_store1_5"}} []
[2026-04-21T08:41:12.562322+00:00] main.DEBUG: cache_invalidate:  {"method":"GET","url":"http:/","invalidateInfo":{"identifier":"DB_PDO_MYSQL_DDL_catalog_category_product_index_store1_outdated_1"}} []
[2026-04-21T08:41:12.562768+00:00] main.DEBUG: cache_invalidate:  {"method":"GET","url":"http:/","invalidateInfo":{"identifier":"DB_PDO_MYSQL_DDL_catalog_category_product_index_store1_outdated_2"}} []
[2026-04-21T08:41:12.563209+00:00] main.DEBUG: cache_invalidate:  {"method":"GET","url":"http:/","invalidateInfo":{"identifier":"DB_PDO_MYSQL_DDL_catalog_category_product_index_store1_outdated_3"}} []
[2026-04-21T08:41:12.563636+00:00] main.DEBUG: cache_invalidate:  {"method":"GET","url":"http:/","invalidateInfo":{"identifier":"DB_PDO_MYSQL_DDL_catalog_category_product_index_store1_outdated_4"}} []
[2026-04-21T08:41:12.564081+00:00] main.DEBUG: cache_invalidate:  {"method":"GET","url":"http:/","invalidateInfo":{"identifier":"DB_PDO_MYSQL_DDL_catalog_category_product_index_store1_outdated_5"}} []
[2026-04-21T08:41:12.564547+00:00] main.DEBUG: cache_invalidate:  {"method":"GET","url":"http:/","invalidateInfo":{"identifier":"DB_PDO_MYSQL_DDL_catalog_category_product_index_store1_replica_1"}} []
[2026-04-21T08:41:12.565003+00:00] main.DEBUG: cache_invalidate:  {"method":"GET","url":"http:/","invalidateInfo":{"identifier":"DB_PDO_MYSQL_DDL_catalog_category_product_index_store1_replica_2"}} []
[2026-04-21T08:41:12.565421+00:00] main.DEBUG: cache_invalidate:  {"method":"GET","url":"http:/","invalidateInfo":{"identifier":"DB_PDO_MYSQL_DDL_catalog_category_product_index_store1_replica_3"}} []
[2026-04-21T08:41:12.565857+00:00] main.DEBUG: cache_invalidate:  {"method":"GET","url":"http:/","invalidateInfo":{"identifier":"DB_PDO_MYSQL_DDL_catalog_category_product_index_store1_replica_4"}} []
[2026-04-21T08:41:12.566306+00:00] main.DEBUG: cache_invalidate:  {"method":"GET","url":"http:/","invalidateInfo":{"identifier":"DB_PDO_MYSQL_DDL_catalog_category_product_index_store1_replica_5"}} []
[2026-04-21T08:41:12.568682+00:00] main.DEBUG: cache_invalidate:  {"method":"GET","url":"http:/","invalidateInfo":{"tags":["cat_c","FPC"],"mode":"matchingTag"}} []
[2026-04-21T08:41:12.569283+00:00] main.DEBUG: cache_invalidate:  {"method":"GET","url":"http:/","invalidateInfo":{"tags":["cat_c"],"mode":"matchingAnyTag"}} []
[2026-04-21T08:41:13.284995+00:00] main.DEBUG: cache_invalidate:  {"method":"GET","url":"http:/","invalidateInfo":{"identifier":"DB_PDO_MYSQL_DDL_catalogrule_product_1"}} []
[2026-04-21T08:41:13.285684+00:00] main.DEBUG: cache_invalidate:  {"method":"GET","url":"http:/","invalidateInfo":{"identifier":"DB_PDO_MYSQL_DDL_catalogrule_product_2"}} []
[2026-04-21T08:41:13.286278+00:00] main.DEBUG: cache_invalidate:  {"method":"GET","url":"http:/","invalidateInfo":{"identifier":"DB_PDO_MYSQL_DDL_catalogrule_product_3"}} []
[2026-04-21T08:41:13.286851+00:00] main.DEBUG: cache_invalidate:  {"method":"GET","url":"http:/","invalidateInfo":{"identifier":"DB_PDO_MYSQL_DDL_catalogrule_product_4"}} []
[2026-04-21T08:41:13.287402+00:00] main.DEBUG: cache_invalidate:  {"method":"GET","url":"http:/","invalidateInfo":{"identifier":"DB_PDO_MYSQL_DDL_catalogrule_product_5"}} []
[2026-04-21T08:41:13.287975+00:00] main.DEBUG: cache_invalidate:  {"method":"GET","url":"http:/","invalidateInfo":{"identifier":"DB_PDO_MYSQL_DDL_catalogrule_product7f801bd4_1"}} []
[2026-04-21T08:41:13.288510+00:00] main.DEBUG: cache_invalidate:  {"method":"GET","url":"http:/","invalidateInfo":{"identifier":"DB_PDO_MYSQL_DDL_catalogrule_product7f801bd4_2"}} []
[2026-04-21T08:41:13.289117+00:00] main.DEBUG: cache_invalidate:  {"method":"GET","url":"http:/","invalidateInfo":{"identifier":"DB_PDO_MYSQL_DDL_catalogrule_product7f801bd4_3"}} []
[2026-04-21T08:41:13.289665+00:00] main.DEBUG: cache_invalidate:  {"method":"GET","url":"http:/","invalidateInfo":{"identifier":"DB_PDO_MYSQL_DDL_catalogrule_product7f801bd4_4"}} []
[2026-04-21T08:41:13.290203+00:00] main.DEBUG: cache_invalidate:  {"method":"GET","url":"http:/","invalidateInfo":{"identifier":"DB_PDO_MYSQL_DDL_catalogrule_product7f801bd4_5"}} []
[2026-04-21T08:41:13.290747+00:00] main.DEBUG: cache_invalidate:  {"method":"GET","url":"http:/","invalidateInfo":{"identifier":"DB_PDO_MYSQL_DDL_catalogrule_product__tempc8e58978_1"}} []
[2026-04-21T08:41:13.291276+00:00] main.DEBUG: cache_invalidate:  {"method":"GET","url":"http:/","invalidateInfo":{"identifier":"DB_PDO_MYSQL_DDL_catalogrule_product__tempc8e58978_2"}} []
[2026-04-21T08:41:13.291820+00:00] main.DEBUG: cache_invalidate:  {"method":"GET","url":"http:/","invalidateInfo":{"identifier":"DB_PDO_MYSQL_DDL_catalogrule_product__tempc8e58978_3"}} []
[2026-04-21T08:41:13.292354+00:00] main.DEBUG: cache_invalidate:  {"method":"GET","url":"http:/","invalidateInfo":{"identifier":"DB_PDO_MYSQL_DDL_catalogrule_product__tempc8e58978_4"}} []
[2026-04-21T08:41:13.292891+00:00] main.DEBUG: cache_invalidate:  {"method":"GET","url":"http:/","invalidateInfo":{"identifier":"DB_PDO_MYSQL_DDL_catalogrule_product__tempc8e58978_5"}} []
[2026-04-21T08:41:13.293429+00:00] main.DEBUG: cache_invalidate:  {"method":"GET","url":"http:/","invalidateInfo":{"identifier":"DB_PDO_MYSQL_DDL_catalogrule_product_price_1"}} []
[2026-04-21T08:41:13.293969+00:00] main.DEBUG: cache_invalidate:  {"method":"GET","url":"http:/","invalidateInfo":{"identifier":"DB_PDO_MYSQL_DDL_catalogrule_product_price_2"}} []
[2026-04-21T08:41:13.294497+00:00] main.DEBUG: cache_invalidate:  {"method":"GET","url":"http:/","invalidateInfo":{"identifier":"DB_PDO_MYSQL_DDL_catalogrule_product_price_3"}} []
[2026-04-21T08:41:13.295052+00:00] main.DEBUG: cache_invalidate:  {"method":"GET","url":"http:/","invalidateInfo":{"identifier":"DB_PDO_MYSQL_DDL_catalogrule_product_price_4"}} []
[2026-04-21T08:41:13.295573+00:00] main.DEBUG: cache_invalidate:  {"method":"GET","url":"http:/","invalidateInfo":{"identifier":"DB_PDO_MYSQL_DDL_catalogrule_product_price_5"}} []
[2026-04-21T08:41:13.296146+00:00] main.DEBUG: cache_invalidate:  {"method":"GET","url":"http:/","invalidateInfo":{"identifier":"DB_PDO_MYSQL_DDL_catalogrule_product_pricebe04c35b_1"}} []
[2026-04-21T08:41:13.296685+00:00] main.DEBUG: cache_invalidate:  {"method":"GET","url":"http:/","invalidateInfo":{"identifier":"DB_PDO_MYSQL_DDL_catalogrule_product_pricebe04c35b_2"}} []
[2026-04-21T08:41:13.297211+00:00] main.DEBUG: cache_invalidate:  {"method":"GET","url":"http:/","invalidateInfo":{"identifier":"DB_PDO_MYSQL_DDL_catalogrule_product_pricebe04c35b_3"}} []
[2026-04-21T08:41:13.297738+00:00] main.DEBUG: cache_invalidate:  {"method":"GET","url":"http:/","invalidateInfo":{"identifier":"DB_PDO_MYSQL_DDL_catalogrule_product_pricebe04c35b_4"}} []
[2026-04-21T08:41:13.298259+00:00] main.DEBUG: cache_invalidate:  {"method":"GET","url":"http:/","invalidateInfo":{"identifier":"DB_PDO_MYSQL_DDL_catalogrule_product_pricebe04c35b_5"}} []
[2026-04-21T08:41:13.298795+00:00] main.DEBUG: cache_invalidate:  {"method":"GET","url":"http:/","invalidateInfo":{"identifier":"DB_PDO_MYSQL_DDL_catalogrule_product_price__temp3eab3998_1"}} []
[2026-04-21T08:41:13.299320+00:00] main.DEBUG: cache_invalidate:  {"method":"GET","url":"http:/","invalidateInfo":{"identifier":"DB_PDO_MYSQL_DDL_catalogrule_product_price__temp3eab3998_2"}} []
[2026-04-21T08:41:13.299844+00:00] main.DEBUG: cache_invalidate:  {"method":"GET","url":"http:/","invalidateInfo":{"identifier":"DB_PDO_MYSQL_DDL_catalogrule_product_price__temp3eab3998_3"}} []
[2026-04-21T08:41:13.300366+00:00] main.DEBUG: cache_invalidate:  {"method":"GET","url":"http:/","invalidateInfo":{"identifier":"DB_PDO_MYSQL_DDL_catalogrule_product_price__temp3eab3998_4"}} []
[2026-04-21T08:41:13.300918+00:00] main.DEBUG: cache_invalidate:  {"method":"GET","url":"http:/","invalidateInfo":{"identifier":"DB_PDO_MYSQL_DDL_catalogrule_product_price__temp3eab3998_5"}} []
[2026-04-21T08:41:13.301458+00:00] main.DEBUG: cache_invalidate:  {"method":"GET","url":"http:/","invalidateInfo":{"identifier":"DB_PDO_MYSQL_DDL_catalogrule_group_website_1"}} []
[2026-04-21T08:41:13.302007+00:00] main.DEBUG: cache_invalidate:  {"method":"GET","url":"http:/","invalidateInfo":{"identifier":"DB_PDO_MYSQL_DDL_catalogrule_group_website_2"}} []
[2026-04-21T08:41:13.302537+00:00] main.DEBUG: cache_invalidate:  {"method":"GET","url":"http:/","invalidateInfo":{"identifier":"DB_PDO_MYSQL_DDL_catalogrule_group_website_3"}} []
[2026-04-21T08:41:13.303085+00:00] main.DEBUG: cache_invalidate:  {"method":"GET","url":"http:/","invalidateInfo":{"identifier":"DB_PDO_MYSQL_DDL_catalogrule_group_website_4"}} []
[2026-04-21T08:41:13.303592+00:00] main.DEBUG: cache_invalidate:  {"method":"GET","url":"http:/","invalidateInfo":{"identifier":"DB_PDO_MYSQL_DDL_catalogrule_group_website_5"}} []
[2026-04-21T08:41:13.304164+00:00] main.DEBUG: cache_invalidate:  {"method":"GET","url":"http:/","invalidateInfo":{"identifier":"DB_PDO_MYSQL_DDL_catalogrule_group_website55179984_1"}} []
[2026-04-21T08:41:13.304701+00:00] main.DEBUG: cache_invalidate:  {"method":"GET","url":"http:/","invalidateInfo":{"identifier":"DB_PDO_MYSQL_DDL_catalogrule_group_website55179984_2"}} []
[2026-04-21T08:41:13.305234+00:00] main.DEBUG: cache_invalidate:  {"method":"GET","url":"http:/","invalidateInfo":{"identifier":"DB_PDO_MYSQL_DDL_catalogrule_group_website55179984_3"}} []
[2026-04-21T08:41:13.305759+00:00] main.DEBUG: cache_invalidate:  {"method":"GET","url":"http:/","invalidateInfo":{"identifier":"DB_PDO_MYSQL_DDL_catalogrule_group_website55179984_4"}} []
[2026-04-21T08:41:13.306287+00:00] main.DEBUG: cache_invalidate:  {"method":"GET","url":"http:/","invalidateInfo":{"identifier":"DB_PDO_MYSQL_DDL_catalogrule_group_website55179984_5"}} []
[2026-04-21T08:41:13.306830+00:00] main.DEBUG: cache_invalidate:  {"method":"GET","url":"http:/","invalidateInfo":{"identifier":"DB_PDO_MYSQL_DDL_catalogrule_group_website__tempe555d2a1_1"}} []
[2026-04-21T08:41:13.307357+00:00] main.DEBUG: cache_invalidate:  {"method":"GET","url":"http:/","invalidateInfo":{"identifier":"DB_PDO_MYSQL_DDL_catalogrule_group_website__tempe555d2a1_2"}} []
[2026-04-21T08:41:13.307892+00:00] main.DEBUG: cache_invalidate:  {"method":"GET","url":"http:/","invalidateInfo":{"identifier":"DB_PDO_MYSQL_DDL_catalogrule_group_website__tempe555d2a1_3"}} []
[2026-04-21T08:41:13.308415+00:00] main.DEBUG: cache_invalidate:  {"method":"GET","url":"http:/","invalidateInfo":{"identifier":"DB_PDO_MYSQL_DDL_catalogrule_group_website__tempe555d2a1_4"}} []
[2026-04-21T08:41:13.308952+00:00] main.DEBUG: cache_invalidate:  {"method":"GET","url":"http:/","invalidateInfo":{"identifier":"DB_PDO_MYSQL_DDL_catalogrule_group_website__tempe555d2a1_5"}} []
[2026-04-21T08:41:13.326300+00:00] main.DEBUG: cache_invalidate:  {"method":"GET","url":"http:/","invalidateInfo":{"identifier":"DB_PDO_MYSQL_DDL_catalogrule_product7f801bd4_1"}} []
[2026-04-21T08:41:13.326874+00:00] main.DEBUG: cache_invalidate:  {"method":"GET","url":"http:/","invalidateInfo":{"identifier":"DB_PDO_MYSQL_DDL_catalogrule_product7f801bd4_2"}} []
[2026-04-21T08:41:13.327412+00:00] main.DEBUG: cache_invalidate:  {"method":"GET","url":"http:/","invalidateInfo":{"identifier":"DB_PDO_MYSQL_DDL_catalogrule_product7f801bd4_3"}} []
[2026-04-21T08:41:13.327947+00:00] main.DEBUG: cache_invalidate:  {"method":"GET","url":"http:/","invalidateInfo":{"identifier":"DB_PDO_MYSQL_DDL_catalogrule_product7f801bd4_4"}} []
[2026-04-21T08:41:13.328471+00:00] main.DEBUG: cache_invalidate:  {"method":"GET","url":"http:/","invalidateInfo":{"identifier":"DB_PDO_MYSQL_DDL_catalogrule_product7f801bd4_5"}} []
[2026-04-21T08:41:13.346434+00:00] main.DEBUG: cache_invalidate:  {"method":"GET","url":"http:/","invalidateInfo":{"identifier":"DB_PDO_MYSQL_DDL_catalogrule_product_pricebe04c35b_1"}} []
[2026-04-21T08:41:13.347049+00:00] main.DEBUG: cache_invalidate:  {"method":"GET","url":"http:/","invalidateInfo":{"identifier":"DB_PDO_MYSQL_DDL_catalogrule_product_pricebe04c35b_2"}} []
[2026-04-21T08:41:13.347600+00:00] main.DEBUG: cache_invalidate:  {"method":"GET","url":"http:/","invalidateInfo":{"identifier":"DB_PDO_MYSQL_DDL_catalogrule_product_pricebe04c35b_3"}} []
[2026-04-21T08:41:13.348164+00:00] main.DEBUG: cache_invalidate:  {"method":"GET","url":"http:/","invalidateInfo":{"identifier":"DB_PDO_MYSQL_DDL_catalogrule_product_pricebe04c35b_4"}} []
[2026-04-21T08:41:13.348710+00:00] main.DEBUG: cache_invalidate:  {"method":"GET","url":"http:/","invalidateInfo":{"identifier":"DB_PDO_MYSQL_DDL_catalogrule_product_pricebe04c35b_5"}} []
[2026-04-21T08:41:13.365731+00:00] main.DEBUG: cache_invalidate:  {"method":"GET","url":"http:/","invalidateInfo":{"identifier":"DB_PDO_MYSQL_DDL_catalogrule_group_website55179984_1"}} []
[2026-04-21T08:41:13.366289+00:00] main.DEBUG: cache_invalidate:  {"method":"GET","url":"http:/","invalidateInfo":{"identifier":"DB_PDO_MYSQL_DDL_catalogrule_group_website55179984_2"}} []
[2026-04-21T08:41:13.366844+00:00] main.DEBUG: cache_invalidate:  {"method":"GET","url":"http:/","invalidateInfo":{"identifier":"DB_PDO_MYSQL_DDL_catalogrule_group_website55179984_3"}} []
[2026-04-21T08:41:13.367382+00:00] main.DEBUG: cache_invalidate:  {"method":"GET","url":"http:/","invalidateInfo":{"identifier":"DB_PDO_MYSQL_DDL_catalogrule_group_website55179984_4"}} []
[2026-04-21T08:41:13.367921+00:00] main.DEBUG: cache_invalidate:  {"method":"GET","url":"http:/","invalidateInfo":{"identifier":"DB_PDO_MYSQL_DDL_catalogrule_group_website55179984_5"}} []
[2026-04-21T08:41:13.447644+00:00] main.DEBUG: cache_invalidate:  {"method":"GET","url":"http:/","invalidateInfo":{"tags":["cat_c","FPC"],"mode":"matchingTag"}} []
[2026-04-21T08:41:13.448239+00:00] main.DEBUG: cache_invalidate:  {"method":"GET","url":"http:/","invalidateInfo":{"tags":["cat_p","FPC"],"mode":"matchingTag"}} []
[2026-04-21T08:41:13.448758+00:00] main.DEBUG: cache_invalidate:  {"method":"GET","url":"http:/","invalidateInfo":{"tags":["BLOCK_HTML","FPC"],"mode":"matchingTag"}} []
[2026-04-21T08:41:13.449718+00:00] main.DEBUG: cache_invalidate:  {"method":"GET","url":"http:/","invalidateInfo":{"tags":["cat_c","cat_p","BLOCK_HTML"],"mode":"matchingAnyTag"}} []
[2026-04-21T08:41:13.680645+00:00] main.DEBUG: cache_invalidate:  {"method":"GET","url":"http:/","invalidateInfo":{"identifier":"DB_PDO_MYSQL_DDL_catalog_product_index_eav_1"}} []
[2026-04-21T08:41:13.681460+00:00] main.DEBUG: cache_invalidate:  {"method":"GET","url":"http:/","invalidateInfo":{"identifier":"DB_PDO_MYSQL_DDL_catalog_product_index_eav_2"}} []
[2026-04-21T08:41:13.682176+00:00] main.DEBUG: cache_invalidate:  {"method":"GET","url":"http:/","invalidateInfo":{"identifier":"DB_PDO_MYSQL_DDL_catalog_product_index_eav_3"}} []
[2026-04-21T08:41:13.682828+00:00] main.DEBUG: cache_invalidate:  {"method":"GET","url":"http:/","invalidateInfo":{"identifier":"DB_PDO_MYSQL_DDL_catalog_product_index_eav_4"}} []
[2026-04-21T08:41:13.683460+00:00] main.DEBUG: cache_invalidate:  {"method":"GET","url":"http:/","invalidateInfo":{"identifier":"DB_PDO_MYSQL_DDL_catalog_product_index_eav_5"}} []
[2026-04-21T08:41:13.684124+00:00] main.DEBUG: cache_invalidate:  {"method":"GET","url":"http:/","invalidateInfo":{"identifier":"DB_PDO_MYSQL_DDL_catalog_product_index_eav_outdated_1"}} []
[2026-04-21T08:41:13.684770+00:00] main.DEBUG: cache_invalidate:  {"method":"GET","url":"http:/","invalidateInfo":{"identifier":"DB_PDO_MYSQL_DDL_catalog_product_index_eav_outdated_2"}} []
[2026-04-21T08:41:13.685297+00:00] main.DEBUG: cache_invalidate:  {"method":"GET","url":"http:/","invalidateInfo":{"identifier":"DB_PDO_MYSQL_DDL_catalog_product_index_eav_outdated_3"}} []
[2026-04-21T08:41:13.685994+00:00] main.DEBUG: cache_invalidate:  {"method":"GET","url":"http:/","invalidateInfo":{"identifier":"DB_PDO_MYSQL_DDL_catalog_product_index_eav_outdated_4"}} []
[2026-04-21T08:41:13.686660+00:00] main.DEBUG: cache_invalidate:  {"method":"GET","url":"http:/","invalidateInfo":{"identifier":"DB_PDO_MYSQL_DDL_catalog_product_index_eav_outdated_5"}} []
[2026-04-21T08:41:13.687366+00:00] main.DEBUG: cache_invalidate:  {"method":"GET","url":"http:/","invalidateInfo":{"identifier":"DB_PDO_MYSQL_DDL_catalog_product_index_eav_replica_1"}} []
[2026-04-21T08:41:13.687939+00:00] main.DEBUG: cache_invalidate:  {"method":"GET","url":"http:/","invalidateInfo":{"identifier":"DB_PDO_MYSQL_DDL_catalog_product_index_eav_replica_2"}} []
[2026-04-21T08:41:13.688443+00:00] main.DEBUG: cache_invalidate:  {"method":"GET","url":"http:/","invalidateInfo":{"identifier":"DB_PDO_MYSQL_DDL_catalog_product_index_eav_replica_3"}} []
[2026-04-21T08:41:13.688995+00:00] main.DEBUG: cache_invalidate:  {"method":"GET","url":"http:/","invalidateInfo":{"identifier":"DB_PDO_MYSQL_DDL_catalog_product_index_eav_replica_4"}} []
[2026-04-21T08:41:13.689639+00:00] main.DEBUG: cache_invalidate:  {"method":"GET","url":"http:/","invalidateInfo":{"identifier":"DB_PDO_MYSQL_DDL_catalog_product_index_eav_replica_5"}} []
[2026-04-21T08:41:13.791427+00:00] main.DEBUG: cache_invalidate:  {"method":"GET","url":"http:/","invalidateInfo":{"identifier":"DB_PDO_MYSQL_DDL_catalog_product_index_eav_decimal_1"}} []
[2026-04-21T08:41:13.792114+00:00] main.DEBUG: cache_invalidate:  {"method":"GET","url":"http:/","invalidateInfo":{"identifier":"DB_PDO_MYSQL_DDL_catalog_product_index_eav_decimal_2"}} []
[2026-04-21T08:41:13.792646+00:00] main.DEBUG: cache_invalidate:  {"method":"GET","url":"http:/","invalidateInfo":{"identifier":"DB_PDO_MYSQL_DDL_catalog_product_index_eav_decimal_3"}} []
[2026-04-21T08:41:13.793154+00:00] main.DEBUG: cache_invalidate:  {"method":"GET","url":"http:/","invalidateInfo":{"identifier":"DB_PDO_MYSQL_DDL_catalog_product_index_eav_decimal_4"}} []
[2026-04-21T08:41:13.793671+00:00] main.DEBUG: cache_invalidate:  {"method":"GET","url":"http:/","invalidateInfo":{"identifier":"DB_PDO_MYSQL_DDL_catalog_product_index_eav_decimal_5"}} []
[2026-04-21T08:41:13.794195+00:00] main.DEBUG: cache_invalidate:  {"method":"GET","url":"http:/","invalidateInfo":{"identifier":"DB_PDO_MYSQL_DDL_catalog_product_index_eav_decimal_outdated_1"}} []
[2026-04-21T08:41:13.794724+00:00] main.DEBUG: cache_invalidate:  {"method":"GET","url":"http:/","invalidateInfo":{"identifier":"DB_PDO_MYSQL_DDL_catalog_product_index_eav_decimal_outdated_2"}} []
[2026-04-21T08:41:13.795210+00:00] main.DEBUG: cache_invalidate:  {"method":"GET","url":"http:/","invalidateInfo":{"identifier":"DB_PDO_MYSQL_DDL_catalog_product_index_eav_decimal_outdated_3"}} []
[2026-04-21T08:41:13.795681+00:00] main.DEBUG: cache_invalidate:  {"method":"GET","url":"http:/","invalidateInfo":{"identifier":"DB_PDO_MYSQL_DDL_catalog_product_index_eav_decimal_outdated_4"}} []
[2026-04-21T08:41:13.796151+00:00] main.DEBUG: cache_invalidate:  {"method":"GET","url":"http:/","invalidateInfo":{"identifier":"DB_PDO_MYSQL_DDL_catalog_product_index_eav_decimal_outdated_5"}} []
[2026-04-21T08:41:13.796677+00:00] main.DEBUG: cache_invalidate:  {"method":"GET","url":"http:/","invalidateInfo":{"identifier":"DB_PDO_MYSQL_DDL_catalog_product_index_eav_decimal_replica_1"}} []
[2026-04-21T08:41:13.797149+00:00] main.DEBUG: cache_invalidate:  {"method":"GET","url":"http:/","invalidateInfo":{"identifier":"DB_PDO_MYSQL_DDL_catalog_product_index_eav_decimal_replica_2"}} []
[2026-04-21T08:41:13.797607+00:00] main.DEBUG: cache_invalidate:  {"method":"GET","url":"http:/","invalidateInfo":{"identifier":"DB_PDO_MYSQL_DDL_catalog_product_index_eav_decimal_replica_3"}} []
[2026-04-21T08:41:13.798133+00:00] main.DEBUG: cache_invalidate:  {"method":"GET","url":"http:/","invalidateInfo":{"identifier":"DB_PDO_MYSQL_DDL_catalog_product_index_eav_decimal_replica_4"}} []
[2026-04-21T08:41:13.798608+00:00] main.DEBUG: cache_invalidate:  {"method":"GET","url":"http:/","invalidateInfo":{"identifier":"DB_PDO_MYSQL_DDL_catalog_product_index_eav_decimal_replica_5"}} []
[2026-04-21T08:41:13.799390+00:00] main.DEBUG: cache_invalidate:  {"method":"GET","url":"http:/","invalidateInfo":{"tags":["cat_c","FPC"],"mode":"matchingTag"}} []
[2026-04-21T08:41:13.799806+00:00] main.DEBUG: cache_invalidate:  {"method":"GET","url":"http:/","invalidateInfo":{"tags":["cat_p","FPC"],"mode":"matchingTag"}} []
[2026-04-21T08:41:13.800337+00:00] main.DEBUG: cache_invalidate:  {"method":"GET","url":"http:/","invalidateInfo":{"tags":["cat_c","cat_p"],"mode":"matchingAnyTag"}} []
[2026-04-21T08:41:14.202279+00:00] main.DEBUG: cache_invalidate:  {"method":"GET","url":"http:/","invalidateInfo":{"identifier":"DB_PDO_MYSQL_DDL_catalog_product_index_price_temp_1"}} []
[2026-04-21T08:41:14.203225+00:00] main.DEBUG: cache_invalidate:  {"method":"GET","url":"http:/","invalidateInfo":{"identifier":"DB_PDO_MYSQL_DDL_catalog_product_index_price_temp_2"}} []
[2026-04-21T08:41:14.204224+00:00] main.DEBUG: cache_invalidate:  {"method":"GET","url":"http:/","invalidateInfo":{"identifier":"DB_PDO_MYSQL_DDL_catalog_product_index_price_temp_3"}} []
[2026-04-21T08:41:14.205105+00:00] main.DEBUG: cache_invalidate:  {"method":"GET","url":"http:/","invalidateInfo":{"identifier":"DB_PDO_MYSQL_DDL_catalog_product_index_price_temp_4"}} []
[2026-04-21T08:41:14.205800+00:00] main.DEBUG: cache_invalidate:  {"method":"GET","url":"http:/","invalidateInfo":{"identifier":"DB_PDO_MYSQL_DDL_catalog_product_index_price_temp_5"}} []
[2026-04-21T08:41:14.290367+00:00] main.DEBUG: cache_invalidate:  {"method":"GET","url":"http:/","invalidateInfo":{"identifier":"DB_PDO_MYSQL_DDL_catalog_product_index_price_1"}} []
[2026-04-21T08:41:14.291089+00:00] main.DEBUG: cache_invalidate:  {"method":"GET","url":"http:/","invalidateInfo":{"identifier":"DB_PDO_MYSQL_DDL_catalog_product_index_price_2"}} []
[2026-04-21T08:41:14.291662+00:00] main.DEBUG: cache_invalidate:  {"method":"GET","url":"http:/","invalidateInfo":{"identifier":"DB_PDO_MYSQL_DDL_catalog_product_index_price_3"}} []
[2026-04-21T08:41:14.292205+00:00] main.DEBUG: cache_invalidate:  {"method":"GET","url":"http:/","invalidateInfo":{"identifier":"DB_PDO_MYSQL_DDL_catalog_product_index_price_4"}} []
[2026-04-21T08:41:14.292735+00:00] main.DEBUG: cache_invalidate:  {"method":"GET","url":"http:/","invalidateInfo":{"identifier":"DB_PDO_MYSQL_DDL_catalog_product_index_price_5"}} []
[2026-04-21T08:41:14.293274+00:00] main.DEBUG: cache_invalidate:  {"method":"GET","url":"http:/","invalidateInfo":{"identifier":"DB_PDO_MYSQL_DDL_catalog_product_index_price_outdated_1"}} []
[2026-04-21T08:41:14.293817+00:00] main.DEBUG: cache_invalidate:  {"method":"GET","url":"http:/","invalidateInfo":{"identifier":"DB_PDO_MYSQL_DDL_catalog_product_index_price_outdated_2"}} []
[2026-04-21T08:41:14.294335+00:00] main.DEBUG: cache_invalidate:  {"method":"GET","url":"http:/","invalidateInfo":{"identifier":"DB_PDO_MYSQL_DDL_catalog_product_index_price_outdated_3"}} []
[2026-04-21T08:41:14.294868+00:00] main.DEBUG: cache_invalidate:  {"method":"GET","url":"http:/","invalidateInfo":{"identifier":"DB_PDO_MYSQL_DDL_catalog_product_index_price_outdated_4"}} []
[2026-04-21T08:41:14.295390+00:00] main.DEBUG: cache_invalidate:  {"method":"GET","url":"http:/","invalidateInfo":{"identifier":"DB_PDO_MYSQL_DDL_catalog_product_index_price_outdated_5"}} []
[2026-04-21T08:41:14.295987+00:00] main.DEBUG: cache_invalidate:  {"method":"GET","url":"http:/","invalidateInfo":{"identifier":"DB_PDO_MYSQL_DDL_catalog_product_index_price_replica_1"}} []
[2026-04-21T08:41:14.296499+00:00] main.DEBUG: cache_invalidate:  {"method":"GET","url":"http:/","invalidateInfo":{"identifier":"DB_PDO_MYSQL_DDL_catalog_product_index_price_replica_2"}} []
[2026-04-21T08:41:14.297093+00:00] main.DEBUG: cache_invalidate:  {"method":"GET","url":"http:/","invalidateInfo":{"identifier":"DB_PDO_MYSQL_DDL_catalog_product_index_price_replica_3"}} []
[2026-04-21T08:41:14.297804+00:00] main.DEBUG: cache_invalidate:  {"method":"GET","url":"http:/","invalidateInfo":{"identifier":"DB_PDO_MYSQL_DDL_catalog_product_index_price_replica_4"}} []
[2026-04-21T08:41:14.298382+00:00] main.DEBUG: cache_invalidate:  {"method":"GET","url":"http:/","invalidateInfo":{"identifier":"DB_PDO_MYSQL_DDL_catalog_product_index_price_replica_5"}} []
[2026-04-21T08:41:14.299192+00:00] main.DEBUG: cache_invalidate:  {"method":"GET","url":"http:/","invalidateInfo":{"tags":["cat_c","FPC"],"mode":"matchingTag"}} []
[2026-04-21T08:41:14.299647+00:00] main.DEBUG: cache_invalidate:  {"method":"GET","url":"http:/","invalidateInfo":{"tags":["cat_p","FPC"],"mode":"matchingTag"}} []
[2026-04-21T08:41:14.300253+00:00] main.DEBUG: cache_invalidate:  {"method":"GET","url":"http:/","invalidateInfo":{"tags":["cat_c","cat_p"],"mode":"matchingAnyTag"}} []
[2026-04-21T08:41:17.576036+00:00] main.DEBUG: cache_invalidate:  {"method":"GET","url":"http:/","invalidateInfo":{"tags":["cat_c_2","FPC"],"mode":"matchingTag"}} []
[2026-04-21T08:41:17.576883+00:00] main.DEBUG: cache_invalidate:  {"method":"GET","url":"http:/","invalidateInfo":{"tags":["cat_c_43","FPC"],"mode":"matchingTag"}} []
[2026-04-21T08:41:17.578406+00:00] main.DEBUG: cache_invalidate:  {"method":"GET","url":"http:/","invalidateInfo":{"tags":["cat_c_44","FPC"],"mode":"matchingTag"}} []
[2026-04-21T08:41:17.579914+00:00] main.DEBUG: cache_invalidate:  {"method":"GET","url":"http:/","invalidateInfo":{"tags":["cat_c_45","FPC"],"mode":"matchingTag"}} []
[2026-04-21T08:41:17.581152+00:00] main.DEBUG: cache_invalidate:  {"method":"GET","url":"http:/","invalidateInfo":{"tags":["cat_c_46","FPC"],"mode":"matchingTag"}} []
[2026-04-21T08:41:17.582884+00:00] main.DEBUG: cache_invalidate:  {"method":"GET","url":"http:/","invalidateInfo":{"tags":["cat_c_47","FPC"],"mode":"matchingTag"}} []
[2026-04-21T08:41:17.583730+00:00] main.DEBUG: cache_invalidate:  {"method":"GET","url":"http:/","invalidateInfo":{"tags":["cat_c_48","FPC"],"mode":"matchingTag"}} []
[2026-04-21T08:41:17.585207+00:00] main.DEBUG: cache_invalidate:  {"method":"GET","url":"http:/","invalidateInfo":{"tags":["cat_c_49","FPC"],"mode":"matchingTag"}} []
[2026-04-21T08:41:17.587233+00:00] main.DEBUG: cache_invalidate:  {"method":"GET","url":"http:/","invalidateInfo":{"tags":["cat_c_50","FPC"],"mode":"matchingTag"}} []
[2026-04-21T08:41:17.590324+00:00] main.DEBUG: cache_invalidate:  {"method":"GET","url":"http:/","invalidateInfo":{"tags":["cat_c_51","FPC"],"mode":"matchingTag"}} []
[2026-04-21T08:41:17.591096+00:00] main.DEBUG: cache_invalidate:  {"method":"GET","url":"http:/","invalidateInfo":{"tags":["cat_c_52","FPC"],"mode":"matchingTag"}} []
[2026-04-21T08:41:17.591642+00:00] main.DEBUG: cache_invalidate:  {"method":"GET","url":"http:/","invalidateInfo":{"tags":["cat_c_53","FPC"],"mode":"matchingTag"}} []
[2026-04-21T08:41:17.592136+00:00] main.DEBUG: cache_invalidate:  {"method":"GET","url":"http:/","invalidateInfo":{"tags":["cat_c_54","FPC"],"mode":"matchingTag"}} []
[2026-04-21T08:41:17.592580+00:00] main.DEBUG: cache_invalidate:  {"method":"GET","url":"http:/","invalidateInfo":{"tags":["cat_c_55","FPC"],"mode":"matchingTag"}} []
[2026-04-21T08:41:17.593061+00:00] main.DEBUG: cache_invalidate:  {"method":"GET","url":"http:/","invalidateInfo":{"tags":["cat_c_56","FPC"],"mode":"matchingTag"}} []
[2026-04-21T08:41:17.593511+00:00] main.DEBUG: cache_invalidate:  {"method":"GET","url":"http:/","invalidateInfo":{"tags":["cat_c_57","FPC"],"mode":"matchingTag"}} []
[2026-04-21T08:41:17.593977+00:00] main.DEBUG: cache_invalidate:  {"method":"GET","url":"http:/","invalidateInfo":{"tags":["cat_c_58","FPC"],"mode":"matchingTag"}} []
[2026-04-21T08:41:17.594387+00:00] main.DEBUG: cache_invalidate:  {"method":"GET","url":"http:/","invalidateInfo":{"tags":["cat_c_59","FPC"],"mode":"matchingTag"}} []
[2026-04-21T08:41:17.594968+00:00] main.DEBUG: cache_invalidate:  {"method":"GET","url":"http:/","invalidateInfo":{"tags":["cat_c_60","FPC"],"mode":"matchingTag"}} []
[2026-04-21T08:41:17.595454+00:00] main.DEBUG: cache_invalidate:  {"method":"GET","url":"http:/","invalidateInfo":{"tags":["cat_c_61","FPC"],"mode":"matchingTag"}} []
[2026-04-21T08:41:17.596048+00:00] main.DEBUG: cache_invalidate:  {"method":"GET","url":"http:/","invalidateInfo":{"tags":["cat_c_62","FPC"],"mode":"matchingTag"}} []
[2026-04-21T08:41:17.597025+00:00] main.DEBUG: cache_invalidate:  {"method":"GET","url":"http:/","invalidateInfo":{"tags":["cat_c_63","FPC"],"mode":"matchingTag"}} []
[2026-04-21T08:41:17.597744+00:00] main.DEBUG: cache_invalidate:  {"method":"GET","url":"http:/","invalidateInfo":{"tags":["cat_c_64","FPC"],"mode":"matchingTag"}} []
[2026-04-21T08:41:17.605145+00:00] main.DEBUG: cache_invalidate:  {"method":"GET","url":"http:/","invalidateInfo":{"tags":["cat_c_2","cat_c_43","cat_c_44","cat_c_45","cat_c_46","cat_c_47","cat_c_48","cat_c_49","cat_c_50","cat_c_51","cat_c_52","cat_c_53","cat_c_54","cat_c_55","cat_c_56","cat_c_57","cat_c_58","cat_c_59","cat_c_60","cat_c_61","cat_c_62","cat_c_63","cat_c_64"],"mode":"matchingAnyTag"}} []
[2026-04-21T08:41:17.737194+00:00] main.INFO: {"feed":"salesOrders","operation":"full reindex(legacy)","status":"Initialize","elapsed":"00:00:00 261 ms","pid":"378","caller":"bin\/magento indexer:reindex"} [] []
[2026-04-21T08:41:17.797320+00:00] main.DEBUG: cache_invalidate:  {"method":"GET","url":"http:/","invalidateInfo":{"identifier":"DB_PDO_MYSQL_DDL_sales_data_exporter_orders_index_sequence_1"}} []
[2026-04-21T08:41:17.798283+00:00] main.DEBUG: cache_invalidate:  {"method":"GET","url":"http:/","invalidateInfo":{"identifier":"DB_PDO_MYSQL_DDL_sales_data_exporter_orders_index_sequence_2"}} []
[2026-04-21T08:41:17.799028+00:00] main.DEBUG: cache_invalidate:  {"method":"GET","url":"http:/","invalidateInfo":{"identifier":"DB_PDO_MYSQL_DDL_sales_data_exporter_orders_index_sequence_3"}} []
[2026-04-21T08:41:17.799819+00:00] main.DEBUG: cache_invalidate:  {"method":"GET","url":"http:/","invalidateInfo":{"identifier":"DB_PDO_MYSQL_DDL_sales_data_exporter_orders_index_sequence_4"}} []
[2026-04-21T08:41:17.800692+00:00] main.DEBUG: cache_invalidate:  {"method":"GET","url":"http:/","invalidateInfo":{"identifier":"DB_PDO_MYSQL_DDL_sales_data_exporter_orders_index_sequence_5"}} []
[2026-04-21T08:41:17.834072+00:00] main.DEBUG: cache_invalidate:  {"method":"GET","url":"http:/","invalidateInfo":{"identifier":"DB_PDO_MYSQL_DDL_sales_data_exporter_orders_index_sequence_1"}} []
[2026-04-21T08:41:17.835118+00:00] main.DEBUG: cache_invalidate:  {"method":"GET","url":"http:/","invalidateInfo":{"identifier":"DB_PDO_MYSQL_DDL_sales_data_exporter_orders_index_sequence_2"}} []
[2026-04-21T08:41:17.836124+00:00] main.DEBUG: cache_invalidate:  {"method":"GET","url":"http:/","invalidateInfo":{"identifier":"DB_PDO_MYSQL_DDL_sales_data_exporter_orders_index_sequence_3"}} []
[2026-04-21T08:41:17.836957+00:00] main.DEBUG: cache_invalidate:  {"method":"GET","url":"http:/","invalidateInfo":{"identifier":"DB_PDO_MYSQL_DDL_sales_data_exporter_orders_index_sequence_4"}} []
[2026-04-21T08:41:17.837580+00:00] main.DEBUG: cache_invalidate:  {"method":"GET","url":"http:/","invalidateInfo":{"identifier":"DB_PDO_MYSQL_DDL_sales_data_exporter_orders_index_sequence_5"}} []
[2026-04-21T08:41:17.849481+00:00] main.INFO: {"feed":"salesOrders","operation":"full reindex(legacy)","status":"Creating batch table `sales_data_exporter_orders_index_batches`. Start position: 0","elapsed":"00:00:00 373 ms","pid":"378","caller":"bin\/magento indexer:reindex"} [] []
[2026-04-21T08:41:17.869846+00:00] main.DEBUG: cache_invalidate:  {"method":"GET","url":"http:/","invalidateInfo":{"identifier":"DB_PDO_MYSQL_DDL_sales_data_exporter_orders_index_batches_1"}} []
[2026-04-21T08:41:17.871230+00:00] main.DEBUG: cache_invalidate:  {"method":"GET","url":"http:/","invalidateInfo":{"identifier":"DB_PDO_MYSQL_DDL_sales_data_exporter_orders_index_batches_2"}} []
[2026-04-21T08:41:17.872354+00:00] main.DEBUG: cache_invalidate:  {"method":"GET","url":"http:/","invalidateInfo":{"identifier":"DB_PDO_MYSQL_DDL_sales_data_exporter_orders_index_batches_3"}} []
[2026-04-21T08:41:17.873205+00:00] main.DEBUG: cache_invalidate:  {"method":"GET","url":"http:/","invalidateInfo":{"identifier":"DB_PDO_MYSQL_DDL_sales_data_exporter_orders_index_batches_4"}} []
[2026-04-21T08:41:17.874039+00:00] main.DEBUG: cache_invalidate:  {"method":"GET","url":"http:/","invalidateInfo":{"identifier":"DB_PDO_MYSQL_DDL_sales_data_exporter_orders_index_batches_5"}} []
[2026-04-21T08:41:17.906876+00:00] main.DEBUG: cache_invalidate:  {"method":"GET","url":"http:/","invalidateInfo":{"identifier":"DB_PDO_MYSQL_DDL_sales_data_exporter_orders_index_batches_1"}} []
[2026-04-21T08:41:17.907846+00:00] main.DEBUG: cache_invalidate:  {"method":"GET","url":"http:/","invalidateInfo":{"identifier":"DB_PDO_MYSQL_DDL_sales_data_exporter_orders_index_batches_2"}} []
[2026-04-21T08:41:17.908799+00:00] main.DEBUG: cache_invalidate:  {"method":"GET","url":"http:/","invalidateInfo":{"identifier":"DB_PDO_MYSQL_DDL_sales_data_exporter_orders_index_batches_3"}} []
[2026-04-21T08:41:17.909758+00:00] main.DEBUG: cache_invalidate:  {"method":"GET","url":"http:/","invalidateInfo":{"identifier":"DB_PDO_MYSQL_DDL_sales_data_exporter_orders_index_batches_4"}} []
[2026-04-21T08:41:17.910457+00:00] main.DEBUG: cache_invalidate:  {"method":"GET","url":"http:/","invalidateInfo":{"identifier":"DB_PDO_MYSQL_DDL_sales_data_exporter_orders_index_batches_5"}} []
[2026-04-21T08:41:17.919986+00:00] main.INFO: {"feed":"salesOrders","operation":"full reindex(legacy)","status":"Batch table `sales_data_exporter_orders_index_batches` created. Total Items: 0, batches: ~0","elapsed":"00:00:00 444 ms","pid":"378","caller":"bin\/magento indexer:reindex"} [] []
[2026-04-21T08:41:17.920665+00:00] main.INFO: {"feed":"salesOrders","operation":"full reindex(legacy)","status":"nothing to process - no items to sync. Not expected? Are there any items in source table `sales_order`?","elapsed":"00:00:00 444 ms","pid":"378","caller":"bin\/magento indexer:reindex"} [] []
[2026-04-21T08:41:17.925682+00:00] main.INFO: {"feed":"salesOrders","operation":"full reindex(legacy)","status":"Complete","elapsed":"00:00:00 449 ms","pid":"378","caller":"bin\/magento indexer:reindex"} [] []
[2026-04-21T08:41:17.966914+00:00] main.INFO: {"feed":"salesOrderStatuses","operation":"full reindex(legacy)","status":"Initialize","elapsed":"00:00:00 720 ms","pid":"378","caller":"bin\/magento indexer:reindex"} [] []
[2026-04-21T08:41:18.012791+00:00] main.DEBUG: cache_invalidate:  {"method":"GET","url":"http:/","invalidateInfo":{"identifier":"DB_PDO_MYSQL_DDL_sales_data_exporter_order_statuses_index_sequence_1"}} []
[2026-04-21T08:41:18.013593+00:00] main.DEBUG: cache_invalidate:  {"method":"GET","url":"http:/","invalidateInfo":{"identifier":"DB_PDO_MYSQL_DDL_sales_data_exporter_order_statuses_index_sequence_2"}} []
[2026-04-21T08:41:18.014255+00:00] main.DEBUG: cache_invalidate:  {"method":"GET","url":"http:/","invalidateInfo":{"identifier":"DB_PDO_MYSQL_DDL_sales_data_exporter_order_statuses_index_sequence_3"}} []
[2026-04-21T08:41:18.014919+00:00] main.DEBUG: cache_invalidate:  {"method":"GET","url":"http:/","invalidateInfo":{"identifier":"DB_PDO_MYSQL_DDL_sales_data_exporter_order_statuses_index_sequence_4"}} []
[2026-04-21T08:41:18.015555+00:00] main.DEBUG: cache_invalidate:  {"method":"GET","url":"http:/","invalidateInfo":{"identifier":"DB_PDO_MYSQL_DDL_sales_data_exporter_order_statuses_index_sequence_5"}} []
[2026-04-21T08:41:18.042379+00:00] main.DEBUG: cache_invalidate:  {"method":"GET","url":"http:/","invalidateInfo":{"identifier":"DB_PDO_MYSQL_DDL_sales_data_exporter_order_statuses_index_sequence_1"}} []
[2026-04-21T08:41:18.043070+00:00] main.DEBUG: cache_invalidate:  {"method":"GET","url":"http:/","invalidateInfo":{"identifier":"DB_PDO_MYSQL_DDL_sales_data_exporter_order_statuses_index_sequence_2"}} []
[2026-04-21T08:41:18.043704+00:00] main.DEBUG: cache_invalidate:  {"method":"GET","url":"http:/","invalidateInfo":{"identifier":"DB_PDO_MYSQL_DDL_sales_data_exporter_order_statuses_index_sequence_3"}} []
[2026-04-21T08:41:18.044420+00:00] main.DEBUG: cache_invalidate:  {"method":"GET","url":"http:/","invalidateInfo":{"identifier":"DB_PDO_MYSQL_DDL_sales_data_exporter_order_statuses_index_sequence_4"}} []
[2026-04-21T08:41:18.044962+00:00] main.DEBUG: cache_invalidate:  {"method":"GET","url":"http:/","invalidateInfo":{"identifier":"DB_PDO_MYSQL_DDL_sales_data_exporter_order_statuses_index_sequence_5"}} []
[2026-04-21T08:41:18.048836+00:00] main.INFO: {"feed":"salesOrderStatuses","operation":"full reindex(legacy)","status":"Creating batch table `sales_data_exporter_order_statuses_index_batches`. Start position: ","elapsed":"00:00:00 802 ms","pid":"378","caller":"bin\/magento indexer:reindex"} [] []
[2026-04-21T08:41:18.065763+00:00] main.DEBUG: cache_invalidate:  {"method":"GET","url":"http:/","invalidateInfo":{"identifier":"DB_PDO_MYSQL_DDL_sales_data_exporter_order_statuses_index_batches_1"}} []
[2026-04-21T08:41:18.066345+00:00] main.DEBUG: cache_invalidate:  {"method":"GET","url":"http:/","invalidateInfo":{"identifier":"DB_PDO_MYSQL_DDL_sales_data_exporter_order_statuses_index_batches_2"}} []
[2026-04-21T08:41:18.066860+00:00] main.DEBUG: cache_invalidate:  {"method":"GET","url":"http:/","invalidateInfo":{"identifier":"DB_PDO_MYSQL_DDL_sales_data_exporter_order_statuses_index_batches_3"}} []
[2026-04-21T08:41:18.067350+00:00] main.DEBUG: cache_invalidate:  {"method":"GET","url":"http:/","invalidateInfo":{"identifier":"DB_PDO_MYSQL_DDL_sales_data_exporter_order_statuses_index_batches_4"}} []
[2026-04-21T08:41:18.067821+00:00] main.DEBUG: cache_invalidate:  {"method":"GET","url":"http:/","invalidateInfo":{"identifier":"DB_PDO_MYSQL_DDL_sales_data_exporter_order_statuses_index_batches_5"}} []
[2026-04-21T08:41:18.099121+00:00] main.DEBUG: cache_invalidate:  {"method":"GET","url":"http:/","invalidateInfo":{"identifier":"DB_PDO_MYSQL_DDL_sales_data_exporter_order_statuses_index_batches_1"}} []
[2026-04-21T08:41:18.099729+00:00] main.DEBUG: cache_invalidate:  {"method":"GET","url":"http:/","invalidateInfo":{"identifier":"DB_PDO_MYSQL_DDL_sales_data_exporter_order_statuses_index_batches_2"}} []
[2026-04-21T08:41:18.100241+00:00] main.DEBUG: cache_invalidate:  {"method":"GET","url":"http:/","invalidateInfo":{"identifier":"DB_PDO_MYSQL_DDL_sales_data_exporter_order_statuses_index_batches_3"}} []
[2026-04-21T08:41:18.100715+00:00] main.DEBUG: cache_invalidate:  {"method":"GET","url":"http:/","invalidateInfo":{"identifier":"DB_PDO_MYSQL_DDL_sales_data_exporter_order_statuses_index_batches_4"}} []
[2026-04-21T08:41:18.101187+00:00] main.DEBUG: cache_invalidate:  {"method":"GET","url":"http:/","invalidateInfo":{"identifier":"DB_PDO_MYSQL_DDL_sales_data_exporter_order_statuses_index_batches_5"}} []
[2026-04-21T08:41:18.112239+00:00] main.INFO: {"feed":"salesOrderStatuses","operation":"full reindex(legacy)","status":"Batch table `sales_data_exporter_order_statuses_index_batches` created. Total Items: 12, batches: ~0","elapsed":"00:00:01 866 ms","pid":"378","caller":"bin\/magento indexer:reindex"} [] []
[2026-04-21T08:41:18.112743+00:00] main.INFO: {"feed":"salesOrderStatuses","operation":"full reindex(legacy)","status":"start processing `12` items in `1` threads with `100` batch size","elapsed":"00:00:01 866 ms","pid":"378","caller":"bin\/magento indexer:reindex"} [] []
[2026-04-21T08:41:18.157930+00:00] main.INFO: {"feed":"salesOrderStatuses","operation":"full reindex(legacy)","status":"Progress 1\/1, processed 12, synced 12","elapsed":"00:00:01 911 ms","pid":"378","caller":"bin\/magento indexer:reindex"} [] []
[2026-04-21T08:41:18.163543+00:00] main.INFO: {"feed":"salesOrderStatuses","operation":"full reindex(legacy)","status":"Complete","elapsed":"00:00:01 917 ms","pid":"378","caller":"bin\/magento indexer:reindex"} [] []
[2026-04-21T08:41:18.192013+00:00] main.INFO: {"feed":"stores","operation":"full reindex(legacy)","status":"Initialize","elapsed":"171 ms","pid":"378","caller":"bin\/magento indexer:reindex"} [] []
[2026-04-21T08:41:18.233873+00:00] main.DEBUG: cache_invalidate:  {"method":"GET","url":"http:/","invalidateInfo":{"identifier":"DB_PDO_MYSQL_DDL_stores_data_exporter_index_sequence_1"}} []
[2026-04-21T08:41:18.234454+00:00] main.DEBUG: cache_invalidate:  {"method":"GET","url":"http:/","invalidateInfo":{"identifier":"DB_PDO_MYSQL_DDL_stores_data_exporter_index_sequence_2"}} []
[2026-04-21T08:41:18.235046+00:00] main.DEBUG: cache_invalidate:  {"method":"GET","url":"http:/","invalidateInfo":{"identifier":"DB_PDO_MYSQL_DDL_stores_data_exporter_index_sequence_3"}} []
[2026-04-21T08:41:18.235811+00:00] main.DEBUG: cache_invalidate:  {"method":"GET","url":"http:/","invalidateInfo":{"identifier":"DB_PDO_MYSQL_DDL_stores_data_exporter_index_sequence_4"}} []
[2026-04-21T08:41:18.236552+00:00] main.DEBUG: cache_invalidate:  {"method":"GET","url":"http:/","invalidateInfo":{"identifier":"DB_PDO_MYSQL_DDL_stores_data_exporter_index_sequence_5"}} []
[2026-04-21T08:41:18.269076+00:00] main.DEBUG: cache_invalidate:  {"method":"GET","url":"http:/","invalidateInfo":{"identifier":"DB_PDO_MYSQL_DDL_stores_data_exporter_index_sequence_1"}} []
[2026-04-21T08:41:18.269812+00:00] main.DEBUG: cache_invalidate:  {"method":"GET","url":"http:/","invalidateInfo":{"identifier":"DB_PDO_MYSQL_DDL_stores_data_exporter_index_sequence_2"}} []
[2026-04-21T08:41:18.270396+00:00] main.DEBUG: cache_invalidate:  {"method":"GET","url":"http:/","invalidateInfo":{"identifier":"DB_PDO_MYSQL_DDL_stores_data_exporter_index_sequence_3"}} []
[2026-04-21T08:41:18.271039+00:00] main.DEBUG: cache_invalidate:  {"method":"GET","url":"http:/","invalidateInfo":{"identifier":"DB_PDO_MYSQL_DDL_stores_data_exporter_index_sequence_4"}} []
[2026-04-21T08:41:18.271594+00:00] main.DEBUG: cache_invalidate:  {"method":"GET","url":"http:/","invalidateInfo":{"identifier":"DB_PDO_MYSQL_DDL_stores_data_exporter_index_sequence_5"}} []
[2026-04-21T08:41:18.276355+00:00] main.INFO: {"feed":"stores","operation":"full reindex(legacy)","status":"Creating batch table `stores_data_exporter_index_batches`. Start position: 0","elapsed":"255 ms","pid":"378","caller":"bin\/magento indexer:reindex"} [] []
[2026-04-21T08:41:18.294199+00:00] main.DEBUG: cache_invalidate:  {"method":"GET","url":"http:/","invalidateInfo":{"identifier":"DB_PDO_MYSQL_DDL_stores_data_exporter_index_batches_1"}} []
[2026-04-21T08:41:18.294875+00:00] main.DEBUG: cache_invalidate:  {"method":"GET","url":"http:/","invalidateInfo":{"identifier":"DB_PDO_MYSQL_DDL_stores_data_exporter_index_batches_2"}} []
[2026-04-21T08:41:18.295374+00:00] main.DEBUG: cache_invalidate:  {"method":"GET","url":"http:/","invalidateInfo":{"identifier":"DB_PDO_MYSQL_DDL_stores_data_exporter_index_batches_3"}} []
[2026-04-21T08:41:18.295889+00:00] main.DEBUG: cache_invalidate:  {"method":"GET","url":"http:/","invalidateInfo":{"identifier":"DB_PDO_MYSQL_DDL_stores_data_exporter_index_batches_4"}} []
[2026-04-21T08:41:18.296359+00:00] main.DEBUG: cache_invalidate:  {"method":"GET","url":"http:/","invalidateInfo":{"identifier":"DB_PDO_MYSQL_DDL_stores_data_exporter_index_batches_5"}} []
[2026-04-21T08:41:18.321782+00:00] main.DEBUG: cache_invalidate:  {"method":"GET","url":"http:/","invalidateInfo":{"identifier":"DB_PDO_MYSQL_DDL_stores_data_exporter_index_batches_1"}} []
[2026-04-21T08:41:18.322748+00:00] main.DEBUG: cache_invalidate:  {"method":"GET","url":"http:/","invalidateInfo":{"identifier":"DB_PDO_MYSQL_DDL_stores_data_exporter_index_batches_2"}} []
[2026-04-21T08:41:18.323427+00:00] main.DEBUG: cache_invalidate:  {"method":"GET","url":"http:/","invalidateInfo":{"identifier":"DB_PDO_MYSQL_DDL_stores_data_exporter_index_batches_3"}} []
[2026-04-21T08:41:18.324026+00:00] main.DEBUG: cache_invalidate:  {"method":"GET","url":"http:/","invalidateInfo":{"identifier":"DB_PDO_MYSQL_DDL_stores_data_exporter_index_batches_4"}} []
[2026-04-21T08:41:18.324516+00:00] main.DEBUG: cache_invalidate:  {"method":"GET","url":"http:/","invalidateInfo":{"identifier":"DB_PDO_MYSQL_DDL_stores_data_exporter_index_batches_5"}} []
[2026-04-21T08:41:18.333172+00:00] main.INFO: {"feed":"stores","operation":"full reindex(legacy)","status":"Batch table `stores_data_exporter_index_batches` created. Total Items: 1, batches: ~0","elapsed":"312 ms","pid":"378","caller":"bin\/magento indexer:reindex"} [] []
[2026-04-21T08:41:18.333546+00:00] main.INFO: {"feed":"stores","operation":"full reindex(legacy)","status":"start processing `1` items in `1` threads with `100` batch size","elapsed":"312 ms","pid":"378","caller":"bin\/magento indexer:reindex"} [] []
[2026-04-21T08:41:18.346685+00:00] main.INFO: {"feed":"stores","operation":"full reindex(legacy)","status":"Progress 1\/1, processed 1, synced 1","elapsed":"325 ms","pid":"378","caller":"bin\/magento indexer:reindex"} [] []
[2026-04-21T08:41:18.350514+00:00] main.INFO: {"feed":"stores","operation":"full reindex(legacy)","status":"Complete","elapsed":"329 ms","pid":"378","caller":"bin\/magento indexer:reindex"} [] []
[2026-04-21T08:41:19.984637+00:00] main.DEBUG: cache_invalidate:  {"method":"GET","url":"http:/","invalidateInfo":{"tags":["FPC"],"mode":"matchingTag"}} []
[2026-04-21T08:45:09.167441+00:00] main.ERROR: Could not find a cart with ID "F8Iy2r9d4MJGAnKNShXz6Z8H8yPhn1pW"

GraphQL (3:5)
2:   query GetCart($cartId: String!) {
3:     cart(cart_id: $cartId) {
       ^
4:       id
 {"exception":"[object] (GraphQL\\Error\\Error(code: 0): Could not find a cart with ID \"F8Iy2r9d4MJGAnKNShXz6Z8H8yPhn1pW\" at /var/www/html/vendor/webonyx/graphql-php/src/Error/Error.php:171)
[previous exception] [object] (Magento\\Framework\\GraphQl\\Exception\\GraphQlNoSuchEntityException(code: 0): Could not find a cart with ID \"F8Iy2r9d4MJGAnKNShXz6Z8H8yPhn1pW\" at /var/www/html/vendor/magento/module-quote-graph-ql/Model/Cart/GetCartForUser.php:80)"} []
[2026-04-21T08:51:54.839320+00:00] main.DEBUG: cache_invalidate:  {"method":"GET","url":"http:/","invalidateInfo":{"tags":["FPC"],"mode":"matchingTag"}} []
[2026-04-21T08:52:23.655356+00:00] main.DEBUG: cache_invalidate:  {"method":"GET","url":"http:/","invalidateInfo":{"identifier":"DB_PDO_MYSQL_DDL_cataloginventory_stock_status_1"}} []
[2026-04-21T08:52:23.656867+00:00] main.DEBUG: cache_invalidate:  {"method":"GET","url":"http:/","invalidateInfo":{"identifier":"DB_PDO_MYSQL_DDL_cataloginventory_stock_status_2"}} []
[2026-04-21T08:52:23.657420+00:00] main.DEBUG: cache_invalidate:  {"method":"GET","url":"http:/","invalidateInfo":{"identifier":"DB_PDO_MYSQL_DDL_cataloginventory_stock_status_3"}} []
[2026-04-21T08:52:23.658128+00:00] main.DEBUG: cache_invalidate:  {"method":"GET","url":"http:/","invalidateInfo":{"identifier":"DB_PDO_MYSQL_DDL_cataloginventory_stock_status_4"}} []
[2026-04-21T08:52:23.658676+00:00] main.DEBUG: cache_invalidate:  {"method":"GET","url":"http:/","invalidateInfo":{"identifier":"DB_PDO_MYSQL_DDL_cataloginventory_stock_status_5"}} []
[2026-04-21T08:52:23.659181+00:00] main.DEBUG: cache_invalidate:  {"method":"GET","url":"http:/","invalidateInfo":{"identifier":"DB_PDO_MYSQL_DDL_cataloginventory_stock_status_outdated_1"}} []
[2026-04-21T08:52:23.660091+00:00] main.DEBUG: cache_invalidate:  {"method":"GET","url":"http:/","invalidateInfo":{"identifier":"DB_PDO_MYSQL_DDL_cataloginventory_stock_status_outdated_2"}} []
[2026-04-21T08:52:23.660574+00:00] main.DEBUG: cache_invalidate:  {"method":"GET","url":"http:/","invalidateInfo":{"identifier":"DB_PDO_MYSQL_DDL_cataloginventory_stock_status_outdated_3"}} []
[2026-04-21T08:52:23.661200+00:00] main.DEBUG: cache_invalidate:  {"method":"GET","url":"http:/","invalidateInfo":{"identifier":"DB_PDO_MYSQL_DDL_cataloginventory_stock_status_outdated_4"}} []
[2026-04-21T08:52:23.661852+00:00] main.DEBUG: cache_invalidate:  {"method":"GET","url":"http:/","invalidateInfo":{"identifier":"DB_PDO_MYSQL_DDL_cataloginventory_stock_status_outdated_5"}} []
[2026-04-21T08:52:23.662415+00:00] main.DEBUG: cache_invalidate:  {"method":"GET","url":"http:/","invalidateInfo":{"identifier":"DB_PDO_MYSQL_DDL_cataloginventory_stock_status_replica_1"}} []
[2026-04-21T08:52:23.662937+00:00] main.DEBUG: cache_invalidate:  {"method":"GET","url":"http:/","invalidateInfo":{"identifier":"DB_PDO_MYSQL_DDL_cataloginventory_stock_status_replica_2"}} []
[2026-04-21T08:52:23.663410+00:00] main.DEBUG: cache_invalidate:  {"method":"GET","url":"http:/","invalidateInfo":{"identifier":"DB_PDO_MYSQL_DDL_cataloginventory_stock_status_replica_3"}} []
[2026-04-21T08:52:23.664038+00:00] main.DEBUG: cache_invalidate:  {"method":"GET","url":"http:/","invalidateInfo":{"identifier":"DB_PDO_MYSQL_DDL_cataloginventory_stock_status_replica_4"}} []
[2026-04-21T08:52:23.664794+00:00] main.DEBUG: cache_invalidate:  {"method":"GET","url":"http:/","invalidateInfo":{"identifier":"DB_PDO_MYSQL_DDL_cataloginventory_stock_status_replica_5"}} []
[2026-04-21T08:52:23.666817+00:00] main.DEBUG: cache_invalidate:  {"method":"GET","url":"http:/","invalidateInfo":{"tags":["cat_c","FPC"],"mode":"matchingTag"}} []
[2026-04-21T08:52:23.667320+00:00] main.DEBUG: cache_invalidate:  {"method":"GET","url":"http:/","invalidateInfo":{"tags":["cat_p","FPC"],"mode":"matchingTag"}} []
[2026-04-21T08:52:23.668206+00:00] main.DEBUG: cache_invalidate:  {"method":"GET","url":"http:/","invalidateInfo":{"tags":["cat_c","cat_p"],"mode":"matchingAnyTag"}} []
[2026-04-21T08:52:23.836149+00:00] main.DEBUG: cache_invalidate:  {"method":"GET","url":"http:/","invalidateInfo":{"identifier":"DB_PDO_MYSQL_DDL_customer_grid_flat_1"}} []
[2026-04-21T08:52:23.836991+00:00] main.DEBUG: cache_invalidate:  {"method":"GET","url":"http:/","invalidateInfo":{"identifier":"DB_PDO_MYSQL_DDL_customer_grid_flat_2"}} []
[2026-04-21T08:52:23.837763+00:00] main.DEBUG: cache_invalidate:  {"method":"GET","url":"http:/","invalidateInfo":{"identifier":"DB_PDO_MYSQL_DDL_customer_grid_flat_3"}} []
[2026-04-21T08:52:23.838504+00:00] main.DEBUG: cache_invalidate:  {"method":"GET","url":"http:/","invalidateInfo":{"identifier":"DB_PDO_MYSQL_DDL_customer_grid_flat_4"}} []
[2026-04-21T08:52:23.839117+00:00] main.DEBUG: cache_invalidate:  {"method":"GET","url":"http:/","invalidateInfo":{"identifier":"DB_PDO_MYSQL_DDL_customer_grid_flat_5"}} []
[2026-04-21T08:52:24.023664+00:00] main.DEBUG: cache_invalidate:  {"method":"GET","url":"http:/","invalidateInfo":{"identifier":"DB_PDO_MYSQL_DDL_customer_grid_flat_1"}} []
[2026-04-21T08:52:24.024293+00:00] main.DEBUG: cache_invalidate:  {"method":"GET","url":"http:/","invalidateInfo":{"identifier":"DB_PDO_MYSQL_DDL_customer_grid_flat_2"}} []
[2026-04-21T08:52:24.024819+00:00] main.DEBUG: cache_invalidate:  {"method":"GET","url":"http:/","invalidateInfo":{"identifier":"DB_PDO_MYSQL_DDL_customer_grid_flat_3"}} []
[2026-04-21T08:52:24.025308+00:00] main.DEBUG: cache_invalidate:  {"method":"GET","url":"http:/","invalidateInfo":{"identifier":"DB_PDO_MYSQL_DDL_customer_grid_flat_4"}} []
[2026-04-21T08:52:24.025800+00:00] main.DEBUG: cache_invalidate:  {"method":"GET","url":"http:/","invalidateInfo":{"identifier":"DB_PDO_MYSQL_DDL_customer_grid_flat_5"}} []
[2026-04-21T08:52:24.382723+00:00] main.DEBUG: cache_invalidate:  {"method":"GET","url":"http:/","invalidateInfo":{"identifier":"DB_PDO_MYSQL_DDL_catalog_category_product_index_store1_1"}} []
[2026-04-21T08:52:24.383528+00:00] main.DEBUG: cache_invalidate:  {"method":"GET","url":"http:/","invalidateInfo":{"identifier":"DB_PDO_MYSQL_DDL_catalog_category_product_index_store1_2"}} []
[2026-04-21T08:52:24.384252+00:00] main.DEBUG: cache_invalidate:  {"method":"GET","url":"http:/","invalidateInfo":{"identifier":"DB_PDO_MYSQL_DDL_catalog_category_product_index_store1_3"}} []
[2026-04-21T08:52:24.384864+00:00] main.DEBUG: cache_invalidate:  {"method":"GET","url":"http:/","invalidateInfo":{"identifier":"DB_PDO_MYSQL_DDL_catalog_category_product_index_store1_4"}} []
[2026-04-21T08:52:24.385444+00:00] main.DEBUG: cache_invalidate:  {"method":"GET","url":"http:/","invalidateInfo":{"identifier":"DB_PDO_MYSQL_DDL_catalog_category_product_index_store1_5"}} []
[2026-04-21T08:52:24.385992+00:00] main.DEBUG: cache_invalidate:  {"method":"GET","url":"http:/","invalidateInfo":{"identifier":"DB_PDO_MYSQL_DDL_catalog_category_product_index_store1_outdated_1"}} []
[2026-04-21T08:52:24.386443+00:00] main.DEBUG: cache_invalidate:  {"method":"GET","url":"http:/","invalidateInfo":{"identifier":"DB_PDO_MYSQL_DDL_catalog_category_product_index_store1_outdated_2"}} []
[2026-04-21T08:52:24.386908+00:00] main.DEBUG: cache_invalidate:  {"method":"GET","url":"http:/","invalidateInfo":{"identifier":"DB_PDO_MYSQL_DDL_catalog_category_product_index_store1_outdated_3"}} []
[2026-04-21T08:52:24.387349+00:00] main.DEBUG: cache_invalidate:  {"method":"GET","url":"http:/","invalidateInfo":{"identifier":"DB_PDO_MYSQL_DDL_catalog_category_product_index_store1_outdated_4"}} []
[2026-04-21T08:52:24.387849+00:00] main.DEBUG: cache_invalidate:  {"method":"GET","url":"http:/","invalidateInfo":{"identifier":"DB_PDO_MYSQL_DDL_catalog_category_product_index_store1_outdated_5"}} []
[2026-04-21T08:52:24.388293+00:00] main.DEBUG: cache_invalidate:  {"method":"GET","url":"http:/","invalidateInfo":{"identifier":"DB_PDO_MYSQL_DDL_catalog_category_product_index_store1_replica_1"}} []
[2026-04-21T08:52:24.388700+00:00] main.DEBUG: cache_invalidate:  {"method":"GET","url":"http:/","invalidateInfo":{"identifier":"DB_PDO_MYSQL_DDL_catalog_category_product_index_store1_replica_2"}} []
[2026-04-21T08:52:24.389120+00:00] main.DEBUG: cache_invalidate:  {"method":"GET","url":"http:/","invalidateInfo":{"identifier":"DB_PDO_MYSQL_DDL_catalog_category_product_index_store1_replica_3"}} []
[2026-04-21T08:52:24.389550+00:00] main.DEBUG: cache_invalidate:  {"method":"GET","url":"http:/","invalidateInfo":{"identifier":"DB_PDO_MYSQL_DDL_catalog_category_product_index_store1_replica_4"}} []
[2026-04-21T08:52:24.390116+00:00] main.DEBUG: cache_invalidate:  {"method":"GET","url":"http:/","invalidateInfo":{"identifier":"DB_PDO_MYSQL_DDL_catalog_category_product_index_store1_replica_5"}} []
[2026-04-21T08:52:24.392689+00:00] main.DEBUG: cache_invalidate:  {"method":"GET","url":"http:/","invalidateInfo":{"tags":["cat_c","FPC"],"mode":"matchingTag"}} []
[2026-04-21T08:52:24.393120+00:00] main.DEBUG: cache_invalidate:  {"method":"GET","url":"http:/","invalidateInfo":{"tags":["cat_c"],"mode":"matchingAnyTag"}} []
[2026-04-21T08:52:25.205694+00:00] main.DEBUG: cache_invalidate:  {"method":"GET","url":"http:/","invalidateInfo":{"identifier":"DB_PDO_MYSQL_DDL_catalogrule_product_1"}} []
[2026-04-21T08:52:25.206530+00:00] main.DEBUG: cache_invalidate:  {"method":"GET","url":"http:/","invalidateInfo":{"identifier":"DB_PDO_MYSQL_DDL_catalogrule_product_2"}} []
[2026-04-21T08:52:25.207472+00:00] main.DEBUG: cache_invalidate:  {"method":"GET","url":"http:/","invalidateInfo":{"identifier":"DB_PDO_MYSQL_DDL_catalogrule_product_3"}} []
[2026-04-21T08:52:25.208290+00:00] main.DEBUG: cache_invalidate:  {"method":"GET","url":"http:/","invalidateInfo":{"identifier":"DB_PDO_MYSQL_DDL_catalogrule_product_4"}} []
[2026-04-21T08:52:25.209010+00:00] main.DEBUG: cache_invalidate:  {"method":"GET","url":"http:/","invalidateInfo":{"identifier":"DB_PDO_MYSQL_DDL_catalogrule_product_5"}} []
[2026-04-21T08:52:25.209587+00:00] main.DEBUG: cache_invalidate:  {"method":"GET","url":"http:/","invalidateInfo":{"identifier":"DB_PDO_MYSQL_DDL_catalogrule_productb4125d54_1"}} []
[2026-04-21T08:52:25.210159+00:00] main.DEBUG: cache_invalidate:  {"method":"GET","url":"http:/","invalidateInfo":{"identifier":"DB_PDO_MYSQL_DDL_catalogrule_productb4125d54_2"}} []
[2026-04-21T08:52:25.210690+00:00] main.DEBUG: cache_invalidate:  {"method":"GET","url":"http:/","invalidateInfo":{"identifier":"DB_PDO_MYSQL_DDL_catalogrule_productb4125d54_3"}} []
[2026-04-21T08:52:25.211238+00:00] main.DEBUG: cache_invalidate:  {"method":"GET","url":"http:/","invalidateInfo":{"identifier":"DB_PDO_MYSQL_DDL_catalogrule_productb4125d54_4"}} []
[2026-04-21T08:52:25.211988+00:00] main.DEBUG: cache_invalidate:  {"method":"GET","url":"http:/","invalidateInfo":{"identifier":"DB_PDO_MYSQL_DDL_catalogrule_productb4125d54_5"}} []
[2026-04-21T08:52:25.212599+00:00] main.DEBUG: cache_invalidate:  {"method":"GET","url":"http:/","invalidateInfo":{"identifier":"DB_PDO_MYSQL_DDL_catalogrule_product__temp335aec37_1"}} []
[2026-04-21T08:52:25.213136+00:00] main.DEBUG: cache_invalidate:  {"method":"GET","url":"http:/","invalidateInfo":{"identifier":"DB_PDO_MYSQL_DDL_catalogrule_product__temp335aec37_2"}} []
[2026-04-21T08:52:25.213636+00:00] main.DEBUG: cache_invalidate:  {"method":"GET","url":"http:/","invalidateInfo":{"identifier":"DB_PDO_MYSQL_DDL_catalogrule_product__temp335aec37_3"}} []
[2026-04-21T08:52:25.214162+00:00] main.DEBUG: cache_invalidate:  {"method":"GET","url":"http:/","invalidateInfo":{"identifier":"DB_PDO_MYSQL_DDL_catalogrule_product__temp335aec37_4"}} []
[2026-04-21T08:52:25.214825+00:00] main.DEBUG: cache_invalidate:  {"method":"GET","url":"http:/","invalidateInfo":{"identifier":"DB_PDO_MYSQL_DDL_catalogrule_product__temp335aec37_5"}} []
[2026-04-21T08:52:25.215517+00:00] main.DEBUG: cache_invalidate:  {"method":"GET","url":"http:/","invalidateInfo":{"identifier":"DB_PDO_MYSQL_DDL_catalogrule_product_price_1"}} []
[2026-04-21T08:52:25.216370+00:00] main.DEBUG: cache_invalidate:  {"method":"GET","url":"http:/","invalidateInfo":{"identifier":"DB_PDO_MYSQL_DDL_catalogrule_product_price_2"}} []
[2026-04-21T08:52:25.217057+00:00] main.DEBUG: cache_invalidate:  {"method":"GET","url":"http:/","invalidateInfo":{"identifier":"DB_PDO_MYSQL_DDL_catalogrule_product_price_3"}} []
[2026-04-21T08:52:25.217909+00:00] main.DEBUG: cache_invalidate:  {"method":"GET","url":"http:/","invalidateInfo":{"identifier":"DB_PDO_MYSQL_DDL_catalogrule_product_price_4"}} []
[2026-04-21T08:52:25.218940+00:00] main.DEBUG: cache_invalidate:  {"method":"GET","url":"http:/","invalidateInfo":{"identifier":"DB_PDO_MYSQL_DDL_catalogrule_product_price_5"}} []
[2026-04-21T08:52:25.219710+00:00] main.DEBUG: cache_invalidate:  {"method":"GET","url":"http:/","invalidateInfo":{"identifier":"DB_PDO_MYSQL_DDL_catalogrule_product_price9f8e9765_1"}} []
[2026-04-21T08:52:25.220410+00:00] main.DEBUG: cache_invalidate:  {"method":"GET","url":"http:/","invalidateInfo":{"identifier":"DB_PDO_MYSQL_DDL_catalogrule_product_price9f8e9765_2"}} []
[2026-04-21T08:52:25.221054+00:00] main.DEBUG: cache_invalidate:  {"method":"GET","url":"http:/","invalidateInfo":{"identifier":"DB_PDO_MYSQL_DDL_catalogrule_product_price9f8e9765_3"}} []
[2026-04-21T08:52:25.221641+00:00] main.DEBUG: cache_invalidate:  {"method":"GET","url":"http:/","invalidateInfo":{"identifier":"DB_PDO_MYSQL_DDL_catalogrule_product_price9f8e9765_4"}} []
[2026-04-21T08:52:25.222230+00:00] main.DEBUG: cache_invalidate:  {"method":"GET","url":"http:/","invalidateInfo":{"identifier":"DB_PDO_MYSQL_DDL_catalogrule_product_price9f8e9765_5"}} []
[2026-04-21T08:52:25.222745+00:00] main.DEBUG: cache_invalidate:  {"method":"GET","url":"http:/","invalidateInfo":{"identifier":"DB_PDO_MYSQL_DDL_catalogrule_product_price__tempf64f56d3_1"}} []
[2026-04-21T08:52:25.223226+00:00] main.DEBUG: cache_invalidate:  {"method":"GET","url":"http:/","invalidateInfo":{"identifier":"DB_PDO_MYSQL_DDL_catalogrule_product_price__tempf64f56d3_2"}} []
[2026-04-21T08:52:25.223745+00:00] main.DEBUG: cache_invalidate:  {"method":"GET","url":"http:/","invalidateInfo":{"identifier":"DB_PDO_MYSQL_DDL_catalogrule_product_price__tempf64f56d3_3"}} []
[2026-04-21T08:52:25.224236+00:00] main.DEBUG: cache_invalidate:  {"method":"GET","url":"http:/","invalidateInfo":{"identifier":"DB_PDO_MYSQL_DDL_catalogrule_product_price__tempf64f56d3_4"}} []
[2026-04-21T08:52:25.224742+00:00] main.DEBUG: cache_invalidate:  {"method":"GET","url":"http:/","invalidateInfo":{"identifier":"DB_PDO_MYSQL_DDL_catalogrule_product_price__tempf64f56d3_5"}} []
[2026-04-21T08:52:25.225258+00:00] main.DEBUG: cache_invalidate:  {"method":"GET","url":"http:/","invalidateInfo":{"identifier":"DB_PDO_MYSQL_DDL_catalogrule_group_website_1"}} []
[2026-04-21T08:52:25.225756+00:00] main.DEBUG: cache_invalidate:  {"method":"GET","url":"http:/","invalidateInfo":{"identifier":"DB_PDO_MYSQL_DDL_catalogrule_group_website_2"}} []
[2026-04-21T08:52:25.226499+00:00] main.DEBUG: cache_invalidate:  {"method":"GET","url":"http:/","invalidateInfo":{"identifier":"DB_PDO_MYSQL_DDL_catalogrule_group_website_3"}} []
[2026-04-21T08:52:25.227424+00:00] main.DEBUG: cache_invalidate:  {"method":"GET","url":"http:/","invalidateInfo":{"identifier":"DB_PDO_MYSQL_DDL_catalogrule_group_website_4"}} []
[2026-04-21T08:52:25.228270+00:00] main.DEBUG: cache_invalidate:  {"method":"GET","url":"http:/","invalidateInfo":{"identifier":"DB_PDO_MYSQL_DDL_catalogrule_group_website_5"}} []
[2026-04-21T08:52:25.229120+00:00] main.DEBUG: cache_invalidate:  {"method":"GET","url":"http:/","invalidateInfo":{"identifier":"DB_PDO_MYSQL_DDL_catalogrule_group_website676adc00_1"}} []
[2026-04-21T08:52:25.230025+00:00] main.DEBUG: cache_invalidate:  {"method":"GET","url":"http:/","invalidateInfo":{"identifier":"DB_PDO_MYSQL_DDL_catalogrule_group_website676adc00_2"}} []
[2026-04-21T08:52:25.230954+00:00] main.DEBUG: cache_invalidate:  {"method":"GET","url":"http:/","invalidateInfo":{"identifier":"DB_PDO_MYSQL_DDL_catalogrule_group_website676adc00_3"}} []
[2026-04-21T08:52:25.231930+00:00] main.DEBUG: cache_invalidate:  {"method":"GET","url":"http:/","invalidateInfo":{"identifier":"DB_PDO_MYSQL_DDL_catalogrule_group_website676adc00_4"}} []
[2026-04-21T08:52:25.233274+00:00] main.DEBUG: cache_invalidate:  {"method":"GET","url":"http:/","invalidateInfo":{"identifier":"DB_PDO_MYSQL_DDL_catalogrule_group_website676adc00_5"}} []
[2026-04-21T08:52:25.234965+00:00] main.DEBUG: cache_invalidate:  {"method":"GET","url":"http:/","invalidateInfo":{"identifier":"DB_PDO_MYSQL_DDL_catalogrule_group_website__tempc62bff7d_1"}} []
[2026-04-21T08:52:25.235990+00:00] main.DEBUG: cache_invalidate:  {"method":"GET","url":"http:/","invalidateInfo":{"identifier":"DB_PDO_MYSQL_DDL_catalogrule_group_website__tempc62bff7d_2"}} []
[2026-04-21T08:52:25.236980+00:00] main.DEBUG: cache_invalidate:  {"method":"GET","url":"http:/","invalidateInfo":{"identifier":"DB_PDO_MYSQL_DDL_catalogrule_group_website__tempc62bff7d_3"}} []
[2026-04-21T08:52:25.237827+00:00] main.DEBUG: cache_invalidate:  {"method":"GET","url":"http:/","invalidateInfo":{"identifier":"DB_PDO_MYSQL_DDL_catalogrule_group_website__tempc62bff7d_4"}} []
[2026-04-21T08:52:25.238727+00:00] main.DEBUG: cache_invalidate:  {"method":"GET","url":"http:/","invalidateInfo":{"identifier":"DB_PDO_MYSQL_DDL_catalogrule_group_website__tempc62bff7d_5"}} []
[2026-04-21T08:52:25.255330+00:00] main.DEBUG: cache_invalidate:  {"method":"GET","url":"http:/","invalidateInfo":{"identifier":"DB_PDO_MYSQL_DDL_catalogrule_productb4125d54_1"}} []
[2026-04-21T08:52:25.256224+00:00] main.DEBUG: cache_invalidate:  {"method":"GET","url":"http:/","invalidateInfo":{"identifier":"DB_PDO_MYSQL_DDL_catalogrule_productb4125d54_2"}} []
[2026-04-21T08:52:25.257132+00:00] main.DEBUG: cache_invalidate:  {"method":"GET","url":"http:/","invalidateInfo":{"identifier":"DB_PDO_MYSQL_DDL_catalogrule_productb4125d54_3"}} []
[2026-04-21T08:52:25.257933+00:00] main.DEBUG: cache_invalidate:  {"method":"GET","url":"http:/","invalidateInfo":{"identifier":"DB_PDO_MYSQL_DDL_catalogrule_productb4125d54_4"}} []
[2026-04-21T08:52:25.258691+00:00] main.DEBUG: cache_invalidate:  {"method":"GET","url":"http:/","invalidateInfo":{"identifier":"DB_PDO_MYSQL_DDL_catalogrule_productb4125d54_5"}} []
[2026-04-21T08:52:25.275833+00:00] main.DEBUG: cache_invalidate:  {"method":"GET","url":"http:/","invalidateInfo":{"identifier":"DB_PDO_MYSQL_DDL_catalogrule_product_price9f8e9765_1"}} []
[2026-04-21T08:52:25.276686+00:00] main.DEBUG: cache_invalidate:  {"method":"GET","url":"http:/","invalidateInfo":{"identifier":"DB_PDO_MYSQL_DDL_catalogrule_product_price9f8e9765_2"}} []
[2026-04-21T08:52:25.277378+00:00] main.DEBUG: cache_invalidate:  {"method":"GET","url":"http:/","invalidateInfo":{"identifier":"DB_PDO_MYSQL_DDL_catalogrule_product_price9f8e9765_3"}} []
[2026-04-21T08:52:25.278059+00:00] main.DEBUG: cache_invalidate:  {"method":"GET","url":"http:/","invalidateInfo":{"identifier":"DB_PDO_MYSQL_DDL_catalogrule_product_price9f8e9765_4"}} []
[2026-04-21T08:52:25.278730+00:00] main.DEBUG: cache_invalidate:  {"method":"GET","url":"http:/","invalidateInfo":{"identifier":"DB_PDO_MYSQL_DDL_catalogrule_product_price9f8e9765_5"}} []
[2026-04-21T08:52:25.292500+00:00] main.DEBUG: cache_invalidate:  {"method":"GET","url":"http:/","invalidateInfo":{"identifier":"DB_PDO_MYSQL_DDL_catalogrule_group_website676adc00_1"}} []
[2026-04-21T08:52:25.293325+00:00] main.DEBUG: cache_invalidate:  {"method":"GET","url":"http:/","invalidateInfo":{"identifier":"DB_PDO_MYSQL_DDL_catalogrule_group_website676adc00_2"}} []
[2026-04-21T08:52:25.294040+00:00] main.DEBUG: cache_invalidate:  {"method":"GET","url":"http:/","invalidateInfo":{"identifier":"DB_PDO_MYSQL_DDL_catalogrule_group_website676adc00_3"}} []
[2026-04-21T08:52:25.294870+00:00] main.DEBUG: cache_invalidate:  {"method":"GET","url":"http:/","invalidateInfo":{"identifier":"DB_PDO_MYSQL_DDL_catalogrule_group_website676adc00_4"}} []
[2026-04-21T08:52:25.295540+00:00] main.DEBUG: cache_invalidate:  {"method":"GET","url":"http:/","invalidateInfo":{"identifier":"DB_PDO_MYSQL_DDL_catalogrule_group_website676adc00_5"}} []
[2026-04-21T08:52:25.364007+00:00] main.DEBUG: cache_invalidate:  {"method":"GET","url":"http:/","invalidateInfo":{"tags":["cat_c","FPC"],"mode":"matchingTag"}} []
[2026-04-21T08:52:25.364793+00:00] main.DEBUG: cache_invalidate:  {"method":"GET","url":"http:/","invalidateInfo":{"tags":["cat_p","FPC"],"mode":"matchingTag"}} []
[2026-04-21T08:52:25.365491+00:00] main.DEBUG: cache_invalidate:  {"method":"GET","url":"http:/","invalidateInfo":{"tags":["BLOCK_HTML","FPC"],"mode":"matchingTag"}} []
[2026-04-21T08:52:25.366777+00:00] main.DEBUG: cache_invalidate:  {"method":"GET","url":"http:/","invalidateInfo":{"tags":["cat_c","cat_p","BLOCK_HTML"],"mode":"matchingAnyTag"}} []
[2026-04-21T08:52:25.579185+00:00] main.DEBUG: cache_invalidate:  {"method":"GET","url":"http:/","invalidateInfo":{"identifier":"DB_PDO_MYSQL_DDL_catalog_product_index_eav_1"}} []
[2026-04-21T08:52:25.580037+00:00] main.DEBUG: cache_invalidate:  {"method":"GET","url":"http:/","invalidateInfo":{"identifier":"DB_PDO_MYSQL_DDL_catalog_product_index_eav_2"}} []
[2026-04-21T08:52:25.580757+00:00] main.DEBUG: cache_invalidate:  {"method":"GET","url":"http:/","invalidateInfo":{"identifier":"DB_PDO_MYSQL_DDL_catalog_product_index_eav_3"}} []
[2026-04-21T08:52:25.581479+00:00] main.DEBUG: cache_invalidate:  {"method":"GET","url":"http:/","invalidateInfo":{"identifier":"DB_PDO_MYSQL_DDL_catalog_product_index_eav_4"}} []
[2026-04-21T08:52:25.582395+00:00] main.DEBUG: cache_invalidate:  {"method":"GET","url":"http:/","invalidateInfo":{"identifier":"DB_PDO_MYSQL_DDL_catalog_product_index_eav_5"}} []
[2026-04-21T08:52:25.583351+00:00] main.DEBUG: cache_invalidate:  {"method":"GET","url":"http:/","invalidateInfo":{"identifier":"DB_PDO_MYSQL_DDL_catalog_product_index_eav_outdated_1"}} []
[2026-04-21T08:52:25.584163+00:00] main.DEBUG: cache_invalidate:  {"method":"GET","url":"http:/","invalidateInfo":{"identifier":"DB_PDO_MYSQL_DDL_catalog_product_index_eav_outdated_2"}} []
[2026-04-21T08:52:25.585050+00:00] main.DEBUG: cache_invalidate:  {"method":"GET","url":"http:/","invalidateInfo":{"identifier":"DB_PDO_MYSQL_DDL_catalog_product_index_eav_outdated_3"}} []
[2026-04-21T08:52:25.585950+00:00] main.DEBUG: cache_invalidate:  {"method":"GET","url":"http:/","invalidateInfo":{"identifier":"DB_PDO_MYSQL_DDL_catalog_product_index_eav_outdated_4"}} []
[2026-04-21T08:52:25.586821+00:00] main.DEBUG: cache_invalidate:  {"method":"GET","url":"http:/","invalidateInfo":{"identifier":"DB_PDO_MYSQL_DDL_catalog_product_index_eav_outdated_5"}} []
[2026-04-21T08:52:25.587939+00:00] main.DEBUG: cache_invalidate:  {"method":"GET","url":"http:/","invalidateInfo":{"identifier":"DB_PDO_MYSQL_DDL_catalog_product_index_eav_replica_1"}} []
[2026-04-21T08:52:25.588685+00:00] main.DEBUG: cache_invalidate:  {"method":"GET","url":"http:/","invalidateInfo":{"identifier":"DB_PDO_MYSQL_DDL_catalog_product_index_eav_replica_2"}} []
[2026-04-21T08:52:25.589416+00:00] main.DEBUG: cache_invalidate:  {"method":"GET","url":"http:/","invalidateInfo":{"identifier":"DB_PDO_MYSQL_DDL_catalog_product_index_eav_replica_3"}} []
[2026-04-21T08:52:25.590047+00:00] main.DEBUG: cache_invalidate:  {"method":"GET","url":"http:/","invalidateInfo":{"identifier":"DB_PDO_MYSQL_DDL_catalog_product_index_eav_replica_4"}} []
[2026-04-21T08:52:25.590668+00:00] main.DEBUG: cache_invalidate:  {"method":"GET","url":"http:/","invalidateInfo":{"identifier":"DB_PDO_MYSQL_DDL_catalog_product_index_eav_replica_5"}} []
[2026-04-21T08:52:25.690342+00:00] main.DEBUG: cache_invalidate:  {"method":"GET","url":"http:/","invalidateInfo":{"identifier":"DB_PDO_MYSQL_DDL_catalog_product_index_eav_decimal_1"}} []
[2026-04-21T08:52:25.691124+00:00] main.DEBUG: cache_invalidate:  {"method":"GET","url":"http:/","invalidateInfo":{"identifier":"DB_PDO_MYSQL_DDL_catalog_product_index_eav_decimal_2"}} []
[2026-04-21T08:52:25.691722+00:00] main.DEBUG: cache_invalidate:  {"method":"GET","url":"http:/","invalidateInfo":{"identifier":"DB_PDO_MYSQL_DDL_catalog_product_index_eav_decimal_3"}} []
[2026-04-21T08:52:25.692493+00:00] main.DEBUG: cache_invalidate:  {"method":"GET","url":"http:/","invalidateInfo":{"identifier":"DB_PDO_MYSQL_DDL_catalog_product_index_eav_decimal_4"}} []
[2026-04-21T08:52:25.693178+00:00] main.DEBUG: cache_invalidate:  {"method":"GET","url":"http:/","invalidateInfo":{"identifier":"DB_PDO_MYSQL_DDL_catalog_product_index_eav_decimal_5"}} []
[2026-04-21T08:52:25.693844+00:00] main.DEBUG: cache_invalidate:  {"method":"GET","url":"http:/","invalidateInfo":{"identifier":"DB_PDO_MYSQL_DDL_catalog_product_index_eav_decimal_outdated_1"}} []
[2026-04-21T08:52:25.694468+00:00] main.DEBUG: cache_invalidate:  {"method":"GET","url":"http:/","invalidateInfo":{"identifier":"DB_PDO_MYSQL_DDL_catalog_product_index_eav_decimal_outdated_2"}} []
[2026-04-21T08:52:25.695106+00:00] main.DEBUG: cache_invalidate:  {"method":"GET","url":"http:/","invalidateInfo":{"identifier":"DB_PDO_MYSQL_DDL_catalog_product_index_eav_decimal_outdated_3"}} []
[2026-04-21T08:52:25.695725+00:00] main.DEBUG: cache_invalidate:  {"method":"GET","url":"http:/","invalidateInfo":{"identifier":"DB_PDO_MYSQL_DDL_catalog_product_index_eav_decimal_outdated_4"}} []
[2026-04-21T08:52:25.696327+00:00] main.DEBUG: cache_invalidate:  {"method":"GET","url":"http:/","invalidateInfo":{"identifier":"DB_PDO_MYSQL_DDL_catalog_product_index_eav_decimal_outdated_5"}} []
[2026-04-21T08:52:25.696991+00:00] main.DEBUG: cache_invalidate:  {"method":"GET","url":"http:/","invalidateInfo":{"identifier":"DB_PDO_MYSQL_DDL_catalog_product_index_eav_decimal_replica_1"}} []
[2026-04-21T08:52:25.697592+00:00] main.DEBUG: cache_invalidate:  {"method":"GET","url":"http:/","invalidateInfo":{"identifier":"DB_PDO_MYSQL_DDL_catalog_product_index_eav_decimal_replica_2"}} []
[2026-04-21T08:52:25.698229+00:00] main.DEBUG: cache_invalidate:  {"method":"GET","url":"http:/","invalidateInfo":{"identifier":"DB_PDO_MYSQL_DDL_catalog_product_index_eav_decimal_replica_3"}} []
[2026-04-21T08:52:25.698888+00:00] main.DEBUG: cache_invalidate:  {"method":"GET","url":"http:/","invalidateInfo":{"identifier":"DB_PDO_MYSQL_DDL_catalog_product_index_eav_decimal_replica_4"}} []
[2026-04-21T08:52:25.699519+00:00] main.DEBUG: cache_invalidate:  {"method":"GET","url":"http:/","invalidateInfo":{"identifier":"DB_PDO_MYSQL_DDL_catalog_product_index_eav_decimal_replica_5"}} []
[2026-04-21T08:52:25.700357+00:00] main.DEBUG: cache_invalidate:  {"method":"GET","url":"http:/","invalidateInfo":{"tags":["cat_c","FPC"],"mode":"matchingTag"}} []
[2026-04-21T08:52:25.700888+00:00] main.DEBUG: cache_invalidate:  {"method":"GET","url":"http:/","invalidateInfo":{"tags":["cat_p","FPC"],"mode":"matchingTag"}} []
[2026-04-21T08:52:25.701558+00:00] main.DEBUG: cache_invalidate:  {"method":"GET","url":"http:/","invalidateInfo":{"tags":["cat_c","cat_p"],"mode":"matchingAnyTag"}} []
[2026-04-21T08:52:26.103196+00:00] main.DEBUG: cache_invalidate:  {"method":"GET","url":"http:/","invalidateInfo":{"identifier":"DB_PDO_MYSQL_DDL_catalog_product_index_price_temp_1"}} []
[2026-04-21T08:52:26.104189+00:00] main.DEBUG: cache_invalidate:  {"method":"GET","url":"http:/","invalidateInfo":{"identifier":"DB_PDO_MYSQL_DDL_catalog_product_index_price_temp_2"}} []
[2026-04-21T08:52:26.104970+00:00] main.DEBUG: cache_invalidate:  {"method":"GET","url":"http:/","invalidateInfo":{"identifier":"DB_PDO_MYSQL_DDL_catalog_product_index_price_temp_3"}} []
[2026-04-21T08:52:26.105724+00:00] main.DEBUG: cache_invalidate:  {"method":"GET","url":"http:/","invalidateInfo":{"identifier":"DB_PDO_MYSQL_DDL_catalog_product_index_price_temp_4"}} []
[2026-04-21T08:52:26.106464+00:00] main.DEBUG: cache_invalidate:  {"method":"GET","url":"http:/","invalidateInfo":{"identifier":"DB_PDO_MYSQL_DDL_catalog_product_index_price_temp_5"}} []
[2026-04-21T08:52:26.184100+00:00] main.DEBUG: cache_invalidate:  {"method":"GET","url":"http:/","invalidateInfo":{"identifier":"DB_PDO_MYSQL_DDL_catalog_product_index_price_1"}} []
[2026-04-21T08:52:26.185418+00:00] main.DEBUG: cache_invalidate:  {"method":"GET","url":"http:/","invalidateInfo":{"identifier":"DB_PDO_MYSQL_DDL_catalog_product_index_price_2"}} []
[2026-04-21T08:52:26.186598+00:00] main.DEBUG: cache_invalidate:  {"method":"GET","url":"http:/","invalidateInfo":{"identifier":"DB_PDO_MYSQL_DDL_catalog_product_index_price_3"}} []
[2026-04-21T08:52:26.187431+00:00] main.DEBUG: cache_invalidate:  {"method":"GET","url":"http:/","invalidateInfo":{"identifier":"DB_PDO_MYSQL_DDL_catalog_product_index_price_4"}} []
[2026-04-21T08:52:26.188650+00:00] main.DEBUG: cache_invalidate:  {"method":"GET","url":"http:/","invalidateInfo":{"identifier":"DB_PDO_MYSQL_DDL_catalog_product_index_price_5"}} []
[2026-04-21T08:52:26.189442+00:00] main.DEBUG: cache_invalidate:  {"method":"GET","url":"http:/","invalidateInfo":{"identifier":"DB_PDO_MYSQL_DDL_catalog_product_index_price_outdated_1"}} []
[2026-04-21T08:52:26.190371+00:00] main.DEBUG: cache_invalidate:  {"method":"GET","url":"http:/","invalidateInfo":{"identifier":"DB_PDO_MYSQL_DDL_catalog_product_index_price_outdated_2"}} []
[2026-04-21T08:52:26.191285+00:00] main.DEBUG: cache_invalidate:  {"method":"GET","url":"http:/","invalidateInfo":{"identifier":"DB_PDO_MYSQL_DDL_catalog_product_index_price_outdated_3"}} []
[2026-04-21T08:52:26.192168+00:00] main.DEBUG: cache_invalidate:  {"method":"GET","url":"http:/","invalidateInfo":{"identifier":"DB_PDO_MYSQL_DDL_catalog_product_index_price_outdated_4"}} []
[2026-04-21T08:52:26.192974+00:00] main.DEBUG: cache_invalidate:  {"method":"GET","url":"http:/","invalidateInfo":{"identifier":"DB_PDO_MYSQL_DDL_catalog_product_index_price_outdated_5"}} []
[2026-04-21T08:52:26.193943+00:00] main.DEBUG: cache_invalidate:  {"method":"GET","url":"http:/","invalidateInfo":{"identifier":"DB_PDO_MYSQL_DDL_catalog_product_index_price_replica_1"}} []
[2026-04-21T08:52:26.194744+00:00] main.DEBUG: cache_invalidate:  {"method":"GET","url":"http:/","invalidateInfo":{"identifier":"DB_PDO_MYSQL_DDL_catalog_product_index_price_replica_2"}} []
[2026-04-21T08:52:26.195565+00:00] main.DEBUG: cache_invalidate:  {"method":"GET","url":"http:/","invalidateInfo":{"identifier":"DB_PDO_MYSQL_DDL_catalog_product_index_price_replica_3"}} []
[2026-04-21T08:52:26.196271+00:00] main.DEBUG: cache_invalidate:  {"method":"GET","url":"http:/","invalidateInfo":{"identifier":"DB_PDO_MYSQL_DDL_catalog_product_index_price_replica_4"}} []
[2026-04-21T08:52:26.196889+00:00] main.DEBUG: cache_invalidate:  {"method":"GET","url":"http:/","invalidateInfo":{"identifier":"DB_PDO_MYSQL_DDL_catalog_product_index_price_replica_5"}} []
[2026-04-21T08:52:26.197702+00:00] main.DEBUG: cache_invalidate:  {"method":"GET","url":"http:/","invalidateInfo":{"tags":["cat_c","FPC"],"mode":"matchingTag"}} []
[2026-04-21T08:52:26.198192+00:00] main.DEBUG: cache_invalidate:  {"method":"GET","url":"http:/","invalidateInfo":{"tags":["cat_p","FPC"],"mode":"matchingTag"}} []
[2026-04-21T08:52:26.199007+00:00] main.DEBUG: cache_invalidate:  {"method":"GET","url":"http:/","invalidateInfo":{"tags":["cat_c","cat_p"],"mode":"matchingAnyTag"}} []
[2026-04-21T08:52:28.774175+00:00] main.DEBUG: cache_invalidate:  {"method":"GET","url":"http:/","invalidateInfo":{"tags":["cat_c_2","FPC"],"mode":"matchingTag"}} []
[2026-04-21T08:52:28.775465+00:00] main.DEBUG: cache_invalidate:  {"method":"GET","url":"http:/","invalidateInfo":{"tags":["cat_c_43","FPC"],"mode":"matchingTag"}} []
[2026-04-21T08:52:28.776337+00:00] main.DEBUG: cache_invalidate:  {"method":"GET","url":"http:/","invalidateInfo":{"tags":["cat_c_44","FPC"],"mode":"matchingTag"}} []
[2026-04-21T08:52:28.777139+00:00] main.DEBUG: cache_invalidate:  {"method":"GET","url":"http:/","invalidateInfo":{"tags":["cat_c_45","FPC"],"mode":"matchingTag"}} []
[2026-04-21T08:52:28.778037+00:00] main.DEBUG: cache_invalidate:  {"method":"GET","url":"http:/","invalidateInfo":{"tags":["cat_c_46","FPC"],"mode":"matchingTag"}} []
[2026-04-21T08:52:28.778839+00:00] main.DEBUG: cache_invalidate:  {"method":"GET","url":"http:/","invalidateInfo":{"tags":["cat_c_47","FPC"],"mode":"matchingTag"}} []
[2026-04-21T08:52:28.779797+00:00] main.DEBUG: cache_invalidate:  {"method":"GET","url":"http:/","invalidateInfo":{"tags":["cat_c_48","FPC"],"mode":"matchingTag"}} []
[2026-04-21T08:52:28.780638+00:00] main.DEBUG: cache_invalidate:  {"method":"GET","url":"http:/","invalidateInfo":{"tags":["cat_c_49","FPC"],"mode":"matchingTag"}} []
[2026-04-21T08:52:28.781430+00:00] main.DEBUG: cache_invalidate:  {"method":"GET","url":"http:/","invalidateInfo":{"tags":["cat_c_50","FPC"],"mode":"matchingTag"}} []
[2026-04-21T08:52:28.782346+00:00] main.DEBUG: cache_invalidate:  {"method":"GET","url":"http:/","invalidateInfo":{"tags":["cat_c_51","FPC"],"mode":"matchingTag"}} []
[2026-04-21T08:52:28.783097+00:00] main.DEBUG: cache_invalidate:  {"method":"GET","url":"http:/","invalidateInfo":{"tags":["cat_c_52","FPC"],"mode":"matchingTag"}} []
[2026-04-21T08:52:28.783807+00:00] main.DEBUG: cache_invalidate:  {"method":"GET","url":"http:/","invalidateInfo":{"tags":["cat_c_53","FPC"],"mode":"matchingTag"}} []
[2026-04-21T08:52:28.784526+00:00] main.DEBUG: cache_invalidate:  {"method":"GET","url":"http:/","invalidateInfo":{"tags":["cat_c_54","FPC"],"mode":"matchingTag"}} []
[2026-04-21T08:52:28.785259+00:00] main.DEBUG: cache_invalidate:  {"method":"GET","url":"http:/","invalidateInfo":{"tags":["cat_c_55","FPC"],"mode":"matchingTag"}} []
[2026-04-21T08:52:28.785988+00:00] main.DEBUG: cache_invalidate:  {"method":"GET","url":"http:/","invalidateInfo":{"tags":["cat_c_56","FPC"],"mode":"matchingTag"}} []
[2026-04-21T08:52:28.786787+00:00] main.DEBUG: cache_invalidate:  {"method":"GET","url":"http:/","invalidateInfo":{"tags":["cat_c_57","FPC"],"mode":"matchingTag"}} []
[2026-04-21T08:52:28.787511+00:00] main.DEBUG: cache_invalidate:  {"method":"GET","url":"http:/","invalidateInfo":{"tags":["cat_c_58","FPC"],"mode":"matchingTag"}} []
[2026-04-21T08:52:28.788340+00:00] main.DEBUG: cache_invalidate:  {"method":"GET","url":"http:/","invalidateInfo":{"tags":["cat_c_59","FPC"],"mode":"matchingTag"}} []
[2026-04-21T08:52:28.789077+00:00] main.DEBUG: cache_invalidate:  {"method":"GET","url":"http:/","invalidateInfo":{"tags":["cat_c_60","FPC"],"mode":"matchingTag"}} []
[2026-04-21T08:52:28.789821+00:00] main.DEBUG: cache_invalidate:  {"method":"GET","url":"http:/","invalidateInfo":{"tags":["cat_c_61","FPC"],"mode":"matchingTag"}} []
[2026-04-21T08:52:28.790538+00:00] main.DEBUG: cache_invalidate:  {"method":"GET","url":"http:/","invalidateInfo":{"tags":["cat_c_62","FPC"],"mode":"matchingTag"}} []
[2026-04-21T08:52:28.791323+00:00] main.DEBUG: cache_invalidate:  {"method":"GET","url":"http:/","invalidateInfo":{"tags":["cat_c_63","FPC"],"mode":"matchingTag"}} []
[2026-04-21T08:52:28.792129+00:00] main.DEBUG: cache_invalidate:  {"method":"GET","url":"http:/","invalidateInfo":{"tags":["cat_c_64","FPC"],"mode":"matchingTag"}} []
[2026-04-21T08:52:28.798710+00:00] main.DEBUG: cache_invalidate:  {"method":"GET","url":"http:/","invalidateInfo":{"tags":["cat_c_2","cat_c_43","cat_c_44","cat_c_45","cat_c_46","cat_c_47","cat_c_48","cat_c_49","cat_c_50","cat_c_51","cat_c_52","cat_c_53","cat_c_54","cat_c_55","cat_c_56","cat_c_57","cat_c_58","cat_c_59","cat_c_60","cat_c_61","cat_c_62","cat_c_63","cat_c_64"],"mode":"matchingAnyTag"}} []
[2026-04-21T08:52:28.946388+00:00] main.INFO: {"feed":"salesOrders","operation":"full reindex(legacy)","status":"Initialize","elapsed":"00:00:00 679 ms","pid":"404","caller":"bin\/magento indexer:reindex"} [] []
[2026-04-21T08:52:29.045431+00:00] main.DEBUG: cache_invalidate:  {"method":"GET","url":"http:/","invalidateInfo":{"identifier":"DB_PDO_MYSQL_DDL_sales_data_exporter_orders_index_sequence_1"}} []
[2026-04-21T08:52:29.046481+00:00] main.DEBUG: cache_invalidate:  {"method":"GET","url":"http:/","invalidateInfo":{"identifier":"DB_PDO_MYSQL_DDL_sales_data_exporter_orders_index_sequence_2"}} []
[2026-04-21T08:52:29.047749+00:00] main.DEBUG: cache_invalidate:  {"method":"GET","url":"http:/","invalidateInfo":{"identifier":"DB_PDO_MYSQL_DDL_sales_data_exporter_orders_index_sequence_3"}} []
[2026-04-21T08:52:29.049517+00:00] main.DEBUG: cache_invalidate:  {"method":"GET","url":"http:/","invalidateInfo":{"identifier":"DB_PDO_MYSQL_DDL_sales_data_exporter_orders_index_sequence_4"}} []
[2026-04-21T08:52:29.050475+00:00] main.DEBUG: cache_invalidate:  {"method":"GET","url":"http:/","invalidateInfo":{"identifier":"DB_PDO_MYSQL_DDL_sales_data_exporter_orders_index_sequence_5"}} []
[2026-04-21T08:52:29.095465+00:00] main.DEBUG: cache_invalidate:  {"method":"GET","url":"http:/","invalidateInfo":{"identifier":"DB_PDO_MYSQL_DDL_sales_data_exporter_orders_index_sequence_1"}} []
[2026-04-21T08:52:29.096739+00:00] main.DEBUG: cache_invalidate:  {"method":"GET","url":"http:/","invalidateInfo":{"identifier":"DB_PDO_MYSQL_DDL_sales_data_exporter_orders_index_sequence_2"}} []
[2026-04-21T08:52:29.097830+00:00] main.DEBUG: cache_invalidate:  {"method":"GET","url":"http:/","invalidateInfo":{"identifier":"DB_PDO_MYSQL_DDL_sales_data_exporter_orders_index_sequence_3"}} []
[2026-04-21T08:52:29.099873+00:00] main.DEBUG: cache_invalidate:  {"method":"GET","url":"http:/","invalidateInfo":{"identifier":"DB_PDO_MYSQL_DDL_sales_data_exporter_orders_index_sequence_4"}} []
[2026-04-21T08:52:29.101155+00:00] main.DEBUG: cache_invalidate:  {"method":"GET","url":"http:/","invalidateInfo":{"identifier":"DB_PDO_MYSQL_DDL_sales_data_exporter_orders_index_sequence_5"}} []
[2026-04-21T08:52:29.122857+00:00] main.INFO: {"feed":"salesOrders","operation":"full reindex(legacy)","status":"Creating batch table `sales_data_exporter_orders_index_batches`. Start position: 0","elapsed":"00:00:01 856 ms","pid":"404","caller":"bin\/magento indexer:reindex"} [] []
[2026-04-21T08:52:29.141009+00:00] main.DEBUG: cache_invalidate:  {"method":"GET","url":"http:/","invalidateInfo":{"identifier":"DB_PDO_MYSQL_DDL_sales_data_exporter_orders_index_batches_1"}} []
[2026-04-21T08:52:29.143017+00:00] main.DEBUG: cache_invalidate:  {"method":"GET","url":"http:/","invalidateInfo":{"identifier":"DB_PDO_MYSQL_DDL_sales_data_exporter_orders_index_batches_2"}} []
[2026-04-21T08:52:29.144538+00:00] main.DEBUG: cache_invalidate:  {"method":"GET","url":"http:/","invalidateInfo":{"identifier":"DB_PDO_MYSQL_DDL_sales_data_exporter_orders_index_batches_3"}} []
[2026-04-21T08:52:29.146292+00:00] main.DEBUG: cache_invalidate:  {"method":"GET","url":"http:/","invalidateInfo":{"identifier":"DB_PDO_MYSQL_DDL_sales_data_exporter_orders_index_batches_4"}} []
[2026-04-21T08:52:29.148274+00:00] main.DEBUG: cache_invalidate:  {"method":"GET","url":"http:/","invalidateInfo":{"identifier":"DB_PDO_MYSQL_DDL_sales_data_exporter_orders_index_batches_5"}} []
[2026-04-21T08:52:29.200105+00:00] main.DEBUG: cache_invalidate:  {"method":"GET","url":"http:/","invalidateInfo":{"identifier":"DB_PDO_MYSQL_DDL_sales_data_exporter_orders_index_batches_1"}} []
[2026-04-21T08:52:29.205831+00:00] main.DEBUG: cache_invalidate:  {"method":"GET","url":"http:/","invalidateInfo":{"identifier":"DB_PDO_MYSQL_DDL_sales_data_exporter_orders_index_batches_2"}} []
[2026-04-21T08:52:29.207301+00:00] main.DEBUG: cache_invalidate:  {"method":"GET","url":"http:/","invalidateInfo":{"identifier":"DB_PDO_MYSQL_DDL_sales_data_exporter_orders_index_batches_3"}} []
[2026-04-21T08:52:29.208665+00:00] main.DEBUG: cache_invalidate:  {"method":"GET","url":"http:/","invalidateInfo":{"identifier":"DB_PDO_MYSQL_DDL_sales_data_exporter_orders_index_batches_4"}} []
[2026-04-21T08:52:29.209927+00:00] main.DEBUG: cache_invalidate:  {"method":"GET","url":"http:/","invalidateInfo":{"identifier":"DB_PDO_MYSQL_DDL_sales_data_exporter_orders_index_batches_5"}} []
[2026-04-21T08:52:29.221273+00:00] main.INFO: {"feed":"salesOrders","operation":"full reindex(legacy)","status":"Batch table `sales_data_exporter_orders_index_batches` created. Total Items: 0, batches: ~0","elapsed":"00:00:01 954 ms","pid":"404","caller":"bin\/magento indexer:reindex"} [] []
[2026-04-21T08:52:29.222017+00:00] main.INFO: {"feed":"salesOrders","operation":"full reindex(legacy)","status":"nothing to process - no items to sync. Not expected? Are there any items in source table `sales_order`?","elapsed":"00:00:01 955 ms","pid":"404","caller":"bin\/magento indexer:reindex"} [] []
[2026-04-21T08:52:29.230443+00:00] main.INFO: {"feed":"salesOrders","operation":"full reindex(legacy)","status":"Complete","elapsed":"00:00:01 963 ms","pid":"404","caller":"bin\/magento indexer:reindex"} [] []
[2026-04-21T08:52:29.281788+00:00] main.INFO: {"feed":"salesOrderStatuses","operation":"full reindex(legacy)","status":"Initialize","elapsed":"350 ms","pid":"404","caller":"bin\/magento indexer:reindex"} [] []
[2026-04-21T08:52:29.341292+00:00] main.DEBUG: cache_invalidate:  {"method":"GET","url":"http:/","invalidateInfo":{"identifier":"DB_PDO_MYSQL_DDL_sales_data_exporter_order_statuses_index_sequence_1"}} []
[2026-04-21T08:52:29.342418+00:00] main.DEBUG: cache_invalidate:  {"method":"GET","url":"http:/","invalidateInfo":{"identifier":"DB_PDO_MYSQL_DDL_sales_data_exporter_order_statuses_index_sequence_2"}} []
[2026-04-21T08:52:29.343431+00:00] main.DEBUG: cache_invalidate:  {"method":"GET","url":"http:/","invalidateInfo":{"identifier":"DB_PDO_MYSQL_DDL_sales_data_exporter_order_statuses_index_sequence_3"}} []
[2026-04-21T08:52:29.344372+00:00] main.DEBUG: cache_invalidate:  {"method":"GET","url":"http:/","invalidateInfo":{"identifier":"DB_PDO_MYSQL_DDL_sales_data_exporter_order_statuses_index_sequence_4"}} []
[2026-04-21T08:52:29.345246+00:00] main.DEBUG: cache_invalidate:  {"method":"GET","url":"http:/","invalidateInfo":{"identifier":"DB_PDO_MYSQL_DDL_sales_data_exporter_order_statuses_index_sequence_5"}} []
[2026-04-21T08:52:29.386578+00:00] main.DEBUG: cache_invalidate:  {"method":"GET","url":"http:/","invalidateInfo":{"identifier":"DB_PDO_MYSQL_DDL_sales_data_exporter_order_statuses_index_sequence_1"}} []
[2026-04-21T08:52:29.391348+00:00] main.DEBUG: cache_invalidate:  {"method":"GET","url":"http:/","invalidateInfo":{"identifier":"DB_PDO_MYSQL_DDL_sales_data_exporter_order_statuses_index_sequence_2"}} []
[2026-04-21T08:52:29.392547+00:00] main.DEBUG: cache_invalidate:  {"method":"GET","url":"http:/","invalidateInfo":{"identifier":"DB_PDO_MYSQL_DDL_sales_data_exporter_order_statuses_index_sequence_3"}} []
[2026-04-21T08:52:29.393563+00:00] main.DEBUG: cache_invalidate:  {"method":"GET","url":"http:/","invalidateInfo":{"identifier":"DB_PDO_MYSQL_DDL_sales_data_exporter_order_statuses_index_sequence_4"}} []
[2026-04-21T08:52:29.394627+00:00] main.DEBUG: cache_invalidate:  {"method":"GET","url":"http:/","invalidateInfo":{"identifier":"DB_PDO_MYSQL_DDL_sales_data_exporter_order_statuses_index_sequence_5"}} []
[2026-04-21T08:52:29.400871+00:00] main.INFO: {"feed":"salesOrderStatuses","operation":"full reindex(legacy)","status":"Creating batch table `sales_data_exporter_order_statuses_index_batches`. Start position: ","elapsed":"469 ms","pid":"404","caller":"bin\/magento indexer:reindex"} [] []
[2026-04-21T08:52:29.417524+00:00] main.DEBUG: cache_invalidate:  {"method":"GET","url":"http:/","invalidateInfo":{"identifier":"DB_PDO_MYSQL_DDL_sales_data_exporter_order_statuses_index_batches_1"}} []
[2026-04-21T08:52:29.418835+00:00] main.DEBUG: cache_invalidate:  {"method":"GET","url":"http:/","invalidateInfo":{"identifier":"DB_PDO_MYSQL_DDL_sales_data_exporter_order_statuses_index_batches_2"}} []
[2026-04-21T08:52:29.420522+00:00] main.DEBUG: cache_invalidate:  {"method":"GET","url":"http:/","invalidateInfo":{"identifier":"DB_PDO_MYSQL_DDL_sales_data_exporter_order_statuses_index_batches_3"}} []
[2026-04-21T08:52:29.422145+00:00] main.DEBUG: cache_invalidate:  {"method":"GET","url":"http:/","invalidateInfo":{"identifier":"DB_PDO_MYSQL_DDL_sales_data_exporter_order_statuses_index_batches_4"}} []
[2026-04-21T08:52:29.423290+00:00] main.DEBUG: cache_invalidate:  {"method":"GET","url":"http:/","invalidateInfo":{"identifier":"DB_PDO_MYSQL_DDL_sales_data_exporter_order_statuses_index_batches_5"}} []
[2026-04-21T08:52:29.467721+00:00] main.DEBUG: cache_invalidate:  {"method":"GET","url":"http:/","invalidateInfo":{"identifier":"DB_PDO_MYSQL_DDL_sales_data_exporter_order_statuses_index_batches_1"}} []
[2026-04-21T08:52:29.468998+00:00] main.DEBUG: cache_invalidate:  {"method":"GET","url":"http:/","invalidateInfo":{"identifier":"DB_PDO_MYSQL_DDL_sales_data_exporter_order_statuses_index_batches_2"}} []
[2026-04-21T08:52:29.470286+00:00] main.DEBUG: cache_invalidate:  {"method":"GET","url":"http:/","invalidateInfo":{"identifier":"DB_PDO_MYSQL_DDL_sales_data_exporter_order_statuses_index_batches_3"}} []
[2026-04-21T08:52:29.471572+00:00] main.DEBUG: cache_invalidate:  {"method":"GET","url":"http:/","invalidateInfo":{"identifier":"DB_PDO_MYSQL_DDL_sales_data_exporter_order_statuses_index_batches_4"}} []
[2026-04-21T08:52:29.472919+00:00] main.DEBUG: cache_invalidate:  {"method":"GET","url":"http:/","invalidateInfo":{"identifier":"DB_PDO_MYSQL_DDL_sales_data_exporter_order_statuses_index_batches_5"}} []
[2026-04-21T08:52:29.483720+00:00] main.INFO: {"feed":"salesOrderStatuses","operation":"full reindex(legacy)","status":"Batch table `sales_data_exporter_order_statuses_index_batches` created. Total Items: 12, batches: ~0","elapsed":"552 ms","pid":"404","caller":"bin\/magento indexer:reindex"} [] []
[2026-04-21T08:52:29.487917+00:00] main.INFO: {"feed":"salesOrderStatuses","operation":"full reindex(legacy)","status":"start processing `12` items in `1` threads with `100` batch size","elapsed":"553 ms","pid":"404","caller":"bin\/magento indexer:reindex"} [] []
[2026-04-21T08:52:29.576770+00:00] main.INFO: {"feed":"salesOrderStatuses","operation":"full reindex(legacy)","status":"Progress 1\/1, processed 12, synced 12","elapsed":"645 ms","pid":"404","caller":"bin\/magento indexer:reindex"} [] []
[2026-04-21T08:52:29.586705+00:00] main.INFO: {"feed":"salesOrderStatuses","operation":"full reindex(legacy)","status":"Complete","elapsed":"655 ms","pid":"404","caller":"bin\/magento indexer:reindex"} [] []
[2026-04-21T08:52:29.623535+00:00] main.INFO: {"feed":"stores","operation":"full reindex(legacy)","status":"Initialize","elapsed":"00:00:00 34 ms","pid":"404","caller":"bin\/magento indexer:reindex"} [] []
[2026-04-21T08:52:29.667213+00:00] main.DEBUG: cache_invalidate:  {"method":"GET","url":"http:/","invalidateInfo":{"identifier":"DB_PDO_MYSQL_DDL_stores_data_exporter_index_sequence_1"}} []
[2026-04-21T08:52:29.668120+00:00] main.DEBUG: cache_invalidate:  {"method":"GET","url":"http:/","invalidateInfo":{"identifier":"DB_PDO_MYSQL_DDL_stores_data_exporter_index_sequence_2"}} []
[2026-04-21T08:52:29.668774+00:00] main.DEBUG: cache_invalidate:  {"method":"GET","url":"http:/","invalidateInfo":{"identifier":"DB_PDO_MYSQL_DDL_stores_data_exporter_index_sequence_3"}} []
[2026-04-21T08:52:29.669497+00:00] main.DEBUG: cache_invalidate:  {"method":"GET","url":"http:/","invalidateInfo":{"identifier":"DB_PDO_MYSQL_DDL_stores_data_exporter_index_sequence_4"}} []
[2026-04-21T08:52:29.670532+00:00] main.DEBUG: cache_invalidate:  {"method":"GET","url":"http:/","invalidateInfo":{"identifier":"DB_PDO_MYSQL_DDL_stores_data_exporter_index_sequence_5"}} []
[2026-04-21T08:52:29.698436+00:00] main.DEBUG: cache_invalidate:  {"method":"GET","url":"http:/","invalidateInfo":{"identifier":"DB_PDO_MYSQL_DDL_stores_data_exporter_index_sequence_1"}} []
[2026-04-21T08:52:29.700493+00:00] main.DEBUG: cache_invalidate:  {"method":"GET","url":"http:/","invalidateInfo":{"identifier":"DB_PDO_MYSQL_DDL_stores_data_exporter_index_sequence_2"}} []
[2026-04-21T08:52:29.701337+00:00] main.DEBUG: cache_invalidate:  {"method":"GET","url":"http:/","invalidateInfo":{"identifier":"DB_PDO_MYSQL_DDL_stores_data_exporter_index_sequence_3"}} []
[2026-04-21T08:52:29.702046+00:00] main.DEBUG: cache_invalidate:  {"method":"GET","url":"http:/","invalidateInfo":{"identifier":"DB_PDO_MYSQL_DDL_stores_data_exporter_index_sequence_4"}} []
[2026-04-21T08:52:29.702831+00:00] main.DEBUG: cache_invalidate:  {"method":"GET","url":"http:/","invalidateInfo":{"identifier":"DB_PDO_MYSQL_DDL_stores_data_exporter_index_sequence_5"}} []
[2026-04-21T08:52:29.709408+00:00] main.INFO: {"feed":"stores","operation":"full reindex(legacy)","status":"Creating batch table `stores_data_exporter_index_batches`. Start position: 0","elapsed":"00:00:00 120 ms","pid":"404","caller":"bin\/magento indexer:reindex"} [] []
[2026-04-21T08:52:29.724535+00:00] main.DEBUG: cache_invalidate:  {"method":"GET","url":"http:/","invalidateInfo":{"identifier":"DB_PDO_MYSQL_DDL_stores_data_exporter_index_batches_1"}} []
[2026-04-21T08:52:29.726022+00:00] main.DEBUG: cache_invalidate:  {"method":"GET","url":"http:/","invalidateInfo":{"identifier":"DB_PDO_MYSQL_DDL_stores_data_exporter_index_batches_2"}} []
[2026-04-21T08:52:29.726735+00:00] main.DEBUG: cache_invalidate:  {"method":"GET","url":"http:/","invalidateInfo":{"identifier":"DB_PDO_MYSQL_DDL_stores_data_exporter_index_batches_3"}} []
[2026-04-21T08:52:29.727300+00:00] main.DEBUG: cache_invalidate:  {"method":"GET","url":"http:/","invalidateInfo":{"identifier":"DB_PDO_MYSQL_DDL_stores_data_exporter_index_batches_4"}} []
[2026-04-21T08:52:29.727836+00:00] main.DEBUG: cache_invalidate:  {"method":"GET","url":"http:/","invalidateInfo":{"identifier":"DB_PDO_MYSQL_DDL_stores_data_exporter_index_batches_5"}} []
[2026-04-21T08:52:29.755731+00:00] main.DEBUG: cache_invalidate:  {"method":"GET","url":"http:/","invalidateInfo":{"identifier":"DB_PDO_MYSQL_DDL_stores_data_exporter_index_batches_1"}} []
[2026-04-21T08:52:29.756553+00:00] main.DEBUG: cache_invalidate:  {"method":"GET","url":"http:/","invalidateInfo":{"identifier":"DB_PDO_MYSQL_DDL_stores_data_exporter_index_batches_2"}} []
[2026-04-21T08:52:29.757229+00:00] main.DEBUG: cache_invalidate:  {"method":"GET","url":"http:/","invalidateInfo":{"identifier":"DB_PDO_MYSQL_DDL_stores_data_exporter_index_batches_3"}} []
[2026-04-21T08:52:29.757834+00:00] main.DEBUG: cache_invalidate:  {"method":"GET","url":"http:/","invalidateInfo":{"identifier":"DB_PDO_MYSQL_DDL_stores_data_exporter_index_batches_4"}} []
[2026-04-21T08:52:29.758402+00:00] main.DEBUG: cache_invalidate:  {"method":"GET","url":"http:/","invalidateInfo":{"identifier":"DB_PDO_MYSQL_DDL_stores_data_exporter_index_batches_5"}} []
[2026-04-21T08:52:29.764828+00:00] main.INFO: {"feed":"stores","operation":"full reindex(legacy)","status":"Batch table `stores_data_exporter_index_batches` created. Total Items: 1, batches: ~0","elapsed":"00:00:00 175 ms","pid":"404","caller":"bin\/magento indexer:reindex"} [] []
[2026-04-21T08:52:29.765441+00:00] main.INFO: {"feed":"stores","operation":"full reindex(legacy)","status":"start processing `1` items in `1` threads with `100` batch size","elapsed":"00:00:00 176 ms","pid":"404","caller":"bin\/magento indexer:reindex"} [] []
[2026-04-21T08:52:29.779128+00:00] main.INFO: {"feed":"stores","operation":"full reindex(legacy)","status":"Progress 1\/1, processed 1, synced 1","elapsed":"00:00:00 189 ms","pid":"404","caller":"bin\/magento indexer:reindex"} [] []
[2026-04-21T08:52:29.782380+00:00] main.INFO: {"feed":"stores","operation":"full reindex(legacy)","status":"Complete","elapsed":"00:00:00 193 ms","pid":"404","caller":"bin\/magento indexer:reindex"} [] []
[2026-04-21T08:56:43.979230+00:00] main.DEBUG: cache_invalidate:  {"method":"GET","url":"http:/","invalidateInfo":{"tags":["FPC"],"mode":"matchingTag"}} []
[2026-04-21T08:57:11.537795+00:00] main.DEBUG: cache_invalidate:  {"method":"GET","url":"http:/","invalidateInfo":{"identifier":"DB_PDO_MYSQL_DDL_cataloginventory_stock_status_1"}} []
[2026-04-21T08:57:11.539319+00:00] main.DEBUG: cache_invalidate:  {"method":"GET","url":"http:/","invalidateInfo":{"identifier":"DB_PDO_MYSQL_DDL_cataloginventory_stock_status_2"}} []
[2026-04-21T08:57:11.539945+00:00] main.DEBUG: cache_invalidate:  {"method":"GET","url":"http:/","invalidateInfo":{"identifier":"DB_PDO_MYSQL_DDL_cataloginventory_stock_status_3"}} []
[2026-04-21T08:57:11.540483+00:00] main.DEBUG: cache_invalidate:  {"method":"GET","url":"http:/","invalidateInfo":{"identifier":"DB_PDO_MYSQL_DDL_cataloginventory_stock_status_4"}} []
[2026-04-21T08:57:11.541203+00:00] main.DEBUG: cache_invalidate:  {"method":"GET","url":"http:/","invalidateInfo":{"identifier":"DB_PDO_MYSQL_DDL_cataloginventory_stock_status_5"}} []
[2026-04-21T08:57:11.541808+00:00] main.DEBUG: cache_invalidate:  {"method":"GET","url":"http:/","invalidateInfo":{"identifier":"DB_PDO_MYSQL_DDL_cataloginventory_stock_status_outdated_1"}} []
[2026-04-21T08:57:11.542338+00:00] main.DEBUG: cache_invalidate:  {"method":"GET","url":"http:/","invalidateInfo":{"identifier":"DB_PDO_MYSQL_DDL_cataloginventory_stock_status_outdated_2"}} []
[2026-04-21T08:57:11.542856+00:00] main.DEBUG: cache_invalidate:  {"method":"GET","url":"http:/","invalidateInfo":{"identifier":"DB_PDO_MYSQL_DDL_cataloginventory_stock_status_outdated_3"}} []
[2026-04-21T08:57:11.543354+00:00] main.DEBUG: cache_invalidate:  {"method":"GET","url":"http:/","invalidateInfo":{"identifier":"DB_PDO_MYSQL_DDL_cataloginventory_stock_status_outdated_4"}} []
[2026-04-21T08:57:11.543853+00:00] main.DEBUG: cache_invalidate:  {"method":"GET","url":"http:/","invalidateInfo":{"identifier":"DB_PDO_MYSQL_DDL_cataloginventory_stock_status_outdated_5"}} []
[2026-04-21T08:57:11.544340+00:00] main.DEBUG: cache_invalidate:  {"method":"GET","url":"http:/","invalidateInfo":{"identifier":"DB_PDO_MYSQL_DDL_cataloginventory_stock_status_replica_1"}} []
[2026-04-21T08:57:11.544950+00:00] main.DEBUG: cache_invalidate:  {"method":"GET","url":"http:/","invalidateInfo":{"identifier":"DB_PDO_MYSQL_DDL_cataloginventory_stock_status_replica_2"}} []
[2026-04-21T08:57:11.545428+00:00] main.DEBUG: cache_invalidate:  {"method":"GET","url":"http:/","invalidateInfo":{"identifier":"DB_PDO_MYSQL_DDL_cataloginventory_stock_status_replica_3"}} []
[2026-04-21T08:57:11.545926+00:00] main.DEBUG: cache_invalidate:  {"method":"GET","url":"http:/","invalidateInfo":{"identifier":"DB_PDO_MYSQL_DDL_cataloginventory_stock_status_replica_4"}} []
[2026-04-21T08:57:11.546442+00:00] main.DEBUG: cache_invalidate:  {"method":"GET","url":"http:/","invalidateInfo":{"identifier":"DB_PDO_MYSQL_DDL_cataloginventory_stock_status_replica_5"}} []
[2026-04-21T08:57:11.548171+00:00] main.DEBUG: cache_invalidate:  {"method":"GET","url":"http:/","invalidateInfo":{"tags":["cat_c","FPC"],"mode":"matchingTag"}} []
[2026-04-21T08:57:11.548602+00:00] main.DEBUG: cache_invalidate:  {"method":"GET","url":"http:/","invalidateInfo":{"tags":["cat_p","FPC"],"mode":"matchingTag"}} []
[2026-04-21T08:57:11.549238+00:00] main.DEBUG: cache_invalidate:  {"method":"GET","url":"http:/","invalidateInfo":{"tags":["cat_c","cat_p"],"mode":"matchingAnyTag"}} []
[2026-04-21T08:57:11.716212+00:00] main.DEBUG: cache_invalidate:  {"method":"GET","url":"http:/","invalidateInfo":{"identifier":"DB_PDO_MYSQL_DDL_customer_grid_flat_1"}} []
[2026-04-21T08:57:11.717020+00:00] main.DEBUG: cache_invalidate:  {"method":"GET","url":"http:/","invalidateInfo":{"identifier":"DB_PDO_MYSQL_DDL_customer_grid_flat_2"}} []
[2026-04-21T08:57:11.717903+00:00] main.DEBUG: cache_invalidate:  {"method":"GET","url":"http:/","invalidateInfo":{"identifier":"DB_PDO_MYSQL_DDL_customer_grid_flat_3"}} []
[2026-04-21T08:57:11.718911+00:00] main.DEBUG: cache_invalidate:  {"method":"GET","url":"http:/","invalidateInfo":{"identifier":"DB_PDO_MYSQL_DDL_customer_grid_flat_4"}} []
[2026-04-21T08:57:11.719912+00:00] main.DEBUG: cache_invalidate:  {"method":"GET","url":"http:/","invalidateInfo":{"identifier":"DB_PDO_MYSQL_DDL_customer_grid_flat_5"}} []
[2026-04-21T08:57:11.886879+00:00] main.DEBUG: cache_invalidate:  {"method":"GET","url":"http:/","invalidateInfo":{"identifier":"DB_PDO_MYSQL_DDL_customer_grid_flat_1"}} []
[2026-04-21T08:57:11.887742+00:00] main.DEBUG: cache_invalidate:  {"method":"GET","url":"http:/","invalidateInfo":{"identifier":"DB_PDO_MYSQL_DDL_customer_grid_flat_2"}} []
[2026-04-21T08:57:11.888386+00:00] main.DEBUG: cache_invalidate:  {"method":"GET","url":"http:/","invalidateInfo":{"identifier":"DB_PDO_MYSQL_DDL_customer_grid_flat_3"}} []
[2026-04-21T08:57:11.888970+00:00] main.DEBUG: cache_invalidate:  {"method":"GET","url":"http:/","invalidateInfo":{"identifier":"DB_PDO_MYSQL_DDL_customer_grid_flat_4"}} []
[2026-04-21T08:57:11.889586+00:00] main.DEBUG: cache_invalidate:  {"method":"GET","url":"http:/","invalidateInfo":{"identifier":"DB_PDO_MYSQL_DDL_customer_grid_flat_5"}} []
[2026-04-21T08:57:12.285818+00:00] main.DEBUG: cache_invalidate:  {"method":"GET","url":"http:/","invalidateInfo":{"identifier":"DB_PDO_MYSQL_DDL_catalog_category_product_index_store1_1"}} []
[2026-04-21T08:57:12.286927+00:00] main.DEBUG: cache_invalidate:  {"method":"GET","url":"http:/","invalidateInfo":{"identifier":"DB_PDO_MYSQL_DDL_catalog_category_product_index_store1_2"}} []
[2026-04-21T08:57:12.287698+00:00] main.DEBUG: cache_invalidate:  {"method":"GET","url":"http:/","invalidateInfo":{"identifier":"DB_PDO_MYSQL_DDL_catalog_category_product_index_store1_3"}} []
[2026-04-21T08:57:12.288560+00:00] main.DEBUG: cache_invalidate:  {"method":"GET","url":"http:/","invalidateInfo":{"identifier":"DB_PDO_MYSQL_DDL_catalog_category_product_index_store1_4"}} []
[2026-04-21T08:57:12.289607+00:00] main.DEBUG: cache_invalidate:  {"method":"GET","url":"http:/","invalidateInfo":{"identifier":"DB_PDO_MYSQL_DDL_catalog_category_product_index_store1_5"}} []
[2026-04-21T08:57:12.290457+00:00] main.DEBUG: cache_invalidate:  {"method":"GET","url":"http:/","invalidateInfo":{"identifier":"DB_PDO_MYSQL_DDL_catalog_category_product_index_store1_outdated_1"}} []
[2026-04-21T08:57:12.291150+00:00] main.DEBUG: cache_invalidate:  {"method":"GET","url":"http:/","invalidateInfo":{"identifier":"DB_PDO_MYSQL_DDL_catalog_category_product_index_store1_outdated_2"}} []
[2026-04-21T08:57:12.291753+00:00] main.DEBUG: cache_invalidate:  {"method":"GET","url":"http:/","invalidateInfo":{"identifier":"DB_PDO_MYSQL_DDL_catalog_category_product_index_store1_outdated_3"}} []
[2026-04-21T08:57:12.292388+00:00] main.DEBUG: cache_invalidate:  {"method":"GET","url":"http:/","invalidateInfo":{"identifier":"DB_PDO_MYSQL_DDL_catalog_category_product_index_store1_outdated_4"}} []
[2026-04-21T08:57:12.292968+00:00] main.DEBUG: cache_invalidate:  {"method":"GET","url":"http:/","invalidateInfo":{"identifier":"DB_PDO_MYSQL_DDL_catalog_category_product_index_store1_outdated_5"}} []
[2026-04-21T08:57:12.293576+00:00] main.DEBUG: cache_invalidate:  {"method":"GET","url":"http:/","invalidateInfo":{"identifier":"DB_PDO_MYSQL_DDL_catalog_category_product_index_store1_replica_1"}} []
[2026-04-21T08:57:12.294244+00:00] main.DEBUG: cache_invalidate:  {"method":"GET","url":"http:/","invalidateInfo":{"identifier":"DB_PDO_MYSQL_DDL_catalog_category_product_index_store1_replica_2"}} []
[2026-04-21T08:57:12.294966+00:00] main.DEBUG: cache_invalidate:  {"method":"GET","url":"http:/","invalidateInfo":{"identifier":"DB_PDO_MYSQL_DDL_catalog_category_product_index_store1_replica_3"}} []
[2026-04-21T08:57:12.295577+00:00] main.DEBUG: cache_invalidate:  {"method":"GET","url":"http:/","invalidateInfo":{"identifier":"DB_PDO_MYSQL_DDL_catalog_category_product_index_store1_replica_4"}} []
[2026-04-21T08:57:12.296158+00:00] main.DEBUG: cache_invalidate:  {"method":"GET","url":"http:/","invalidateInfo":{"identifier":"DB_PDO_MYSQL_DDL_catalog_category_product_index_store1_replica_5"}} []
[2026-04-21T08:57:12.298933+00:00] main.DEBUG: cache_invalidate:  {"method":"GET","url":"http:/","invalidateInfo":{"tags":["cat_c","FPC"],"mode":"matchingTag"}} []
[2026-04-21T08:57:12.299401+00:00] main.DEBUG: cache_invalidate:  {"method":"GET","url":"http:/","invalidateInfo":{"tags":["cat_c"],"mode":"matchingAnyTag"}} []
[2026-04-21T08:57:13.100530+00:00] main.DEBUG: cache_invalidate:  {"method":"GET","url":"http:/","invalidateInfo":{"identifier":"DB_PDO_MYSQL_DDL_catalogrule_product_1"}} []
[2026-04-21T08:57:13.101446+00:00] main.DEBUG: cache_invalidate:  {"method":"GET","url":"http:/","invalidateInfo":{"identifier":"DB_PDO_MYSQL_DDL_catalogrule_product_2"}} []
[2026-04-21T08:57:13.102399+00:00] main.DEBUG: cache_invalidate:  {"method":"GET","url":"http:/","invalidateInfo":{"identifier":"DB_PDO_MYSQL_DDL_catalogrule_product_3"}} []
[2026-04-21T08:57:13.103300+00:00] main.DEBUG: cache_invalidate:  {"method":"GET","url":"http:/","invalidateInfo":{"identifier":"DB_PDO_MYSQL_DDL_catalogrule_product_4"}} []
[2026-04-21T08:57:13.104212+00:00] main.DEBUG: cache_invalidate:  {"method":"GET","url":"http:/","invalidateInfo":{"identifier":"DB_PDO_MYSQL_DDL_catalogrule_product_5"}} []
[2026-04-21T08:57:13.104961+00:00] main.DEBUG: cache_invalidate:  {"method":"GET","url":"http:/","invalidateInfo":{"identifier":"DB_PDO_MYSQL_DDL_catalogrule_productdeaa4293_1"}} []
[2026-04-21T08:57:13.105702+00:00] main.DEBUG: cache_invalidate:  {"method":"GET","url":"http:/","invalidateInfo":{"identifier":"DB_PDO_MYSQL_DDL_catalogrule_productdeaa4293_2"}} []
[2026-04-21T08:57:13.106442+00:00] main.DEBUG: cache_invalidate:  {"method":"GET","url":"http:/","invalidateInfo":{"identifier":"DB_PDO_MYSQL_DDL_catalogrule_productdeaa4293_3"}} []
[2026-04-21T08:57:13.107325+00:00] main.DEBUG: cache_invalidate:  {"method":"GET","url":"http:/","invalidateInfo":{"identifier":"DB_PDO_MYSQL_DDL_catalogrule_productdeaa4293_4"}} []
[2026-04-21T08:57:13.108176+00:00] main.DEBUG: cache_invalidate:  {"method":"GET","url":"http:/","invalidateInfo":{"identifier":"DB_PDO_MYSQL_DDL_catalogrule_productdeaa4293_5"}} []
[2026-04-21T08:57:13.109202+00:00] main.DEBUG: cache_invalidate:  {"method":"GET","url":"http:/","invalidateInfo":{"identifier":"DB_PDO_MYSQL_DDL_catalogrule_product__temp63eebecc_1"}} []
[2026-04-21T08:57:13.110020+00:00] main.DEBUG: cache_invalidate:  {"method":"GET","url":"http:/","invalidateInfo":{"identifier":"DB_PDO_MYSQL_DDL_catalogrule_product__temp63eebecc_2"}} []
[2026-04-21T08:57:13.110687+00:00] main.DEBUG: cache_invalidate:  {"method":"GET","url":"http:/","invalidateInfo":{"identifier":"DB_PDO_MYSQL_DDL_catalogrule_product__temp63eebecc_3"}} []
[2026-04-21T08:57:13.111314+00:00] main.DEBUG: cache_invalidate:  {"method":"GET","url":"http:/","invalidateInfo":{"identifier":"DB_PDO_MYSQL_DDL_catalogrule_product__temp63eebecc_4"}} []
[2026-04-21T08:57:13.111963+00:00] main.DEBUG: cache_invalidate:  {"method":"GET","url":"http:/","invalidateInfo":{"identifier":"DB_PDO_MYSQL_DDL_catalogrule_product__temp63eebecc_5"}} []
[2026-04-21T08:57:13.112852+00:00] main.DEBUG: cache_invalidate:  {"method":"GET","url":"http:/","invalidateInfo":{"identifier":"DB_PDO_MYSQL_DDL_catalogrule_product_price_1"}} []
[2026-04-21T08:57:13.113584+00:00] main.DEBUG: cache_invalidate:  {"method":"GET","url":"http:/","invalidateInfo":{"identifier":"DB_PDO_MYSQL_DDL_catalogrule_product_price_2"}} []
[2026-04-21T08:57:13.114466+00:00] main.DEBUG: cache_invalidate:  {"method":"GET","url":"http:/","invalidateInfo":{"identifier":"DB_PDO_MYSQL_DDL_catalogrule_product_price_3"}} []
[2026-04-21T08:57:13.115515+00:00] main.DEBUG: cache_invalidate:  {"method":"GET","url":"http:/","invalidateInfo":{"identifier":"DB_PDO_MYSQL_DDL_catalogrule_product_price_4"}} []
[2026-04-21T08:57:13.116454+00:00] main.DEBUG: cache_invalidate:  {"method":"GET","url":"http:/","invalidateInfo":{"identifier":"DB_PDO_MYSQL_DDL_catalogrule_product_price_5"}} []
[2026-04-21T08:57:13.117583+00:00] main.DEBUG: cache_invalidate:  {"method":"GET","url":"http:/","invalidateInfo":{"identifier":"DB_PDO_MYSQL_DDL_catalogrule_product_priceba432353_1"}} []
[2026-04-21T08:57:13.120948+00:00] main.DEBUG: cache_invalidate:  {"method":"GET","url":"http:/","invalidateInfo":{"identifier":"DB_PDO_MYSQL_DDL_catalogrule_product_priceba432353_2"}} []
[2026-04-21T08:57:13.121785+00:00] main.DEBUG: cache_invalidate:  {"method":"GET","url":"http:/","invalidateInfo":{"identifier":"DB_PDO_MYSQL_DDL_catalogrule_product_priceba432353_3"}} []
[2026-04-21T08:57:13.122663+00:00] main.DEBUG: cache_invalidate:  {"method":"GET","url":"http:/","invalidateInfo":{"identifier":"DB_PDO_MYSQL_DDL_catalogrule_product_priceba432353_4"}} []
[2026-04-21T08:57:13.123865+00:00] main.DEBUG: cache_invalidate:  {"method":"GET","url":"http:/","invalidateInfo":{"identifier":"DB_PDO_MYSQL_DDL_catalogrule_product_priceba432353_5"}} []
[2026-04-21T08:57:13.124805+00:00] main.DEBUG: cache_invalidate:  {"method":"GET","url":"http:/","invalidateInfo":{"identifier":"DB_PDO_MYSQL_DDL_catalogrule_product_price__temp8ce6d0a4_1"}} []
[2026-04-21T08:57:13.125786+00:00] main.DEBUG: cache_invalidate:  {"method":"GET","url":"http:/","invalidateInfo":{"identifier":"DB_PDO_MYSQL_DDL_catalogrule_product_price__temp8ce6d0a4_2"}} []
[2026-04-21T08:57:13.126631+00:00] main.DEBUG: cache_invalidate:  {"method":"GET","url":"http:/","invalidateInfo":{"identifier":"DB_PDO_MYSQL_DDL_catalogrule_product_price__temp8ce6d0a4_3"}} []
[2026-04-21T08:57:13.127380+00:00] main.DEBUG: cache_invalidate:  {"method":"GET","url":"http:/","invalidateInfo":{"identifier":"DB_PDO_MYSQL_DDL_catalogrule_product_price__temp8ce6d0a4_4"}} []
[2026-04-21T08:57:13.128156+00:00] main.DEBUG: cache_invalidate:  {"method":"GET","url":"http:/","invalidateInfo":{"identifier":"DB_PDO_MYSQL_DDL_catalogrule_product_price__temp8ce6d0a4_5"}} []
[2026-04-21T08:57:13.128860+00:00] main.DEBUG: cache_invalidate:  {"method":"GET","url":"http:/","invalidateInfo":{"identifier":"DB_PDO_MYSQL_DDL_catalogrule_group_website_1"}} []
[2026-04-21T08:57:13.129473+00:00] main.DEBUG: cache_invalidate:  {"method":"GET","url":"http:/","invalidateInfo":{"identifier":"DB_PDO_MYSQL_DDL_catalogrule_group_website_2"}} []
[2026-04-21T08:57:13.130126+00:00] main.DEBUG: cache_invalidate:  {"method":"GET","url":"http:/","invalidateInfo":{"identifier":"DB_PDO_MYSQL_DDL_catalogrule_group_website_3"}} []
[2026-04-21T08:57:13.130786+00:00] main.DEBUG: cache_invalidate:  {"method":"GET","url":"http:/","invalidateInfo":{"identifier":"DB_PDO_MYSQL_DDL_catalogrule_group_website_4"}} []
[2026-04-21T08:57:13.131424+00:00] main.DEBUG: cache_invalidate:  {"method":"GET","url":"http:/","invalidateInfo":{"identifier":"DB_PDO_MYSQL_DDL_catalogrule_group_website_5"}} []
[2026-04-21T08:57:13.132575+00:00] main.DEBUG: cache_invalidate:  {"method":"GET","url":"http:/","invalidateInfo":{"identifier":"DB_PDO_MYSQL_DDL_catalogrule_group_websitec9405a48_1"}} []
[2026-04-21T08:57:13.133304+00:00] main.DEBUG: cache_invalidate:  {"method":"GET","url":"http:/","invalidateInfo":{"identifier":"DB_PDO_MYSQL_DDL_catalogrule_group_websitec9405a48_2"}} []
[2026-04-21T08:57:13.134014+00:00] main.DEBUG: cache_invalidate:  {"method":"GET","url":"http:/","invalidateInfo":{"identifier":"DB_PDO_MYSQL_DDL_catalogrule_group_websitec9405a48_3"}} []
[2026-04-21T08:57:13.134898+00:00] main.DEBUG: cache_invalidate:  {"method":"GET","url":"http:/","invalidateInfo":{"identifier":"DB_PDO_MYSQL_DDL_catalogrule_group_websitec9405a48_4"}} []
[2026-04-21T08:57:13.135746+00:00] main.DEBUG: cache_invalidate:  {"method":"GET","url":"http:/","invalidateInfo":{"identifier":"DB_PDO_MYSQL_DDL_catalogrule_group_websitec9405a48_5"}} []
[2026-04-21T08:57:13.136584+00:00] main.DEBUG: cache_invalidate:  {"method":"GET","url":"http:/","invalidateInfo":{"identifier":"DB_PDO_MYSQL_DDL_catalogrule_group_website__temp9373c1e7_1"}} []
[2026-04-21T08:57:13.137306+00:00] main.DEBUG: cache_invalidate:  {"method":"GET","url":"http:/","invalidateInfo":{"identifier":"DB_PDO_MYSQL_DDL_catalogrule_group_website__temp9373c1e7_2"}} []
[2026-04-21T08:57:13.138038+00:00] main.DEBUG: cache_invalidate:  {"method":"GET","url":"http:/","invalidateInfo":{"identifier":"DB_PDO_MYSQL_DDL_catalogrule_group_website__temp9373c1e7_3"}} []
[2026-04-21T08:57:13.138995+00:00] main.DEBUG: cache_invalidate:  {"method":"GET","url":"http:/","invalidateInfo":{"identifier":"DB_PDO_MYSQL_DDL_catalogrule_group_website__temp9373c1e7_4"}} []
[2026-04-21T08:57:13.139986+00:00] main.DEBUG: cache_invalidate:  {"method":"GET","url":"http:/","invalidateInfo":{"identifier":"DB_PDO_MYSQL_DDL_catalogrule_group_website__temp9373c1e7_5"}} []
[2026-04-21T08:57:13.146195+00:00] main.DEBUG: cache_invalidate:  {"method":"GET","url":"http:/","invalidateInfo":{"identifier":"DB_PDO_MYSQL_DDL_catalogrule_productdeaa4293_1"}} []
[2026-04-21T08:57:13.146820+00:00] main.DEBUG: cache_invalidate:  {"method":"GET","url":"http:/","invalidateInfo":{"identifier":"DB_PDO_MYSQL_DDL_catalogrule_productdeaa4293_2"}} []
[2026-04-21T08:57:13.147495+00:00] main.DEBUG: cache_invalidate:  {"method":"GET","url":"http:/","invalidateInfo":{"identifier":"DB_PDO_MYSQL_DDL_catalogrule_productdeaa4293_3"}} []
[2026-04-21T08:57:13.148227+00:00] main.DEBUG: cache_invalidate:  {"method":"GET","url":"http:/","invalidateInfo":{"identifier":"DB_PDO_MYSQL_DDL_catalogrule_productdeaa4293_4"}} []
[2026-04-21T08:57:13.148814+00:00] main.DEBUG: cache_invalidate:  {"method":"GET","url":"http:/","invalidateInfo":{"identifier":"DB_PDO_MYSQL_DDL_catalogrule_productdeaa4293_5"}} []
[2026-04-21T08:57:13.155937+00:00] main.DEBUG: cache_invalidate:  {"method":"GET","url":"http:/","invalidateInfo":{"identifier":"DB_PDO_MYSQL_DDL_catalogrule_product_priceba432353_1"}} []
[2026-04-21T08:57:13.157138+00:00] main.DEBUG: cache_invalidate:  {"method":"GET","url":"http:/","invalidateInfo":{"identifier":"DB_PDO_MYSQL_DDL_catalogrule_product_priceba432353_2"}} []
[2026-04-21T08:57:13.157992+00:00] main.DEBUG: cache_invalidate:  {"method":"GET","url":"http:/","invalidateInfo":{"identifier":"DB_PDO_MYSQL_DDL_catalogrule_product_priceba432353_3"}} []
[2026-04-21T08:57:13.158563+00:00] main.DEBUG: cache_invalidate:  {"method":"GET","url":"http:/","invalidateInfo":{"identifier":"DB_PDO_MYSQL_DDL_catalogrule_product_priceba432353_4"}} []
[2026-04-21T08:57:13.159159+00:00] main.DEBUG: cache_invalidate:  {"method":"GET","url":"http:/","invalidateInfo":{"identifier":"DB_PDO_MYSQL_DDL_catalogrule_product_priceba432353_5"}} []
[2026-04-21T08:57:13.164682+00:00] main.DEBUG: cache_invalidate:  {"method":"GET","url":"http:/","invalidateInfo":{"identifier":"DB_PDO_MYSQL_DDL_catalogrule_group_websitec9405a48_1"}} []
[2026-04-21T08:57:13.165512+00:00] main.DEBUG: cache_invalidate:  {"method":"GET","url":"http:/","invalidateInfo":{"identifier":"DB_PDO_MYSQL_DDL_catalogrule_group_websitec9405a48_2"}} []
[2026-04-21T08:57:13.166184+00:00] main.DEBUG: cache_invalidate:  {"method":"GET","url":"http:/","invalidateInfo":{"identifier":"DB_PDO_MYSQL_DDL_catalogrule_group_websitec9405a48_3"}} []
[2026-04-21T08:57:13.166698+00:00] main.DEBUG: cache_invalidate:  {"method":"GET","url":"http:/","invalidateInfo":{"identifier":"DB_PDO_MYSQL_DDL_catalogrule_group_websitec9405a48_4"}} []
[2026-04-21T08:57:13.167198+00:00] main.DEBUG: cache_invalidate:  {"method":"GET","url":"http:/","invalidateInfo":{"identifier":"DB_PDO_MYSQL_DDL_catalogrule_group_websitec9405a48_5"}} []
[2026-04-21T08:57:13.193496+00:00] main.DEBUG: cache_invalidate:  {"method":"GET","url":"http:/","invalidateInfo":{"tags":["cat_c","FPC"],"mode":"matchingTag"}} []
[2026-04-21T08:57:13.194157+00:00] main.DEBUG: cache_invalidate:  {"method":"GET","url":"http:/","invalidateInfo":{"tags":["cat_p","FPC"],"mode":"matchingTag"}} []
[2026-04-21T08:57:13.194674+00:00] main.DEBUG: cache_invalidate:  {"method":"GET","url":"http:/","invalidateInfo":{"tags":["BLOCK_HTML","FPC"],"mode":"matchingTag"}} []
[2026-04-21T08:57:13.195435+00:00] main.DEBUG: cache_invalidate:  {"method":"GET","url":"http:/","invalidateInfo":{"tags":["cat_c","cat_p","BLOCK_HTML"],"mode":"matchingAnyTag"}} []
[2026-04-21T08:57:13.424813+00:00] main.DEBUG: cache_invalidate:  {"method":"GET","url":"http:/","invalidateInfo":{"identifier":"DB_PDO_MYSQL_DDL_catalog_product_index_eav_1"}} []
[2026-04-21T08:57:13.425916+00:00] main.DEBUG: cache_invalidate:  {"method":"GET","url":"http:/","invalidateInfo":{"identifier":"DB_PDO_MYSQL_DDL_catalog_product_index_eav_2"}} []
[2026-04-21T08:57:13.426938+00:00] main.DEBUG: cache_invalidate:  {"method":"GET","url":"http:/","invalidateInfo":{"identifier":"DB_PDO_MYSQL_DDL_catalog_product_index_eav_3"}} []
[2026-04-21T08:57:13.427967+00:00] main.DEBUG: cache_invalidate:  {"method":"GET","url":"http:/","invalidateInfo":{"identifier":"DB_PDO_MYSQL_DDL_catalog_product_index_eav_4"}} []
[2026-04-21T08:57:13.429110+00:00] main.DEBUG: cache_invalidate:  {"method":"GET","url":"http:/","invalidateInfo":{"identifier":"DB_PDO_MYSQL_DDL_catalog_product_index_eav_5"}} []
[2026-04-21T08:57:13.430098+00:00] main.DEBUG: cache_invalidate:  {"method":"GET","url":"http:/","invalidateInfo":{"identifier":"DB_PDO_MYSQL_DDL_catalog_product_index_eav_outdated_1"}} []
[2026-04-21T08:57:13.431112+00:00] main.DEBUG: cache_invalidate:  {"method":"GET","url":"http:/","invalidateInfo":{"identifier":"DB_PDO_MYSQL_DDL_catalog_product_index_eav_outdated_2"}} []
[2026-04-21T08:57:13.432043+00:00] main.DEBUG: cache_invalidate:  {"method":"GET","url":"http:/","invalidateInfo":{"identifier":"DB_PDO_MYSQL_DDL_catalog_product_index_eav_outdated_3"}} []
[2026-04-21T08:57:13.432972+00:00] main.DEBUG: cache_invalidate:  {"method":"GET","url":"http:/","invalidateInfo":{"identifier":"DB_PDO_MYSQL_DDL_catalog_product_index_eav_outdated_4"}} []
[2026-04-21T08:57:13.433786+00:00] main.DEBUG: cache_invalidate:  {"method":"GET","url":"http:/","invalidateInfo":{"identifier":"DB_PDO_MYSQL_DDL_catalog_product_index_eav_outdated_5"}} []
[2026-04-21T08:57:13.435713+00:00] main.DEBUG: cache_invalidate:  {"method":"GET","url":"http:/","invalidateInfo":{"identifier":"DB_PDO_MYSQL_DDL_catalog_product_index_eav_replica_1"}} []
[2026-04-21T08:57:13.437600+00:00] main.DEBUG: cache_invalidate:  {"method":"GET","url":"http:/","invalidateInfo":{"identifier":"DB_PDO_MYSQL_DDL_catalog_product_index_eav_replica_2"}} []
[2026-04-21T08:57:13.438954+00:00] main.DEBUG: cache_invalidate:  {"method":"GET","url":"http:/","invalidateInfo":{"identifier":"DB_PDO_MYSQL_DDL_catalog_product_index_eav_replica_3"}} []
[2026-04-21T08:57:13.439704+00:00] main.DEBUG: cache_invalidate:  {"method":"GET","url":"http:/","invalidateInfo":{"identifier":"DB_PDO_MYSQL_DDL_catalog_product_index_eav_replica_4"}} []
[2026-04-21T08:57:13.441305+00:00] main.DEBUG: cache_invalidate:  {"method":"GET","url":"http:/","invalidateInfo":{"identifier":"DB_PDO_MYSQL_DDL_catalog_product_index_eav_replica_5"}} []
[2026-04-21T08:57:13.556682+00:00] main.DEBUG: cache_invalidate:  {"method":"GET","url":"http:/","invalidateInfo":{"identifier":"DB_PDO_MYSQL_DDL_catalog_product_index_eav_decimal_1"}} []
[2026-04-21T08:57:13.558917+00:00] main.DEBUG: cache_invalidate:  {"method":"GET","url":"http:/","invalidateInfo":{"identifier":"DB_PDO_MYSQL_DDL_catalog_product_index_eav_decimal_2"}} []
[2026-04-21T08:57:13.560646+00:00] main.DEBUG: cache_invalidate:  {"method":"GET","url":"http:/","invalidateInfo":{"identifier":"DB_PDO_MYSQL_DDL_catalog_product_index_eav_decimal_3"}} []
[2026-04-21T08:57:13.561659+00:00] main.DEBUG: cache_invalidate:  {"method":"GET","url":"http:/","invalidateInfo":{"identifier":"DB_PDO_MYSQL_DDL_catalog_product_index_eav_decimal_4"}} []
[2026-04-21T08:57:13.562674+00:00] main.DEBUG: cache_invalidate:  {"method":"GET","url":"http:/","invalidateInfo":{"identifier":"DB_PDO_MYSQL_DDL_catalog_product_index_eav_decimal_5"}} []
[2026-04-21T08:57:13.564292+00:00] main.DEBUG: cache_invalidate:  {"method":"GET","url":"http:/","invalidateInfo":{"identifier":"DB_PDO_MYSQL_DDL_catalog_product_index_eav_decimal_outdated_1"}} []
[2026-04-21T08:57:13.565792+00:00] main.DEBUG: cache_invalidate:  {"method":"GET","url":"http:/","invalidateInfo":{"identifier":"DB_PDO_MYSQL_DDL_catalog_product_index_eav_decimal_outdated_2"}} []
[2026-04-21T08:57:13.566724+00:00] main.DEBUG: cache_invalidate:  {"method":"GET","url":"http:/","invalidateInfo":{"identifier":"DB_PDO_MYSQL_DDL_catalog_product_index_eav_decimal_outdated_3"}} []
[2026-04-21T08:57:13.568407+00:00] main.DEBUG: cache_invalidate:  {"method":"GET","url":"http:/","invalidateInfo":{"identifier":"DB_PDO_MYSQL_DDL_catalog_product_index_eav_decimal_outdated_4"}} []
[2026-04-21T08:57:13.570858+00:00] main.DEBUG: cache_invalidate:  {"method":"GET","url":"http:/","invalidateInfo":{"identifier":"DB_PDO_MYSQL_DDL_catalog_product_index_eav_decimal_outdated_5"}} []
[2026-04-21T08:57:13.571889+00:00] main.DEBUG: cache_invalidate:  {"method":"GET","url":"http:/","invalidateInfo":{"identifier":"DB_PDO_MYSQL_DDL_catalog_product_index_eav_decimal_replica_1"}} []
[2026-04-21T08:57:13.573109+00:00] main.DEBUG: cache_invalidate:  {"method":"GET","url":"http:/","invalidateInfo":{"identifier":"DB_PDO_MYSQL_DDL_catalog_product_index_eav_decimal_replica_2"}} []
[2026-04-21T08:57:13.575478+00:00] main.DEBUG: cache_invalidate:  {"method":"GET","url":"http:/","invalidateInfo":{"identifier":"DB_PDO_MYSQL_DDL_catalog_product_index_eav_decimal_replica_3"}} []
[2026-04-21T08:57:13.576425+00:00] main.DEBUG: cache_invalidate:  {"method":"GET","url":"http:/","invalidateInfo":{"identifier":"DB_PDO_MYSQL_DDL_catalog_product_index_eav_decimal_replica_4"}} []
[2026-04-21T08:57:13.578027+00:00] main.DEBUG: cache_invalidate:  {"method":"GET","url":"http:/","invalidateInfo":{"identifier":"DB_PDO_MYSQL_DDL_catalog_product_index_eav_decimal_replica_5"}} []
[2026-04-21T08:57:13.580080+00:00] main.DEBUG: cache_invalidate:  {"method":"GET","url":"http:/","invalidateInfo":{"tags":["cat_c","FPC"],"mode":"matchingTag"}} []
[2026-04-21T08:57:13.581337+00:00] main.DEBUG: cache_invalidate:  {"method":"GET","url":"http:/","invalidateInfo":{"tags":["cat_p","FPC"],"mode":"matchingTag"}} []
[2026-04-21T08:57:13.582724+00:00] main.DEBUG: cache_invalidate:  {"method":"GET","url":"http:/","invalidateInfo":{"tags":["cat_c","cat_p"],"mode":"matchingAnyTag"}} []
[2026-04-21T08:57:14.025418+00:00] main.DEBUG: cache_invalidate:  {"method":"GET","url":"http:/","invalidateInfo":{"identifier":"DB_PDO_MYSQL_DDL_catalog_product_index_price_temp_1"}} []
[2026-04-21T08:57:14.026203+00:00] main.DEBUG: cache_invalidate:  {"method":"GET","url":"http:/","invalidateInfo":{"identifier":"DB_PDO_MYSQL_DDL_catalog_product_index_price_temp_2"}} []
[2026-04-21T08:57:14.026873+00:00] main.DEBUG: cache_invalidate:  {"method":"GET","url":"http:/","invalidateInfo":{"identifier":"DB_PDO_MYSQL_DDL_catalog_product_index_price_temp_3"}} []
[2026-04-21T08:57:14.027516+00:00] main.DEBUG: cache_invalidate:  {"method":"GET","url":"http:/","invalidateInfo":{"identifier":"DB_PDO_MYSQL_DDL_catalog_product_index_price_temp_4"}} []
[2026-04-21T08:57:14.028316+00:00] main.DEBUG: cache_invalidate:  {"method":"GET","url":"http:/","invalidateInfo":{"identifier":"DB_PDO_MYSQL_DDL_catalog_product_index_price_temp_5"}} []
[2026-04-21T08:57:14.089595+00:00] main.DEBUG: cache_invalidate:  {"method":"GET","url":"http:/","invalidateInfo":{"identifier":"DB_PDO_MYSQL_DDL_catalog_product_index_price_1"}} []
[2026-04-21T08:57:14.090436+00:00] main.DEBUG: cache_invalidate:  {"method":"GET","url":"http:/","invalidateInfo":{"identifier":"DB_PDO_MYSQL_DDL_catalog_product_index_price_2"}} []
[2026-04-21T08:57:14.091141+00:00] main.DEBUG: cache_invalidate:  {"method":"GET","url":"http:/","invalidateInfo":{"identifier":"DB_PDO_MYSQL_DDL_catalog_product_index_price_3"}} []
[2026-04-21T08:57:14.091902+00:00] main.DEBUG: cache_invalidate:  {"method":"GET","url":"http:/","invalidateInfo":{"identifier":"DB_PDO_MYSQL_DDL_catalog_product_index_price_4"}} []
[2026-04-21T08:57:14.092537+00:00] main.DEBUG: cache_invalidate:  {"method":"GET","url":"http:/","invalidateInfo":{"identifier":"DB_PDO_MYSQL_DDL_catalog_product_index_price_5"}} []
[2026-04-21T08:57:14.093171+00:00] main.DEBUG: cache_invalidate:  {"method":"GET","url":"http:/","invalidateInfo":{"identifier":"DB_PDO_MYSQL_DDL_catalog_product_index_price_outdated_1"}} []
[2026-04-21T08:57:14.093833+00:00] main.DEBUG: cache_invalidate:  {"method":"GET","url":"http:/","invalidateInfo":{"identifier":"DB_PDO_MYSQL_DDL_catalog_product_index_price_outdated_2"}} []
[2026-04-21T08:57:14.094425+00:00] main.DEBUG: cache_invalidate:  {"method":"GET","url":"http:/","invalidateInfo":{"identifier":"DB_PDO_MYSQL_DDL_catalog_product_index_price_outdated_3"}} []
[2026-04-21T08:57:14.095034+00:00] main.DEBUG: cache_invalidate:  {"method":"GET","url":"http:/","invalidateInfo":{"identifier":"DB_PDO_MYSQL_DDL_catalog_product_index_price_outdated_4"}} []
[2026-04-21T08:57:14.095562+00:00] main.DEBUG: cache_invalidate:  {"method":"GET","url":"http:/","invalidateInfo":{"identifier":"DB_PDO_MYSQL_DDL_catalog_product_index_price_outdated_5"}} []
[2026-04-21T08:57:14.096173+00:00] main.DEBUG: cache_invalidate:  {"method":"GET","url":"http:/","invalidateInfo":{"identifier":"DB_PDO_MYSQL_DDL_catalog_product_index_price_replica_1"}} []
[2026-04-21T08:57:14.096760+00:00] main.DEBUG: cache_invalidate:  {"method":"GET","url":"http:/","invalidateInfo":{"identifier":"DB_PDO_MYSQL_DDL_catalog_product_index_price_replica_2"}} []
[2026-04-21T08:57:14.097574+00:00] main.DEBUG: cache_invalidate:  {"method":"GET","url":"http:/","invalidateInfo":{"identifier":"DB_PDO_MYSQL_DDL_catalog_product_index_price_replica_3"}} []
[2026-04-21T08:57:14.098482+00:00] main.DEBUG: cache_invalidate:  {"method":"GET","url":"http:/","invalidateInfo":{"identifier":"DB_PDO_MYSQL_DDL_catalog_product_index_price_replica_4"}} []
[2026-04-21T08:57:14.099161+00:00] main.DEBUG: cache_invalidate:  {"method":"GET","url":"http:/","invalidateInfo":{"identifier":"DB_PDO_MYSQL_DDL_catalog_product_index_price_replica_5"}} []
[2026-04-21T08:57:14.099915+00:00] main.DEBUG: cache_invalidate:  {"method":"GET","url":"http:/","invalidateInfo":{"tags":["cat_c","FPC"],"mode":"matchingTag"}} []
[2026-04-21T08:57:14.100323+00:00] main.DEBUG: cache_invalidate:  {"method":"GET","url":"http:/","invalidateInfo":{"tags":["cat_p","FPC"],"mode":"matchingTag"}} []
[2026-04-21T08:57:14.100947+00:00] main.DEBUG: cache_invalidate:  {"method":"GET","url":"http:/","invalidateInfo":{"tags":["cat_c","cat_p"],"mode":"matchingAnyTag"}} []
[2026-04-21T08:57:16.482439+00:00] main.DEBUG: cache_invalidate:  {"method":"GET","url":"http:/","invalidateInfo":{"tags":["cat_c_2","FPC"],"mode":"matchingTag"}} []
[2026-04-21T08:57:16.483099+00:00] main.DEBUG: cache_invalidate:  {"method":"GET","url":"http:/","invalidateInfo":{"tags":["cat_c_43","FPC"],"mode":"matchingTag"}} []
[2026-04-21T08:57:16.483589+00:00] main.DEBUG: cache_invalidate:  {"method":"GET","url":"http:/","invalidateInfo":{"tags":["cat_c_44","FPC"],"mode":"matchingTag"}} []
[2026-04-21T08:57:16.484083+00:00] main.DEBUG: cache_invalidate:  {"method":"GET","url":"http:/","invalidateInfo":{"tags":["cat_c_45","FPC"],"mode":"matchingTag"}} []
[2026-04-21T08:57:16.484576+00:00] main.DEBUG: cache_invalidate:  {"method":"GET","url":"http:/","invalidateInfo":{"tags":["cat_c_46","FPC"],"mode":"matchingTag"}} []
[2026-04-21T08:57:16.485108+00:00] main.DEBUG: cache_invalidate:  {"method":"GET","url":"http:/","invalidateInfo":{"tags":["cat_c_47","FPC"],"mode":"matchingTag"}} []
[2026-04-21T08:57:16.485769+00:00] main.DEBUG: cache_invalidate:  {"method":"GET","url":"http:/","invalidateInfo":{"tags":["cat_c_48","FPC"],"mode":"matchingTag"}} []
[2026-04-21T08:57:16.486291+00:00] main.DEBUG: cache_invalidate:  {"method":"GET","url":"http:/","invalidateInfo":{"tags":["cat_c_49","FPC"],"mode":"matchingTag"}} []
[2026-04-21T08:57:16.486792+00:00] main.DEBUG: cache_invalidate:  {"method":"GET","url":"http:/","invalidateInfo":{"tags":["cat_c_50","FPC"],"mode":"matchingTag"}} []
[2026-04-21T08:57:16.487230+00:00] main.DEBUG: cache_invalidate:  {"method":"GET","url":"http:/","invalidateInfo":{"tags":["cat_c_51","FPC"],"mode":"matchingTag"}} []
[2026-04-21T08:57:16.487807+00:00] main.DEBUG: cache_invalidate:  {"method":"GET","url":"http:/","invalidateInfo":{"tags":["cat_c_52","FPC"],"mode":"matchingTag"}} []
[2026-04-21T08:57:16.488406+00:00] main.DEBUG: cache_invalidate:  {"method":"GET","url":"http:/","invalidateInfo":{"tags":["cat_c_53","FPC"],"mode":"matchingTag"}} []
[2026-04-21T08:57:16.489078+00:00] main.DEBUG: cache_invalidate:  {"method":"GET","url":"http:/","invalidateInfo":{"tags":["cat_c_54","FPC"],"mode":"matchingTag"}} []
[2026-04-21T08:57:16.489845+00:00] main.DEBUG: cache_invalidate:  {"method":"GET","url":"http:/","invalidateInfo":{"tags":["cat_c_55","FPC"],"mode":"matchingTag"}} []
[2026-04-21T08:57:16.490521+00:00] main.DEBUG: cache_invalidate:  {"method":"GET","url":"http:/","invalidateInfo":{"tags":["cat_c_56","FPC"],"mode":"matchingTag"}} []
[2026-04-21T08:57:16.491172+00:00] main.DEBUG: cache_invalidate:  {"method":"GET","url":"http:/","invalidateInfo":{"tags":["cat_c_57","FPC"],"mode":"matchingTag"}} []
[2026-04-21T08:57:16.492064+00:00] main.DEBUG: cache_invalidate:  {"method":"GET","url":"http:/","invalidateInfo":{"tags":["cat_c_58","FPC"],"mode":"matchingTag"}} []
[2026-04-21T08:57:16.492842+00:00] main.DEBUG: cache_invalidate:  {"method":"GET","url":"http:/","invalidateInfo":{"tags":["cat_c_59","FPC"],"mode":"matchingTag"}} []
[2026-04-21T08:57:16.493561+00:00] main.DEBUG: cache_invalidate:  {"method":"GET","url":"http:/","invalidateInfo":{"tags":["cat_c_60","FPC"],"mode":"matchingTag"}} []
[2026-04-21T08:57:16.494231+00:00] main.DEBUG: cache_invalidate:  {"method":"GET","url":"http:/","invalidateInfo":{"tags":["cat_c_61","FPC"],"mode":"matchingTag"}} []
[2026-04-21T08:57:16.494715+00:00] main.DEBUG: cache_invalidate:  {"method":"GET","url":"http:/","invalidateInfo":{"tags":["cat_c_62","FPC"],"mode":"matchingTag"}} []
[2026-04-21T08:57:16.495164+00:00] main.DEBUG: cache_invalidate:  {"method":"GET","url":"http:/","invalidateInfo":{"tags":["cat_c_63","FPC"],"mode":"matchingTag"}} []
[2026-04-21T08:57:16.495568+00:00] main.DEBUG: cache_invalidate:  {"method":"GET","url":"http:/","invalidateInfo":{"tags":["cat_c_64","FPC"],"mode":"matchingTag"}} []
[2026-04-21T08:57:16.499927+00:00] main.DEBUG: cache_invalidate:  {"method":"GET","url":"http:/","invalidateInfo":{"tags":["cat_c_2","cat_c_43","cat_c_44","cat_c_45","cat_c_46","cat_c_47","cat_c_48","cat_c_49","cat_c_50","cat_c_51","cat_c_52","cat_c_53","cat_c_54","cat_c_55","cat_c_56","cat_c_57","cat_c_58","cat_c_59","cat_c_60","cat_c_61","cat_c_62","cat_c_63","cat_c_64"],"mode":"matchingAnyTag"}} []
[2026-04-21T08:57:16.585005+00:00] main.INFO: {"feed":"salesOrders","operation":"full reindex(legacy)","status":"Initialize","elapsed":"957 ms","pid":"423","caller":"bin\/magento indexer:reindex"} [] []
[2026-04-21T08:57:16.616819+00:00] main.DEBUG: cache_invalidate:  {"method":"GET","url":"http:/","invalidateInfo":{"identifier":"DB_PDO_MYSQL_DDL_sales_data_exporter_orders_index_sequence_1"}} []
[2026-04-21T08:57:16.617537+00:00] main.DEBUG: cache_invalidate:  {"method":"GET","url":"http:/","invalidateInfo":{"identifier":"DB_PDO_MYSQL_DDL_sales_data_exporter_orders_index_sequence_2"}} []
[2026-04-21T08:57:16.618323+00:00] main.DEBUG: cache_invalidate:  {"method":"GET","url":"http:/","invalidateInfo":{"identifier":"DB_PDO_MYSQL_DDL_sales_data_exporter_orders_index_sequence_3"}} []
[2026-04-21T08:57:16.619226+00:00] main.DEBUG: cache_invalidate:  {"method":"GET","url":"http:/","invalidateInfo":{"identifier":"DB_PDO_MYSQL_DDL_sales_data_exporter_orders_index_sequence_4"}} []
[2026-04-21T08:57:16.620096+00:00] main.DEBUG: cache_invalidate:  {"method":"GET","url":"http:/","invalidateInfo":{"identifier":"DB_PDO_MYSQL_DDL_sales_data_exporter_orders_index_sequence_5"}} []
[2026-04-21T08:57:16.635022+00:00] main.DEBUG: cache_invalidate:  {"method":"GET","url":"http:/","invalidateInfo":{"identifier":"DB_PDO_MYSQL_DDL_sales_data_exporter_orders_index_sequence_1"}} []
[2026-04-21T08:57:16.636183+00:00] main.DEBUG: cache_invalidate:  {"method":"GET","url":"http:/","invalidateInfo":{"identifier":"DB_PDO_MYSQL_DDL_sales_data_exporter_orders_index_sequence_2"}} []
[2026-04-21T08:57:16.637118+00:00] main.DEBUG: cache_invalidate:  {"method":"GET","url":"http:/","invalidateInfo":{"identifier":"DB_PDO_MYSQL_DDL_sales_data_exporter_orders_index_sequence_3"}} []
[2026-04-21T08:57:16.638010+00:00] main.DEBUG: cache_invalidate:  {"method":"GET","url":"http:/","invalidateInfo":{"identifier":"DB_PDO_MYSQL_DDL_sales_data_exporter_orders_index_sequence_4"}} []
[2026-04-21T08:57:16.638873+00:00] main.DEBUG: cache_invalidate:  {"method":"GET","url":"http:/","invalidateInfo":{"identifier":"DB_PDO_MYSQL_DDL_sales_data_exporter_orders_index_sequence_5"}} []
[2026-04-21T08:57:16.648942+00:00] main.INFO: {"feed":"salesOrders","operation":"full reindex(legacy)","status":"Creating batch table `sales_data_exporter_orders_index_batches`. Start position: 0","elapsed":"00:00:00 21 ms","pid":"423","caller":"bin\/magento indexer:reindex"} [] []
[2026-04-21T08:57:16.655178+00:00] main.DEBUG: cache_invalidate:  {"method":"GET","url":"http:/","invalidateInfo":{"identifier":"DB_PDO_MYSQL_DDL_sales_data_exporter_orders_index_batches_1"}} []
[2026-04-21T08:57:16.656015+00:00] main.DEBUG: cache_invalidate:  {"method":"GET","url":"http:/","invalidateInfo":{"identifier":"DB_PDO_MYSQL_DDL_sales_data_exporter_orders_index_batches_2"}} []
[2026-04-21T08:57:16.656954+00:00] main.DEBUG: cache_invalidate:  {"method":"GET","url":"http:/","invalidateInfo":{"identifier":"DB_PDO_MYSQL_DDL_sales_data_exporter_orders_index_batches_3"}} []
[2026-04-21T08:57:16.657781+00:00] main.DEBUG: cache_invalidate:  {"method":"GET","url":"http:/","invalidateInfo":{"identifier":"DB_PDO_MYSQL_DDL_sales_data_exporter_orders_index_batches_4"}} []
[2026-04-21T08:57:16.658553+00:00] main.DEBUG: cache_invalidate:  {"method":"GET","url":"http:/","invalidateInfo":{"identifier":"DB_PDO_MYSQL_DDL_sales_data_exporter_orders_index_batches_5"}} []
[2026-04-21T08:57:16.676664+00:00] main.DEBUG: cache_invalidate:  {"method":"GET","url":"http:/","invalidateInfo":{"identifier":"DB_PDO_MYSQL_DDL_sales_data_exporter_orders_index_batches_1"}} []
[2026-04-21T08:57:16.677474+00:00] main.DEBUG: cache_invalidate:  {"method":"GET","url":"http:/","invalidateInfo":{"identifier":"DB_PDO_MYSQL_DDL_sales_data_exporter_orders_index_batches_2"}} []
[2026-04-21T08:57:16.678163+00:00] main.DEBUG: cache_invalidate:  {"method":"GET","url":"http:/","invalidateInfo":{"identifier":"DB_PDO_MYSQL_DDL_sales_data_exporter_orders_index_batches_3"}} []
[2026-04-21T08:57:16.678785+00:00] main.DEBUG: cache_invalidate:  {"method":"GET","url":"http:/","invalidateInfo":{"identifier":"DB_PDO_MYSQL_DDL_sales_data_exporter_orders_index_batches_4"}} []
[2026-04-21T08:57:16.679392+00:00] main.DEBUG: cache_invalidate:  {"method":"GET","url":"http:/","invalidateInfo":{"identifier":"DB_PDO_MYSQL_DDL_sales_data_exporter_orders_index_batches_5"}} []
[2026-04-21T08:57:16.683542+00:00] main.INFO: {"feed":"salesOrders","operation":"full reindex(legacy)","status":"Batch table `sales_data_exporter_orders_index_batches` created. Total Items: 0, batches: ~0","elapsed":"00:00:00 55 ms","pid":"423","caller":"bin\/magento indexer:reindex"} [] []
[2026-04-21T08:57:16.683950+00:00] main.INFO: {"feed":"salesOrders","operation":"full reindex(legacy)","status":"nothing to process - no items to sync. Not expected? Are there any items in source table `sales_order`?","elapsed":"00:00:00 56 ms","pid":"423","caller":"bin\/magento indexer:reindex"} [] []
[2026-04-21T08:57:16.687748+00:00] main.INFO: {"feed":"salesOrders","operation":"full reindex(legacy)","status":"Complete","elapsed":"00:00:00 59 ms","pid":"423","caller":"bin\/magento indexer:reindex"} [] []
[2026-04-21T08:57:16.719528+00:00] main.INFO: {"feed":"salesOrderStatuses","operation":"full reindex(legacy)","status":"Initialize","elapsed":"00:00:00 226 ms","pid":"423","caller":"bin\/magento indexer:reindex"} [] []
[2026-04-21T08:57:16.742242+00:00] main.DEBUG: cache_invalidate:  {"method":"GET","url":"http:/","invalidateInfo":{"identifier":"DB_PDO_MYSQL_DDL_sales_data_exporter_order_statuses_index_sequence_1"}} []
[2026-04-21T08:57:16.742989+00:00] main.DEBUG: cache_invalidate:  {"method":"GET","url":"http:/","invalidateInfo":{"identifier":"DB_PDO_MYSQL_DDL_sales_data_exporter_order_statuses_index_sequence_2"}} []
[2026-04-21T08:57:16.743563+00:00] main.DEBUG: cache_invalidate:  {"method":"GET","url":"http:/","invalidateInfo":{"identifier":"DB_PDO_MYSQL_DDL_sales_data_exporter_order_statuses_index_sequence_3"}} []
[2026-04-21T08:57:16.744153+00:00] main.DEBUG: cache_invalidate:  {"method":"GET","url":"http:/","invalidateInfo":{"identifier":"DB_PDO_MYSQL_DDL_sales_data_exporter_order_statuses_index_sequence_4"}} []
[2026-04-21T08:57:16.744701+00:00] main.DEBUG: cache_invalidate:  {"method":"GET","url":"http:/","invalidateInfo":{"identifier":"DB_PDO_MYSQL_DDL_sales_data_exporter_order_statuses_index_sequence_5"}} []
[2026-04-21T08:57:16.757436+00:00] main.DEBUG: cache_invalidate:  {"method":"GET","url":"http:/","invalidateInfo":{"identifier":"DB_PDO_MYSQL_DDL_sales_data_exporter_order_statuses_index_sequence_1"}} []
[2026-04-21T08:57:16.758442+00:00] main.DEBUG: cache_invalidate:  {"method":"GET","url":"http:/","invalidateInfo":{"identifier":"DB_PDO_MYSQL_DDL_sales_data_exporter_order_statuses_index_sequence_2"}} []
[2026-04-21T08:57:16.759210+00:00] main.DEBUG: cache_invalidate:  {"method":"GET","url":"http:/","invalidateInfo":{"identifier":"DB_PDO_MYSQL_DDL_sales_data_exporter_order_statuses_index_sequence_3"}} []
[2026-04-21T08:57:16.759902+00:00] main.DEBUG: cache_invalidate:  {"method":"GET","url":"http:/","invalidateInfo":{"identifier":"DB_PDO_MYSQL_DDL_sales_data_exporter_order_statuses_index_sequence_4"}} []
[2026-04-21T08:57:16.760484+00:00] main.DEBUG: cache_invalidate:  {"method":"GET","url":"http:/","invalidateInfo":{"identifier":"DB_PDO_MYSQL_DDL_sales_data_exporter_order_statuses_index_sequence_5"}} []
[2026-04-21T08:57:16.764431+00:00] main.INFO: {"feed":"salesOrderStatuses","operation":"full reindex(legacy)","status":"Creating batch table `sales_data_exporter_order_statuses_index_batches`. Start position: ","elapsed":"00:00:00 271 ms","pid":"423","caller":"bin\/magento indexer:reindex"} [] []
[2026-04-21T08:57:16.769979+00:00] main.DEBUG: cache_invalidate:  {"method":"GET","url":"http:/","invalidateInfo":{"identifier":"DB_PDO_MYSQL_DDL_sales_data_exporter_order_statuses_index_batches_1"}} []
[2026-04-21T08:57:16.770657+00:00] main.DEBUG: cache_invalidate:  {"method":"GET","url":"http:/","invalidateInfo":{"identifier":"DB_PDO_MYSQL_DDL_sales_data_exporter_order_statuses_index_batches_2"}} []
[2026-04-21T08:57:16.771327+00:00] main.DEBUG: cache_invalidate:  {"method":"GET","url":"http:/","invalidateInfo":{"identifier":"DB_PDO_MYSQL_DDL_sales_data_exporter_order_statuses_index_batches_3"}} []
[2026-04-21T08:57:16.772053+00:00] main.DEBUG: cache_invalidate:  {"method":"GET","url":"http:/","invalidateInfo":{"identifier":"DB_PDO_MYSQL_DDL_sales_data_exporter_order_statuses_index_batches_4"}} []
[2026-04-21T08:57:16.772739+00:00] main.DEBUG: cache_invalidate:  {"method":"GET","url":"http:/","invalidateInfo":{"identifier":"DB_PDO_MYSQL_DDL_sales_data_exporter_order_statuses_index_batches_5"}} []
[2026-04-21T08:57:16.793502+00:00] main.DEBUG: cache_invalidate:  {"method":"GET","url":"http:/","invalidateInfo":{"identifier":"DB_PDO_MYSQL_DDL_sales_data_exporter_order_statuses_index_batches_1"}} []
[2026-04-21T08:57:16.794414+00:00] main.DEBUG: cache_invalidate:  {"method":"GET","url":"http:/","invalidateInfo":{"identifier":"DB_PDO_MYSQL_DDL_sales_data_exporter_order_statuses_index_batches_2"}} []
[2026-04-21T08:57:16.795176+00:00] main.DEBUG: cache_invalidate:  {"method":"GET","url":"http:/","invalidateInfo":{"identifier":"DB_PDO_MYSQL_DDL_sales_data_exporter_order_statuses_index_batches_3"}} []
[2026-04-21T08:57:16.795891+00:00] main.DEBUG: cache_invalidate:  {"method":"GET","url":"http:/","invalidateInfo":{"identifier":"DB_PDO_MYSQL_DDL_sales_data_exporter_order_statuses_index_batches_4"}} []
[2026-04-21T08:57:16.796563+00:00] main.DEBUG: cache_invalidate:  {"method":"GET","url":"http:/","invalidateInfo":{"identifier":"DB_PDO_MYSQL_DDL_sales_data_exporter_order_statuses_index_batches_5"}} []
[2026-04-21T08:57:16.802449+00:00] main.INFO: {"feed":"salesOrderStatuses","operation":"full reindex(legacy)","status":"Batch table `sales_data_exporter_order_statuses_index_batches` created. Total Items: 12, batches: ~0","elapsed":"00:00:00 309 ms","pid":"423","caller":"bin\/magento indexer:reindex"} [] []
[2026-04-21T08:57:16.802986+00:00] main.INFO: {"feed":"salesOrderStatuses","operation":"full reindex(legacy)","status":"start processing `12` items in `1` threads with `100` batch size","elapsed":"00:00:00 309 ms","pid":"423","caller":"bin\/magento indexer:reindex"} [] []
[2026-04-21T08:57:16.841810+00:00] main.INFO: {"feed":"salesOrderStatuses","operation":"full reindex(legacy)","status":"Progress 1\/1, processed 12, synced 12","elapsed":"00:00:00 348 ms","pid":"423","caller":"bin\/magento indexer:reindex"} [] []
[2026-04-21T08:57:16.846729+00:00] main.INFO: {"feed":"salesOrderStatuses","operation":"full reindex(legacy)","status":"Complete","elapsed":"00:00:00 353 ms","pid":"423","caller":"bin\/magento indexer:reindex"} [] []
[2026-04-21T08:57:16.871362+00:00] main.INFO: {"feed":"stores","operation":"full reindex(legacy)","status":"Initialize","elapsed":"00:00:00 529 ms","pid":"423","caller":"bin\/magento indexer:reindex"} [] []
[2026-04-21T08:57:16.893668+00:00] main.DEBUG: cache_invalidate:  {"method":"GET","url":"http:/","invalidateInfo":{"identifier":"DB_PDO_MYSQL_DDL_stores_data_exporter_index_sequence_1"}} []
[2026-04-21T08:57:16.894400+00:00] main.DEBUG: cache_invalidate:  {"method":"GET","url":"http:/","invalidateInfo":{"identifier":"DB_PDO_MYSQL_DDL_stores_data_exporter_index_sequence_2"}} []
[2026-04-21T08:57:16.895009+00:00] main.DEBUG: cache_invalidate:  {"method":"GET","url":"http:/","invalidateInfo":{"identifier":"DB_PDO_MYSQL_DDL_stores_data_exporter_index_sequence_3"}} []
[2026-04-21T08:57:16.895559+00:00] main.DEBUG: cache_invalidate:  {"method":"GET","url":"http:/","invalidateInfo":{"identifier":"DB_PDO_MYSQL_DDL_stores_data_exporter_index_sequence_4"}} []
[2026-04-21T08:57:16.896115+00:00] main.DEBUG: cache_invalidate:  {"method":"GET","url":"http:/","invalidateInfo":{"identifier":"DB_PDO_MYSQL_DDL_stores_data_exporter_index_sequence_5"}} []
[2026-04-21T08:57:16.909836+00:00] main.DEBUG: cache_invalidate:  {"method":"GET","url":"http:/","invalidateInfo":{"identifier":"DB_PDO_MYSQL_DDL_stores_data_exporter_index_sequence_1"}} []
[2026-04-21T08:57:16.910556+00:00] main.DEBUG: cache_invalidate:  {"method":"GET","url":"http:/","invalidateInfo":{"identifier":"DB_PDO_MYSQL_DDL_stores_data_exporter_index_sequence_2"}} []
[2026-04-21T08:57:16.911237+00:00] main.DEBUG: cache_invalidate:  {"method":"GET","url":"http:/","invalidateInfo":{"identifier":"DB_PDO_MYSQL_DDL_stores_data_exporter_index_sequence_3"}} []
[2026-04-21T08:57:16.911897+00:00] main.DEBUG: cache_invalidate:  {"method":"GET","url":"http:/","invalidateInfo":{"identifier":"DB_PDO_MYSQL_DDL_stores_data_exporter_index_sequence_4"}} []
[2026-04-21T08:57:16.912561+00:00] main.DEBUG: cache_invalidate:  {"method":"GET","url":"http:/","invalidateInfo":{"identifier":"DB_PDO_MYSQL_DDL_stores_data_exporter_index_sequence_5"}} []
[2026-04-21T08:57:16.917106+00:00] main.INFO: {"feed":"stores","operation":"full reindex(legacy)","status":"Creating batch table `stores_data_exporter_index_batches`. Start position: 0","elapsed":"00:00:00 575 ms","pid":"423","caller":"bin\/magento indexer:reindex"} [] []
[2026-04-21T08:57:16.923097+00:00] main.DEBUG: cache_invalidate:  {"method":"GET","url":"http:/","invalidateInfo":{"identifier":"DB_PDO_MYSQL_DDL_stores_data_exporter_index_batches_1"}} []
[2026-04-21T08:57:16.924105+00:00] main.DEBUG: cache_invalidate:  {"method":"GET","url":"http:/","invalidateInfo":{"identifier":"DB_PDO_MYSQL_DDL_stores_data_exporter_index_batches_2"}} []
[2026-04-21T08:57:16.924839+00:00] main.DEBUG: cache_invalidate:  {"method":"GET","url":"http:/","invalidateInfo":{"identifier":"DB_PDO_MYSQL_DDL_stores_data_exporter_index_batches_3"}} []
[2026-04-21T08:57:16.925428+00:00] main.DEBUG: cache_invalidate:  {"method":"GET","url":"http:/","invalidateInfo":{"identifier":"DB_PDO_MYSQL_DDL_stores_data_exporter_index_batches_4"}} []
[2026-04-21T08:57:16.925995+00:00] main.DEBUG: cache_invalidate:  {"method":"GET","url":"http:/","invalidateInfo":{"identifier":"DB_PDO_MYSQL_DDL_stores_data_exporter_index_batches_5"}} []
[2026-04-21T08:57:16.940950+00:00] main.DEBUG: cache_invalidate:  {"method":"GET","url":"http:/","invalidateInfo":{"identifier":"DB_PDO_MYSQL_DDL_stores_data_exporter_index_batches_1"}} []
[2026-04-21T08:57:16.941821+00:00] main.DEBUG: cache_invalidate:  {"method":"GET","url":"http:/","invalidateInfo":{"identifier":"DB_PDO_MYSQL_DDL_stores_data_exporter_index_batches_2"}} []
[2026-04-21T08:57:16.942446+00:00] main.DEBUG: cache_invalidate:  {"method":"GET","url":"http:/","invalidateInfo":{"identifier":"DB_PDO_MYSQL_DDL_stores_data_exporter_index_batches_3"}} []
[2026-04-21T08:57:16.943039+00:00] main.DEBUG: cache_invalidate:  {"method":"GET","url":"http:/","invalidateInfo":{"identifier":"DB_PDO_MYSQL_DDL_stores_data_exporter_index_batches_4"}} []
[2026-04-21T08:57:16.943578+00:00] main.DEBUG: cache_invalidate:  {"method":"GET","url":"http:/","invalidateInfo":{"identifier":"DB_PDO_MYSQL_DDL_stores_data_exporter_index_batches_5"}} []
[2026-04-21T08:57:16.949140+00:00] main.INFO: {"feed":"stores","operation":"full reindex(legacy)","status":"Batch table `stores_data_exporter_index_batches` created. Total Items: 1, batches: ~0","elapsed":"00:00:00 607 ms","pid":"423","caller":"bin\/magento indexer:reindex"} [] []
[2026-04-21T08:57:16.949572+00:00] main.INFO: {"feed":"stores","operation":"full reindex(legacy)","status":"start processing `1` items in `1` threads with `100` batch size","elapsed":"00:00:00 608 ms","pid":"423","caller":"bin\/magento indexer:reindex"} [] []
[2026-04-21T08:57:16.961629+00:00] main.INFO: {"feed":"stores","operation":"full reindex(legacy)","status":"Progress 1\/1, processed 1, synced 1","elapsed":"00:00:00 620 ms","pid":"423","caller":"bin\/magento indexer:reindex"} [] []
[2026-04-21T08:57:16.964106+00:00] main.INFO: {"feed":"stores","operation":"full reindex(legacy)","status":"Complete","elapsed":"00:00:00 622 ms","pid":"423","caller":"bin\/magento indexer:reindex"} [] []
[2026-04-23T05:57:10.064320+00:00] main.DEBUG: cache_invalidate:  {"method":"POST","url":"https://localhost/graphql","invalidateInfo":{"tags":["customer_10","GRAPHQL_QUERY_RESOLVER_RESULT"],"mode":"matchingTag"}} []
[2026-04-23T05:57:10.068486+00:00] main.DEBUG: cache_invalidate:  {"method":"POST","url":"https://localhost/graphql","invalidateInfo":{"tags":["customer_10","FPC"],"mode":"matchingTag"}} []
[2026-04-23T05:57:10.095075+00:00] main.DEBUG: cache_invalidate:  {"method":"POST","url":"https://localhost/graphql","invalidateInfo":{"tags":["customer_10"],"mode":"matchingAnyTag"}} []
[2026-04-23T05:57:10.095719+00:00] main.DEBUG: cache_invalidate:  {"method":"POST","url":"https://localhost/graphql","invalidateInfo":{"tags":["customer_10"],"mode":"matchingAnyTag"}} []
[2026-04-23T05:57:10.157269+00:00] main.DEBUG: cache_invalidate:  {"method":"POST","url":"https://localhost/graphql","invalidateInfo":{"tags":["customer_10","FPC"],"mode":"matchingTag"}} []
[2026-04-23T05:57:10.175930+00:00] main.DEBUG: cache_invalidate:  {"method":"POST","url":"https://localhost/graphql","invalidateInfo":{"tags":["customer_10","GRAPHQL_QUERY_RESOLVER_RESULT"],"mode":"matchingTag"}} []
[2026-04-23T05:57:10.176637+00:00] main.DEBUG: cache_invalidate:  {"method":"POST","url":"https://localhost/graphql","invalidateInfo":{"tags":["customer_10","FPC"],"mode":"matchingTag"}} []
[2026-04-23T05:57:10.178598+00:00] main.DEBUG: cache_invalidate:  {"method":"POST","url":"https://localhost/graphql","invalidateInfo":{"tags":["customer_10"],"mode":"matchingAnyTag"}} []
[2026-04-23T05:57:10.179175+00:00] main.DEBUG: cache_invalidate:  {"method":"POST","url":"https://localhost/graphql","invalidateInfo":{"tags":["customer_10"],"mode":"matchingAnyTag"}} []
[2026-04-23T05:57:10.188445+00:00] main.DEBUG: cache_invalidate:  {"method":"POST","url":"https://localhost/graphql","invalidateInfo":{"tags":["customer_10","FPC"],"mode":"matchingTag"}} []
[2026-04-23T06:57:13.458850+00:00] main.CRITICAL: Consumer key has expired [] []
[2026-04-23T06:57:14.346248+00:00] main.CRITICAL: Consumer key has expired [] []
[2026-04-23T06:57:22.869628+00:00] main.ERROR: The current user cannot perform operations on cart "dw4hTCoWfnP55TydAXIGi36icPAX8U5D"

GraphQL (3:5)
2:   query GetCart($cartId: String!) {
3:     cart(cart_id: $cartId) {
       ^
4:       id
 {"exception":"[object] (GraphQL\\Error\\Error(code: 0): The current user cannot perform operations on cart \"dw4hTCoWfnP55TydAXIGi36icPAX8U5D\" at /var/www/html/vendor/webonyx/graphql-php/src/Error/Error.php:171)
[previous exception] [object] (Magento\\Framework\\GraphQl\\Exception\\GraphQlAuthorizationException(code: 0): The current user cannot perform operations on cart \"dw4hTCoWfnP55TydAXIGi36icPAX8U5D\" at /var/www/html/vendor/magento/module-quote-graph-ql/Model/Cart/GetCartForUser.php:99)"} []
[2026-04-23T08:19:47.075333+00:00] main.CRITICAL: Consumer key has expired [] []
[2026-04-23T08:19:47.075348+00:00] main.CRITICAL: Consumer key has expired [] []
[2026-04-23T08:33:57.348061+00:00] main.ERROR: Braintree\Configuration::merchantId needs to be set (or accessToken needs to be passed to Braintree\Gateway). [] []
[2026-05-08T06:49:54.145166+00:00] main.CRITICAL: Consumer key has expired [] []
[2026-05-08T06:49:54.145216+00:00] main.CRITICAL: Consumer key has expired [] []
[2026-05-08T06:50:17.834024+00:00] main.ERROR: The account sign-in was incorrect or your account is disabled temporarily. Please wait and try again later.

GraphQL (3:5)
2:   mutation GenerateCustomerToken($email: String!, $password: String!) {
3:     generateCustomerToken(email: $email, password: $password) {
       ^
4:       token
 {"exception":"[object] (GraphQL\\Error\\Error(code: 0): The account sign-in was incorrect or your account is disabled temporarily. Please wait and try again later. at /var/www/html/vendor/webonyx/graphql-php/src/Error/Error.php:171)
[previous exception] [object] (Magento\\Framework\\GraphQl\\Exception\\GraphQlAuthenticationException(code: 0): The account sign-in was incorrect or your account is disabled temporarily. Please wait and try again later. at /var/www/html/vendor/magento/module-customer-graph-ql/Model/Resolver/GenerateCustomerToken.php:60)
[previous exception] [object] (Magento\\Framework\\Exception\\AuthenticationException(code: 0): The account sign-in was incorrect or your account is disabled temporarily. Please wait and try again later. at /var/www/html/vendor/magento/module-integration/Model/CustomerTokenService.php:66)"} []
[2026-05-08T06:50:40.693161+00:00] main.ERROR: A customer with the same email address already exists in an associated website.

GraphQL (3:5)
2:   mutation CreateCustomer($input: CustomerCreateInput!) {
3:     createCustomerV2(input: $input) {
       ^
4:       customer {
 {"exception":"[object] (GraphQL\\Error\\Error(code: 0): A customer with the same email address already exists in an associated website. at /var/www/html/vendor/webonyx/graphql-php/src/Error/Error.php:171)
[previous exception] [object] (Magento\\Framework\\GraphQl\\Exception\\GraphQlInputException(code: 0): A customer with the same email address already exists in an associated website. at /var/www/html/vendor/magento/module-customer-graph-ql/Model/Customer/CreateCustomerAccount.php:94)"} []
[2026-05-08T06:50:48.330697+00:00] main.DEBUG: cache_invalidate:  {"method":"POST","url":"https://localhost/graphql","invalidateInfo":{"tags":["customer_11","GRAPHQL_QUERY_RESOLVER_RESULT"],"mode":"matchingTag"}} []
[2026-05-08T06:50:48.332971+00:00] main.DEBUG: cache_invalidate:  {"method":"POST","url":"https://localhost/graphql","invalidateInfo":{"tags":["customer_11","FPC"],"mode":"matchingTag"}} []
[2026-05-08T06:50:48.340841+00:00] main.DEBUG: cache_invalidate:  {"method":"POST","url":"https://localhost/graphql","invalidateInfo":{"tags":["customer_11"],"mode":"matchingAnyTag"}} []
[2026-05-08T06:50:48.341323+00:00] main.DEBUG: cache_invalidate:  {"method":"POST","url":"https://localhost/graphql","invalidateInfo":{"tags":["customer_11"],"mode":"matchingAnyTag"}} []
[2026-05-08T06:50:48.386055+00:00] main.DEBUG: cache_invalidate:  {"method":"POST","url":"https://localhost/graphql","invalidateInfo":{"tags":["customer_11","FPC"],"mode":"matchingTag"}} []
[2026-05-08T06:50:48.403948+00:00] main.DEBUG: cache_invalidate:  {"method":"POST","url":"https://localhost/graphql","invalidateInfo":{"tags":["customer_11","GRAPHQL_QUERY_RESOLVER_RESULT"],"mode":"matchingTag"}} []
[2026-05-08T06:50:48.404585+00:00] main.DEBUG: cache_invalidate:  {"method":"POST","url":"https://localhost/graphql","invalidateInfo":{"tags":["customer_11","FPC"],"mode":"matchingTag"}} []
[2026-05-08T06:50:48.406099+00:00] main.DEBUG: cache_invalidate:  {"method":"POST","url":"https://localhost/graphql","invalidateInfo":{"tags":["customer_11"],"mode":"matchingAnyTag"}} []
[2026-05-08T06:50:48.406707+00:00] main.DEBUG: cache_invalidate:  {"method":"POST","url":"https://localhost/graphql","invalidateInfo":{"tags":["customer_11"],"mode":"matchingAnyTag"}} []
[2026-05-08T06:50:48.415445+00:00] main.DEBUG: cache_invalidate:  {"method":"POST","url":"https://localhost/graphql","invalidateInfo":{"tags":["customer_11","FPC"],"mode":"matchingTag"}} []
[2026-05-08T06:50:52.360779+00:00] main.ERROR: The current user cannot perform operations on cart "dw4hTCoWfnP55TydAXIGi36icPAX8U5D"

GraphQL (6:5)
5:   ) {
6:     mergeCarts(
       ^
7:       source_cart_id: $sourceCartId
 {"exception":"[object] (GraphQL\\Error\\Error(code: 0): The current user cannot perform operations on cart \"dw4hTCoWfnP55TydAXIGi36icPAX8U5D\" at /var/www/html/vendor/webonyx/graphql-php/src/Error/Error.php:171)
[previous exception] [object] (Magento\\Framework\\GraphQl\\Exception\\GraphQlAuthorizationException(code: 0): The current user cannot perform operations on cart \"dw4hTCoWfnP55TydAXIGi36icPAX8U5D\" at /var/www/html/vendor/magento/module-quote-graph-ql/Model/Cart/GetCartForUser.php:99)"} []
[2026-05-08T07:57:02.176987+00:00] main.CRITICAL: Consumer key has expired [] []
[2026-05-08T07:57:02.176987+00:00] main.CRITICAL: Consumer key has expired [] []
[2026-05-08T07:57:20.975359+00:00] main.ERROR: The account sign-in was incorrect or your account is disabled temporarily. Please wait and try again later.

GraphQL (3:5)
2:   mutation GenerateCustomerToken($email: String!, $password: String!) {
3:     generateCustomerToken(email: $email, password: $password) {
       ^
4:       token
 {"exception":"[object] (GraphQL\\Error\\Error(code: 0): The account sign-in was incorrect or your account is disabled temporarily. Please wait and try again later. at /var/www/html/vendor/webonyx/graphql-php/src/Error/Error.php:171)
[previous exception] [object] (Magento\\Framework\\GraphQl\\Exception\\GraphQlAuthenticationException(code: 0): The account sign-in was incorrect or your account is disabled temporarily. Please wait and try again later. at /var/www/html/vendor/magento/module-customer-graph-ql/Model/Resolver/GenerateCustomerToken.php:60)
[previous exception] [object] (Magento\\Framework\\Exception\\AuthenticationException(code: 0): The account sign-in was incorrect or your account is disabled temporarily. Please wait and try again later. at /var/www/html/vendor/magento/module-integration/Model/CustomerTokenService.php:66)"} []
[2026-05-09T09:47:20.141946+00:00] main.CRITICAL: Consumer key has expired [] []
[2026-05-09T09:47:20.141995+00:00] main.CRITICAL: Consumer key has expired [] []
[2026-05-09T09:47:59.120441+00:00] main.ERROR: The account sign-in was incorrect or your account is disabled temporarily. Please wait and try again later.

GraphQL (3:5)
2:   mutation GenerateCustomerToken($email: String!, $password: String!) {
3:     generateCustomerToken(email: $email, password: $password) {
       ^
4:       token
 {"exception":"[object] (GraphQL\\Error\\Error(code: 0): The account sign-in was incorrect or your account is disabled temporarily. Please wait and try again later. at /var/www/html/vendor/webonyx/graphql-php/src/Error/Error.php:171)
[previous exception] [object] (Magento\\Framework\\GraphQl\\Exception\\GraphQlAuthenticationException(code: 0): The account sign-in was incorrect or your account is disabled temporarily. Please wait and try again later. at /var/www/html/vendor/magento/module-customer-graph-ql/Model/Resolver/GenerateCustomerToken.php:60)
[previous exception] [object] (Magento\\Framework\\Exception\\AuthenticationException(code: 0): The account sign-in was incorrect or your account is disabled temporarily. Please wait and try again later. at /var/www/html/vendor/magento/module-integration/Model/CustomerTokenService.php:66)"} []
