[2026-04-21T08:05:43.854412+00:00] main.INFO: Source table payment_services_order_status_data_production_submitted_hash does not exist. Skipping data migration... [] []
[2026-04-21T08:17:26.727804+00:00] main.ERROR: crontab -l 2>/dev/null 2>&1
no crontab for app [] []
[2026-04-21T08:17:26.734857+00:00] main.ERROR: crontab -l 2>/dev/null 2>&1
no crontab for app [] []
[2026-04-21T08:17:26.760804+00:00] main.INFO: echo "
#~ MAGENTO START 69dd2b02e1f3a65918182048ea4e29979a849d8942e8f53ed20a4bf10e529b36
* * * * * /usr/local/bin/php /var/www/html/bin/magento cron:run >> /var/www/html/var/log/magento.cron.log 2>&1
#~ MAGENTO END 69dd2b02e1f3a65918182048ea4e29979a849d8942e8f53ed20a4bf10e529b36
" 2>&1 | crontab - 2>&1
 [] []
[2026-04-23T06:57:13.458850+00:00] main.CRITICAL: Consumer key has expired [] []
[2026-04-23T06:57:14.346248+00:00] main.CRITICAL: Consumer key has expired [] []
[2026-04-23T08:19:47.075348+00:00] main.CRITICAL: Consumer key has expired [] []
[2026-04-23T08:19:47.075333+00:00] main.CRITICAL: Consumer key has expired [] []
[2026-04-23T08:33:57.348061+00:00] main.ERROR: Braintree\Configuration::merchantId needs to be set (or accessToken needs to be passed to Braintree\Gateway). [] []
[2026-05-08T06:49:54.145166+00:00] main.CRITICAL: Consumer key has expired [] []
[2026-05-08T06:49:54.145216+00:00] main.CRITICAL: Consumer key has expired [] []
[2026-05-08T07:57:02.176987+00:00] main.CRITICAL: Consumer key has expired [] []
[2026-05-08T07:57:02.176987+00:00] main.CRITICAL: Consumer key has expired [] []
[2026-05-09T09:47:20.141946+00:00] main.CRITICAL: Consumer key has expired [] []
[2026-05-09T09:47:20.141995+00:00] main.CRITICAL: Consumer key has expired [] []
perm-fix-test-1778741963
[2026-05-14T06:59:56.433266+00:00] main.INFO: Broken reference: the 'tracking' element cannot be added as child to 'header', because the latter doesn't exist [] []
[2026-05-14T06:59:56.435709+00:00] main.INFO: Broken reference: the 'notification_area' element cannot be added as child to 'notifications', because the latter doesn't exist [] []
[2026-05-14T06:59:56.436038+00:00] main.INFO: Broken reference: the 'unread_system_messages' element cannot be added as child to 'notifications', because the latter doesn't exist [] []
[2026-05-14T06:59:56.436192+00:00] main.INFO: Broken reference: the 'notification_window' element cannot be added as child to 'notifications', because the latter doesn't exist [] []
[2026-05-14T06:59:56.436363+00:00] main.INFO: Broken reference: the 'notification.messages' element cannot be added as child to 'header', because the latter doesn't exist [] []
[2026-05-14T06:59:56.436909+00:00] main.INFO: Broken reference: the 'global_notices' element cannot be added as child to 'global.notices', because the latter doesn't exist [] []
[2026-05-14T06:59:56.437131+00:00] main.INFO: Broken reference: the 'logo' element cannot be added as child to 'header', because the latter doesn't exist [] []
[2026-05-14T06:59:56.438114+00:00] main.INFO: Broken reference: the 'global.search' element cannot be added as child to 'header', because the latter doesn't exist [] []
[2026-05-14T06:59:56.438288+00:00] main.INFO: Broken reference: the 'user' element cannot be added as child to 'header', because the latter doesn't exist [] []
[2026-05-14T06:59:56.439114+00:00] main.INFO: Broken reference: the 'menu' element cannot be added as child to 'page.menu', because the latter doesn't exist [] []
[2026-05-14T06:59:56.439361+00:00] main.INFO: Broken reference: the 'breadcrumbs' element cannot be added as child to 'page.breadcrumbs', because the latter doesn't exist [] []
[2026-05-14T06:59:56.439768+00:00] main.INFO: Broken reference: the 'formkey' element cannot be added as child to 'page.formkey', because the latter doesn't exist [] []
[2026-05-14T06:59:56.440009+00:00] main.INFO: Broken reference: the 'page.title' element cannot be added as child to 'main.top', because the latter doesn't exist [] []
[2026-05-14T06:59:56.440149+00:00] main.INFO: Broken reference: the 'messages' element cannot be added as child to 'page.messages', because the latter doesn't exist [] []
[2026-05-14T06:59:56.440374+00:00] main.INFO: Broken reference: the 'page.actions.toolbar' element cannot be added as child to 'page.main.actions', because the latter doesn't exist [] []
[2026-05-14T06:59:56.440516+00:00] main.INFO: Broken reference: the 'legal' element cannot be added as child to 'footer', because the latter doesn't exist [] []
[2026-05-14T06:59:56.441284+00:00] main.INFO: Broken reference: the 'header.inner.left' element cannot be added as child to 'header', because the latter doesn't exist [] []
[2026-05-14T06:59:56.441565+00:00] main.INFO: Broken reference: the 'header.inner.right' element cannot be added as child to 'header', because the latter doesn't exist [] []
[2026-05-14T06:59:56.442144+00:00] main.INFO: Broken reference: the 'user' tries to reorder itself towards '', but their parents are different: 'header' and '' respectively. [] []
[2026-05-14T06:59:56.442316+00:00] main.INFO: Broken reference: the 'notification.messages' tries to reorder itself towards 'user', but their parents are different: 'header' and '' respectively. [] []
[2026-05-14T06:59:56.442443+00:00] main.INFO: Broken reference: the 'logo' tries to reorder itself towards '', but their parents are different: 'header' and '' respectively. [] []
[2026-05-14T06:59:56.442579+00:00] main.INFO: Broken reference: the 'global.search' tries to reorder itself towards 'logo', but their parents are different: 'header' and '' respectively. [] []
[2026-05-14T06:59:56.442698+00:00] main.INFO: Broken reference: the 'page.actions.toolbar' tries to reorder itself towards '', but their parents are different: 'page.main.actions' and '' respectively. [] []
[2026-05-14T06:59:56.442967+00:00] main.INFO: Broken reference: the 'header.inner.left' tries to reorder itself towards '', but their parents are different: 'header' and '' respectively. [] []
[2026-05-14T06:59:56.443173+00:00] main.INFO: Broken reference: the 'header.inner.right' tries to reorder itself towards 'header.inner.left', but their parents are different: 'header' and '' respectively. [] []
[2026-05-14T06:59:56.443427+00:00] main.INFO: Broken reference: the 'notification.messages' tries to reorder itself towards 'user', but their parents are different: 'header.inner.right' and '' respectively. [] []
[2026-05-14T07:01:34.343774+00:00] main.INFO: Broken reference: the 'tracking' element cannot be added as child to 'header', because the latter doesn't exist [] []
[2026-05-14T07:01:34.345567+00:00] main.INFO: Broken reference: the 'notification_area' element cannot be added as child to 'notifications', because the latter doesn't exist [] []
[2026-05-14T07:01:34.345882+00:00] main.INFO: Broken reference: the 'unread_system_messages' element cannot be added as child to 'notifications', because the latter doesn't exist [] []
[2026-05-14T07:01:34.346073+00:00] main.INFO: Broken reference: the 'notification_window' element cannot be added as child to 'notifications', because the latter doesn't exist [] []
[2026-05-14T07:01:34.346284+00:00] main.INFO: Broken reference: the 'notification.messages' element cannot be added as child to 'header', because the latter doesn't exist [] []
[2026-05-14T07:01:34.346618+00:00] main.INFO: Broken reference: the 'global_notices' element cannot be added as child to 'global.notices', because the latter doesn't exist [] []
[2026-05-14T07:01:34.346857+00:00] main.INFO: Broken reference: the 'logo' element cannot be added as child to 'header', because the latter doesn't exist [] []
[2026-05-14T07:01:34.347056+00:00] main.INFO: Broken reference: the 'global.search' element cannot be added as child to 'header', because the latter doesn't exist [] []
[2026-05-14T07:01:34.347214+00:00] main.INFO: Broken reference: the 'user' element cannot be added as child to 'header', because the latter doesn't exist [] []
[2026-05-14T07:01:34.347453+00:00] main.INFO: Broken reference: the 'menu' element cannot be added as child to 'page.menu', because the latter doesn't exist [] []
[2026-05-14T07:01:34.348493+00:00] main.INFO: Broken reference: the 'breadcrumbs' element cannot be added as child to 'page.breadcrumbs', because the latter doesn't exist [] []
[2026-05-14T07:01:34.348818+00:00] main.INFO: Broken reference: the 'formkey' element cannot be added as child to 'page.formkey', because the latter doesn't exist [] []
[2026-05-14T07:01:34.349151+00:00] main.INFO: Broken reference: the 'page.title' element cannot be added as child to 'main.top', because the latter doesn't exist [] []
[2026-05-14T07:01:34.349644+00:00] main.INFO: Broken reference: the 'messages' element cannot be added as child to 'page.messages', because the latter doesn't exist [] []
[2026-05-14T07:01:34.349795+00:00] main.INFO: Broken reference: the 'page.actions.toolbar' element cannot be added as child to 'page.main.actions', because the latter doesn't exist [] []
[2026-05-14T07:01:34.350013+00:00] main.INFO: Broken reference: the 'legal' element cannot be added as child to 'footer', because the latter doesn't exist [] []
[2026-05-14T07:01:34.350369+00:00] main.INFO: Broken reference: the 'header.inner.left' element cannot be added as child to 'header', because the latter doesn't exist [] []
[2026-05-14T07:01:34.350579+00:00] main.INFO: Broken reference: the 'header.inner.right' element cannot be added as child to 'header', because the latter doesn't exist [] []
[2026-05-14T07:01:34.350860+00:00] main.INFO: Broken reference: the 'user' tries to reorder itself towards '', but their parents are different: 'header' and '' respectively. [] []
[2026-05-14T07:01:34.351116+00:00] main.INFO: Broken reference: the 'notification.messages' tries to reorder itself towards 'user', but their parents are different: 'header' and '' respectively. [] []
[2026-05-14T07:01:34.351257+00:00] main.INFO: Broken reference: the 'logo' tries to reorder itself towards '', but their parents are different: 'header' and '' respectively. [] []
[2026-05-14T07:01:34.351474+00:00] main.INFO: Broken reference: the 'global.search' tries to reorder itself towards 'logo', but their parents are different: 'header' and '' respectively. [] []
[2026-05-14T07:01:34.352187+00:00] main.INFO: Broken reference: the 'page.actions.toolbar' tries to reorder itself towards '', but their parents are different: 'page.main.actions' and '' respectively. [] []
[2026-05-14T07:01:34.352386+00:00] main.INFO: Broken reference: the 'header.inner.left' tries to reorder itself towards '', but their parents are different: 'header' and '' respectively. [] []
[2026-05-14T07:01:34.352557+00:00] main.INFO: Broken reference: the 'header.inner.right' tries to reorder itself towards 'header.inner.left', but their parents are different: 'header' and '' respectively. [] []
[2026-05-14T07:01:34.352819+00:00] main.INFO: Broken reference: the 'notification.messages' tries to reorder itself towards 'user', but their parents are different: 'header.inner.right' and '' respectively. [] []
[2026-05-14T07:01:42.516007+00:00] main.ERROR: Braintree\Configuration::merchantId needs to be set (or accessToken needs to be passed to Braintree\Gateway). [] []
[2026-05-14T07:02:01.324628+00:00] main.INFO: Broken reference: the 'notification.messages' tries to reorder itself towards 'user', but their parents are different: 'header.inner.right' and 'header' respectively. [] []
[2026-05-14T07:02:05.764493+00:00] main.ERROR: Braintree\Configuration::merchantId needs to be set (or accessToken needs to be passed to Braintree\Gateway). [] []
[2026-05-14T07:02:11.513480+00:00] main.ERROR: Braintree\Configuration::merchantId needs to be set (or accessToken needs to be passed to Braintree\Gateway). [] []
[2026-05-14T07:25:46.128613+00:00] main.INFO: Broken reference: the 'tracking' element cannot be added as child to 'header', because the latter doesn't exist [] []
[2026-05-14T07:25:46.139020+00:00] main.INFO: Broken reference: the 'notification_area' element cannot be added as child to 'notifications', because the latter doesn't exist [] []
[2026-05-14T07:25:46.139250+00:00] main.INFO: Broken reference: the 'unread_system_messages' element cannot be added as child to 'notifications', because the latter doesn't exist [] []
[2026-05-14T07:25:46.139442+00:00] main.INFO: Broken reference: the 'notification_window' element cannot be added as child to 'notifications', because the latter doesn't exist [] []
[2026-05-14T07:25:46.139738+00:00] main.INFO: Broken reference: the 'notification.messages' element cannot be added as child to 'header', because the latter doesn't exist [] []
[2026-05-14T07:25:46.140585+00:00] main.INFO: Broken reference: the 'global_notices' element cannot be added as child to 'global.notices', because the latter doesn't exist [] []
[2026-05-14T07:25:46.140898+00:00] main.INFO: Broken reference: the 'logo' element cannot be added as child to 'header', because the latter doesn't exist [] []
[2026-05-14T07:25:46.141088+00:00] main.INFO: Broken reference: the 'global.search' element cannot be added as child to 'header', because the latter doesn't exist [] []
[2026-05-14T07:25:46.141317+00:00] main.INFO: Broken reference: the 'user' element cannot be added as child to 'header', because the latter doesn't exist [] []
[2026-05-14T07:25:46.141911+00:00] main.INFO: Broken reference: the 'menu' element cannot be added as child to 'page.menu', because the latter doesn't exist [] []
[2026-05-14T07:25:46.142082+00:00] main.INFO: Broken reference: the 'breadcrumbs' element cannot be added as child to 'page.breadcrumbs', because the latter doesn't exist [] []
[2026-05-14T07:25:46.142246+00:00] main.INFO: Broken reference: the 'formkey' element cannot be added as child to 'page.formkey', because the latter doesn't exist [] []
[2026-05-14T07:25:46.142413+00:00] main.INFO: Broken reference: the 'page.title' element cannot be added as child to 'main.top', because the latter doesn't exist [] []
[2026-05-14T07:25:46.142662+00:00] main.INFO: Broken reference: the 'messages' element cannot be added as child to 'page.messages', because the latter doesn't exist [] []
[2026-05-14T07:25:46.142853+00:00] main.INFO: Broken reference: the 'page.actions.toolbar' element cannot be added as child to 'page.main.actions', because the latter doesn't exist [] []
[2026-05-14T07:25:46.143061+00:00] main.INFO: Broken reference: the 'legal' element cannot be added as child to 'footer', because the latter doesn't exist [] []
[2026-05-14T07:25:46.143364+00:00] main.INFO: Broken reference: the 'header.inner.left' element cannot be added as child to 'header', because the latter doesn't exist [] []
[2026-05-14T07:25:46.143598+00:00] main.INFO: Broken reference: the 'header.inner.right' element cannot be added as child to 'header', because the latter doesn't exist [] []
[2026-05-14T07:25:46.145196+00:00] main.INFO: Broken reference: the 'user' tries to reorder itself towards '', but their parents are different: 'header' and '' respectively. [] []
[2026-05-14T07:25:46.145646+00:00] main.INFO: Broken reference: the 'notification.messages' tries to reorder itself towards 'user', but their parents are different: 'header' and '' respectively. [] []
[2026-05-14T07:25:46.145863+00:00] main.INFO: Broken reference: the 'logo' tries to reorder itself towards '', but their parents are different: 'header' and '' respectively. [] []
[2026-05-14T07:25:46.146026+00:00] main.INFO: Broken reference: the 'global.search' tries to reorder itself towards 'logo', but their parents are different: 'header' and '' respectively. [] []
[2026-05-14T07:25:46.146158+00:00] main.INFO: Broken reference: the 'page.actions.toolbar' tries to reorder itself towards '', but their parents are different: 'page.main.actions' and '' respectively. [] []
[2026-05-14T07:25:46.146697+00:00] main.INFO: Broken reference: the 'header.inner.left' tries to reorder itself towards '', but their parents are different: 'header' and '' respectively. [] []
[2026-05-14T07:25:46.146967+00:00] main.INFO: Broken reference: the 'header.inner.right' tries to reorder itself towards 'header.inner.left', but their parents are different: 'header' and '' respectively. [] []
[2026-05-14T07:25:46.147204+00:00] main.INFO: Broken reference: the 'notification.messages' tries to reorder itself towards 'user', but their parents are different: 'header.inner.right' and '' respectively. [] []
[2026-05-14T07:44:53.740782+00:00] main.ERROR: The path is not allowed: media/wp-includes/wlwmanifest.xml [] []
[2026-05-14T08:29:36.655097+00:00] main.INFO: Broken reference: the 'tracking' element cannot be added as child to 'header', because the latter doesn't exist [] []
[2026-05-14T08:29:36.664614+00:00] main.INFO: Broken reference: the 'notification_area' element cannot be added as child to 'notifications', because the latter doesn't exist [] []
[2026-05-14T08:29:36.665031+00:00] main.INFO: Broken reference: the 'unread_system_messages' element cannot be added as child to 'notifications', because the latter doesn't exist [] []
[2026-05-14T08:29:36.665266+00:00] main.INFO: Broken reference: the 'notification_window' element cannot be added as child to 'notifications', because the latter doesn't exist [] []
[2026-05-14T08:29:36.665539+00:00] main.INFO: Broken reference: the 'notification.messages' element cannot be added as child to 'header', because the latter doesn't exist [] []
[2026-05-14T08:29:36.665844+00:00] main.INFO: Broken reference: the 'global_notices' element cannot be added as child to 'global.notices', because the latter doesn't exist [] []
[2026-05-14T08:29:36.666078+00:00] main.INFO: Broken reference: the 'logo' element cannot be added as child to 'header', because the latter doesn't exist [] []
[2026-05-14T08:29:36.666708+00:00] main.INFO: Broken reference: the 'global.search' element cannot be added as child to 'header', because the latter doesn't exist [] []
[2026-05-14T08:29:36.666947+00:00] main.INFO: Broken reference: the 'user' element cannot be added as child to 'header', because the latter doesn't exist [] []
[2026-05-14T08:29:36.667083+00:00] main.INFO: Broken reference: the 'menu' element cannot be added as child to 'page.menu', because the latter doesn't exist [] []
[2026-05-14T08:29:36.667209+00:00] main.INFO: Broken reference: the 'breadcrumbs' element cannot be added as child to 'page.breadcrumbs', because the latter doesn't exist [] []
[2026-05-14T08:29:36.667353+00:00] main.INFO: Broken reference: the 'formkey' element cannot be added as child to 'page.formkey', because the latter doesn't exist [] []
[2026-05-14T08:29:36.667580+00:00] main.INFO: Broken reference: the 'page.title' element cannot be added as child to 'main.top', because the latter doesn't exist [] []
[2026-05-14T08:29:36.667717+00:00] main.INFO: Broken reference: the 'messages' element cannot be added as child to 'page.messages', because the latter doesn't exist [] []
[2026-05-14T08:29:36.667842+00:00] main.INFO: Broken reference: the 'page.actions.toolbar' element cannot be added as child to 'page.main.actions', because the latter doesn't exist [] []
[2026-05-14T08:29:36.667968+00:00] main.INFO: Broken reference: the 'legal' element cannot be added as child to 'footer', because the latter doesn't exist [] []
[2026-05-14T08:29:36.668241+00:00] main.INFO: Broken reference: the 'header.inner.left' element cannot be added as child to 'header', because the latter doesn't exist [] []
[2026-05-14T08:29:36.668374+00:00] main.INFO: Broken reference: the 'header.inner.right' element cannot be added as child to 'header', because the latter doesn't exist [] []
[2026-05-14T08:29:36.670730+00:00] main.INFO: Broken reference: the 'user' tries to reorder itself towards '', but their parents are different: 'header' and '' respectively. [] []
[2026-05-14T08:29:36.671079+00:00] main.INFO: Broken reference: the 'notification.messages' tries to reorder itself towards 'user', but their parents are different: 'header' and '' respectively. [] []
[2026-05-14T08:29:36.671383+00:00] main.INFO: Broken reference: the 'logo' tries to reorder itself towards '', but their parents are different: 'header' and '' respectively. [] []
[2026-05-14T08:29:36.671722+00:00] main.INFO: Broken reference: the 'global.search' tries to reorder itself towards 'logo', but their parents are different: 'header' and '' respectively. [] []
[2026-05-14T08:29:36.671869+00:00] main.INFO: Broken reference: the 'page.actions.toolbar' tries to reorder itself towards '', but their parents are different: 'page.main.actions' and '' respectively. [] []
[2026-05-14T08:29:36.672658+00:00] main.INFO: Broken reference: the 'header.inner.left' tries to reorder itself towards '', but their parents are different: 'header' and '' respectively. [] []
[2026-05-14T08:29:36.672920+00:00] main.INFO: Broken reference: the 'header.inner.right' tries to reorder itself towards 'header.inner.left', but their parents are different: 'header' and '' respectively. [] []
[2026-05-14T08:29:36.674682+00:00] main.INFO: Broken reference: the 'notification.messages' tries to reorder itself towards 'user', but their parents are different: 'header.inner.right' and '' respectively. [] []
[2026-05-14T08:30:42.350613+00:00] main.INFO: Broken reference: the 'notification.messages' tries to reorder itself towards 'user', but their parents are different: 'header.inner.right' and 'header' respectively. [] []
[2026-05-14T08:54:10.232484+00:00] main.INFO: Broken reference: the 'tracking' element cannot be added as child to 'header', because the latter doesn't exist [] []
[2026-05-14T08:54:10.234368+00:00] main.INFO: Broken reference: the 'notification_area' element cannot be added as child to 'notifications', because the latter doesn't exist [] []
[2026-05-14T08:54:10.234942+00:00] main.INFO: Broken reference: the 'unread_system_messages' element cannot be added as child to 'notifications', because the latter doesn't exist [] []
[2026-05-14T08:54:10.235226+00:00] main.INFO: Broken reference: the 'notification_window' element cannot be added as child to 'notifications', because the latter doesn't exist [] []
[2026-05-14T08:54:10.235726+00:00] main.INFO: Broken reference: the 'notification.messages' element cannot be added as child to 'header', because the latter doesn't exist [] []
[2026-05-14T08:54:10.236091+00:00] main.INFO: Broken reference: the 'global_notices' element cannot be added as child to 'global.notices', because the latter doesn't exist [] []
[2026-05-14T08:54:10.236355+00:00] main.INFO: Broken reference: the 'logo' element cannot be added as child to 'header', because the latter doesn't exist [] []
[2026-05-14T08:54:10.236703+00:00] main.INFO: Broken reference: the 'global.search' element cannot be added as child to 'header', because the latter doesn't exist [] []
[2026-05-14T08:54:10.236865+00:00] main.INFO: Broken reference: the 'user' element cannot be added as child to 'header', because the latter doesn't exist [] []
[2026-05-14T08:54:10.237029+00:00] main.INFO: Broken reference: the 'menu' element cannot be added as child to 'page.menu', because the latter doesn't exist [] []
[2026-05-14T08:54:10.237157+00:00] main.INFO: Broken reference: the 'breadcrumbs' element cannot be added as child to 'page.breadcrumbs', because the latter doesn't exist [] []
[2026-05-14T08:54:10.237283+00:00] main.INFO: Broken reference: the 'formkey' element cannot be added as child to 'page.formkey', because the latter doesn't exist [] []
[2026-05-14T08:54:10.237407+00:00] main.INFO: Broken reference: the 'page.title' element cannot be added as child to 'main.top', because the latter doesn't exist [] []
[2026-05-14T08:54:10.237546+00:00] main.INFO: Broken reference: the 'messages' element cannot be added as child to 'page.messages', because the latter doesn't exist [] []
[2026-05-14T08:54:10.237673+00:00] main.INFO: Broken reference: the 'page.actions.toolbar' element cannot be added as child to 'page.main.actions', because the latter doesn't exist [] []
[2026-05-14T08:54:10.237799+00:00] main.INFO: Broken reference: the 'legal' element cannot be added as child to 'footer', because the latter doesn't exist [] []
[2026-05-14T08:54:10.238157+00:00] main.INFO: Broken reference: the 'header.inner.left' element cannot be added as child to 'header', because the latter doesn't exist [] []
[2026-05-14T08:54:10.239149+00:00] main.INFO: Broken reference: the 'header.inner.right' element cannot be added as child to 'header', because the latter doesn't exist [] []
[2026-05-14T08:54:10.240907+00:00] main.INFO: Broken reference: the 'user' tries to reorder itself towards '', but their parents are different: 'header' and '' respectively. [] []
[2026-05-14T08:54:10.241395+00:00] main.INFO: Broken reference: the 'notification.messages' tries to reorder itself towards 'user', but their parents are different: 'header' and '' respectively. [] []
[2026-05-14T08:54:10.241710+00:00] main.INFO: Broken reference: the 'logo' tries to reorder itself towards '', but their parents are different: 'header' and '' respectively. [] []
[2026-05-14T08:54:10.241928+00:00] main.INFO: Broken reference: the 'global.search' tries to reorder itself towards 'logo', but their parents are different: 'header' and '' respectively. [] []
[2026-05-14T08:54:10.242061+00:00] main.INFO: Broken reference: the 'page.actions.toolbar' tries to reorder itself towards '', but their parents are different: 'page.main.actions' and '' respectively. [] []
[2026-05-14T08:54:10.242268+00:00] main.INFO: Broken reference: the 'header.inner.left' tries to reorder itself towards '', but their parents are different: 'header' and '' respectively. [] []
[2026-05-14T08:54:10.242401+00:00] main.INFO: Broken reference: the 'header.inner.right' tries to reorder itself towards 'header.inner.left', but their parents are different: 'header' and '' respectively. [] []
[2026-05-14T08:54:10.242592+00:00] main.INFO: Broken reference: the 'notification.messages' tries to reorder itself towards 'user', but their parents are different: 'header.inner.right' and '' respectively. [] []
[2026-05-14T08:54:14.687649+00:00] main.INFO: Broken reference: the 'notification.messages' tries to reorder itself towards 'user', but their parents are different: 'header.inner.right' and 'header' respectively. [] []
[2026-05-14T09:05:47.416426+00:00] main.INFO: Broken reference: the 'notification.messages' tries to reorder itself towards 'user', but their parents are different: 'header.inner.right' and 'header' respectively. [] []
[2026-05-14T10:06:47.587810+00:00] main.CRITICAL: Consumer key has expired [] []
[2026-05-14T10:06:47.589107+00:00] main.CRITICAL: Consumer key has expired [] []
[2026-05-14T10:52:17.532219+00:00] main.INFO: Broken reference: the 'tracking' element cannot be added as child to 'header', because the latter doesn't exist [] []
[2026-05-14T10:52:17.559993+00:00] main.INFO: Broken reference: the 'notification_area' element cannot be added as child to 'notifications', because the latter doesn't exist [] []
[2026-05-14T10:52:17.560618+00:00] main.INFO: Broken reference: the 'unread_system_messages' element cannot be added as child to 'notifications', because the latter doesn't exist [] []
[2026-05-14T10:52:17.560997+00:00] main.INFO: Broken reference: the 'notification_window' element cannot be added as child to 'notifications', because the latter doesn't exist [] []
[2026-05-14T10:52:17.561348+00:00] main.INFO: Broken reference: the 'notification.messages' element cannot be added as child to 'header', because the latter doesn't exist [] []
[2026-05-14T10:52:17.561710+00:00] main.INFO: Broken reference: the 'global_notices' element cannot be added as child to 'global.notices', because the latter doesn't exist [] []
[2026-05-14T10:52:17.562062+00:00] main.INFO: Broken reference: the 'logo' element cannot be added as child to 'header', because the latter doesn't exist [] []
[2026-05-14T10:52:17.562427+00:00] main.INFO: Broken reference: the 'global.search' element cannot be added as child to 'header', because the latter doesn't exist [] []
[2026-05-14T10:52:17.562783+00:00] main.INFO: Broken reference: the 'user' element cannot be added as child to 'header', because the latter doesn't exist [] []
[2026-05-14T10:52:17.563325+00:00] main.INFO: Broken reference: the 'menu' element cannot be added as child to 'page.menu', because the latter doesn't exist [] []
[2026-05-14T10:52:17.563794+00:00] main.INFO: Broken reference: the 'breadcrumbs' element cannot be added as child to 'page.breadcrumbs', because the latter doesn't exist [] []
[2026-05-14T10:52:17.564467+00:00] main.INFO: Broken reference: the 'formkey' element cannot be added as child to 'page.formkey', because the latter doesn't exist [] []
[2026-05-14T10:52:17.565333+00:00] main.INFO: Broken reference: the 'page.title' element cannot be added as child to 'main.top', because the latter doesn't exist [] []
[2026-05-14T10:52:17.566139+00:00] main.INFO: Broken reference: the 'messages' element cannot be added as child to 'page.messages', because the latter doesn't exist [] []
[2026-05-14T10:52:17.567514+00:00] main.INFO: Broken reference: the 'page.actions.toolbar' element cannot be added as child to 'page.main.actions', because the latter doesn't exist [] []
[2026-05-14T10:52:17.567911+00:00] main.INFO: Broken reference: the 'legal' element cannot be added as child to 'footer', because the latter doesn't exist [] []
[2026-05-14T10:52:17.570257+00:00] main.INFO: Broken reference: the 'header.inner.left' element cannot be added as child to 'header', because the latter doesn't exist [] []
[2026-05-14T10:52:17.570689+00:00] main.INFO: Broken reference: the 'header.inner.right' element cannot be added as child to 'header', because the latter doesn't exist [] []
[2026-05-14T10:52:17.579631+00:00] main.INFO: Broken reference: the 'user' tries to reorder itself towards '', but their parents are different: 'header' and '' respectively. [] []
[2026-05-14T10:52:17.580128+00:00] main.INFO: Broken reference: the 'notification.messages' tries to reorder itself towards 'user', but their parents are different: 'header' and '' respectively. [] []
[2026-05-14T10:52:17.580296+00:00] main.INFO: Broken reference: the 'logo' tries to reorder itself towards '', but their parents are different: 'header' and '' respectively. [] []
[2026-05-14T10:52:17.580426+00:00] main.INFO: Broken reference: the 'global.search' tries to reorder itself towards 'logo', but their parents are different: 'header' and '' respectively. [] []
[2026-05-14T10:52:17.580553+00:00] main.INFO: Broken reference: the 'page.actions.toolbar' tries to reorder itself towards '', but their parents are different: 'page.main.actions' and '' respectively. [] []
[2026-05-14T10:52:17.581721+00:00] main.INFO: Broken reference: the 'header.inner.left' tries to reorder itself towards '', but their parents are different: 'header' and '' respectively. [] []
[2026-05-14T10:52:17.582292+00:00] main.INFO: Broken reference: the 'header.inner.right' tries to reorder itself towards 'header.inner.left', but their parents are different: 'header' and '' respectively. [] []
[2026-05-14T10:52:17.584419+00:00] main.INFO: Broken reference: the 'notification.messages' tries to reorder itself towards 'user', but their parents are different: 'header.inner.right' and '' respectively. [] []
[2026-05-14T12:14:21.464939+00:00] main.ERROR: Braintree\Configuration::merchantId needs to be set (or accessToken needs to be passed to Braintree\Gateway). [] []
[2026-05-14T12:14:21.467735+00:00] main.ERROR: Braintree\Configuration::merchantId needs to be set (or accessToken needs to be passed to Braintree\Gateway). [] []
[2026-05-14T12:14:21.468468+00:00] main.ERROR: Braintree\Configuration::merchantId needs to be set (or accessToken needs to be passed to Braintree\Gateway). [] []
[2026-05-14T12:37:37.107918+00:00] main.CRITICAL: Consumer key has expired [] []
[2026-05-14T12:37:37.106835+00:00] main.CRITICAL: Consumer key has expired [] []
[2026-05-14T12:37:37.110263+00:00] main.CRITICAL: Consumer key has expired [] []
[2026-05-14T12:37:37.262103+00:00] main.CRITICAL: Consumer key has expired [] []
[2026-05-14T13:30:56.261970+00:00] main.INFO: Broken reference: the 'tracking' element cannot be added as child to 'header', because the latter doesn't exist [] []
[2026-05-14T13:30:56.263210+00:00] main.INFO: Broken reference: the 'notification_area' element cannot be added as child to 'notifications', because the latter doesn't exist [] []
[2026-05-14T13:30:56.263637+00:00] main.INFO: Broken reference: the 'unread_system_messages' element cannot be added as child to 'notifications', because the latter doesn't exist [] []
[2026-05-14T13:30:56.264403+00:00] main.INFO: Broken reference: the 'notification_window' element cannot be added as child to 'notifications', because the latter doesn't exist [] []
[2026-05-14T13:30:56.265738+00:00] main.INFO: Broken reference: the 'notification.messages' element cannot be added as child to 'header', because the latter doesn't exist [] []
[2026-05-14T13:30:56.266162+00:00] main.INFO: Broken reference: the 'global_notices' element cannot be added as child to 'global.notices', because the latter doesn't exist [] []
[2026-05-14T13:30:56.266578+00:00] main.INFO: Broken reference: the 'logo' element cannot be added as child to 'header', because the latter doesn't exist [] []
[2026-05-14T13:30:56.266825+00:00] main.INFO: Broken reference: the 'global.search' element cannot be added as child to 'header', because the latter doesn't exist [] []
[2026-05-14T13:30:56.266974+00:00] main.INFO: Broken reference: the 'user' element cannot be added as child to 'header', because the latter doesn't exist [] []
[2026-05-14T13:30:56.267290+00:00] main.INFO: Broken reference: the 'menu' element cannot be added as child to 'page.menu', because the latter doesn't exist [] []
[2026-05-14T13:30:56.267673+00:00] main.INFO: Broken reference: the 'breadcrumbs' element cannot be added as child to 'page.breadcrumbs', because the latter doesn't exist [] []
[2026-05-14T13:30:56.267909+00:00] main.INFO: Broken reference: the 'formkey' element cannot be added as child to 'page.formkey', because the latter doesn't exist [] []
[2026-05-14T13:30:56.268143+00:00] main.INFO: Broken reference: the 'page.title' element cannot be added as child to 'main.top', because the latter doesn't exist [] []
[2026-05-14T13:30:56.268491+00:00] main.INFO: Broken reference: the 'messages' element cannot be added as child to 'page.messages', because the latter doesn't exist [] []
[2026-05-14T13:30:56.269084+00:00] main.INFO: Broken reference: the 'page.actions.toolbar' element cannot be added as child to 'page.main.actions', because the latter doesn't exist [] []
[2026-05-14T13:30:56.269326+00:00] main.INFO: Broken reference: the 'legal' element cannot be added as child to 'footer', because the latter doesn't exist [] []
[2026-05-14T13:30:56.269948+00:00] main.INFO: Broken reference: the 'header.inner.left' element cannot be added as child to 'header', because the latter doesn't exist [] []
[2026-05-14T13:30:56.270265+00:00] main.INFO: Broken reference: the 'header.inner.right' element cannot be added as child to 'header', because the latter doesn't exist [] []
[2026-05-14T13:30:56.270592+00:00] main.INFO: Broken reference: the 'user' tries to reorder itself towards '', but their parents are different: 'header' and '' respectively. [] []
[2026-05-14T13:30:56.270887+00:00] main.INFO: Broken reference: the 'notification.messages' tries to reorder itself towards 'user', but their parents are different: 'header' and '' respectively. [] []
[2026-05-14T13:30:56.271067+00:00] main.INFO: Broken reference: the 'logo' tries to reorder itself towards '', but their parents are different: 'header' and '' respectively. [] []
[2026-05-14T13:30:56.271329+00:00] main.INFO: Broken reference: the 'global.search' tries to reorder itself towards 'logo', but their parents are different: 'header' and '' respectively. [] []
[2026-05-14T13:30:56.271534+00:00] main.INFO: Broken reference: the 'page.actions.toolbar' tries to reorder itself towards '', but their parents are different: 'page.main.actions' and '' respectively. [] []
[2026-05-14T13:30:56.271824+00:00] main.INFO: Broken reference: the 'header.inner.left' tries to reorder itself towards '', but their parents are different: 'header' and '' respectively. [] []
[2026-05-14T13:30:56.272091+00:00] main.INFO: Broken reference: the 'header.inner.right' tries to reorder itself towards 'header.inner.left', but their parents are different: 'header' and '' respectively. [] []
[2026-05-14T13:30:56.272270+00:00] main.INFO: Broken reference: the 'notification.messages' tries to reorder itself towards 'user', but their parents are different: 'header.inner.right' and '' respectively. [] []
[2026-05-14T13:31:01.591833+00:00] main.INFO: Broken reference: the 'tracking' element cannot be added as child to 'header', because the latter doesn't exist [] []
[2026-05-14T13:31:01.592623+00:00] main.INFO: Broken reference: the 'notification_area' element cannot be added as child to 'notifications', because the latter doesn't exist [] []
[2026-05-14T13:31:01.592862+00:00] main.INFO: Broken reference: the 'unread_system_messages' element cannot be added as child to 'notifications', because the latter doesn't exist [] []
[2026-05-14T13:31:01.593050+00:00] main.INFO: Broken reference: the 'notification_window' element cannot be added as child to 'notifications', because the latter doesn't exist [] []
[2026-05-14T13:31:01.593337+00:00] main.INFO: Broken reference: the 'notification.messages' element cannot be added as child to 'header', because the latter doesn't exist [] []
[2026-05-14T13:31:01.593602+00:00] main.INFO: Broken reference: the 'global_notices' element cannot be added as child to 'global.notices', because the latter doesn't exist [] []
[2026-05-14T13:31:01.593937+00:00] main.INFO: Broken reference: the 'logo' element cannot be added as child to 'header', because the latter doesn't exist [] []
[2026-05-14T13:31:01.594159+00:00] main.INFO: Broken reference: the 'global.search' element cannot be added as child to 'header', because the latter doesn't exist [] []
[2026-05-14T13:31:01.594320+00:00] main.INFO: Broken reference: the 'user' element cannot be added as child to 'header', because the latter doesn't exist [] []
[2026-05-14T13:31:01.594503+00:00] main.INFO: Broken reference: the 'menu' element cannot be added as child to 'page.menu', because the latter doesn't exist [] []
[2026-05-14T13:31:01.594633+00:00] main.INFO: Broken reference: the 'breadcrumbs' element cannot be added as child to 'page.breadcrumbs', because the latter doesn't exist [] []
[2026-05-14T13:31:01.594757+00:00] main.INFO: Broken reference: the 'formkey' element cannot be added as child to 'page.formkey', because the latter doesn't exist [] []
[2026-05-14T13:31:01.594879+00:00] main.INFO: Broken reference: the 'page.title' element cannot be added as child to 'main.top', because the latter doesn't exist [] []
[2026-05-14T13:31:01.595001+00:00] main.INFO: Broken reference: the 'messages' element cannot be added as child to 'page.messages', because the latter doesn't exist [] []
[2026-05-14T13:31:01.595123+00:00] main.INFO: Broken reference: the 'page.actions.toolbar' element cannot be added as child to 'page.main.actions', because the latter doesn't exist [] []
[2026-05-14T13:31:01.595283+00:00] main.INFO: Broken reference: the 'legal' element cannot be added as child to 'footer', because the latter doesn't exist [] []
[2026-05-14T13:31:01.595794+00:00] main.INFO: Broken reference: the 'header.inner.left' element cannot be added as child to 'header', because the latter doesn't exist [] []
[2026-05-14T13:31:01.596032+00:00] main.INFO: Broken reference: the 'header.inner.right' element cannot be added as child to 'header', because the latter doesn't exist [] []
[2026-05-14T13:31:01.596308+00:00] main.INFO: Broken reference: the 'user' tries to reorder itself towards '', but their parents are different: 'header' and '' respectively. [] []
[2026-05-14T13:31:01.596470+00:00] main.INFO: Broken reference: the 'notification.messages' tries to reorder itself towards 'user', but their parents are different: 'header' and '' respectively. [] []
[2026-05-14T13:31:01.596603+00:00] main.INFO: Broken reference: the 'logo' tries to reorder itself towards '', but their parents are different: 'header' and '' respectively. [] []
[2026-05-14T13:31:01.596726+00:00] main.INFO: Broken reference: the 'global.search' tries to reorder itself towards 'logo', but their parents are different: 'header' and '' respectively. [] []
[2026-05-14T13:31:01.596847+00:00] main.INFO: Broken reference: the 'page.actions.toolbar' tries to reorder itself towards '', but their parents are different: 'page.main.actions' and '' respectively. [] []
[2026-05-14T13:31:01.597023+00:00] main.INFO: Broken reference: the 'header.inner.left' tries to reorder itself towards '', but their parents are different: 'header' and '' respectively. [] []
[2026-05-14T13:31:01.597151+00:00] main.INFO: Broken reference: the 'header.inner.right' tries to reorder itself towards 'header.inner.left', but their parents are different: 'header' and '' respectively. [] []
[2026-05-14T13:31:01.597470+00:00] main.INFO: Broken reference: the 'notification.messages' tries to reorder itself towards 'user', but their parents are different: 'header.inner.right' and '' respectively. [] []
[2026-05-14T13:31:10.586845+00:00] main.INFO: Broken reference: the 'notification.messages' tries to reorder itself towards 'user', but their parents are different: 'header.inner.right' and 'header' respectively. [] []
[2026-05-14T13:49:39.936415+00:00] main.INFO: Broken reference: the 'tracking' element cannot be added as child to 'header', because the latter doesn't exist [] []
[2026-05-14T13:49:39.940506+00:00] main.INFO: Broken reference: the 'notification_area' element cannot be added as child to 'notifications', because the latter doesn't exist [] []
[2026-05-14T13:49:39.940894+00:00] main.INFO: Broken reference: the 'unread_system_messages' element cannot be added as child to 'notifications', because the latter doesn't exist [] []
[2026-05-14T13:49:39.941165+00:00] main.INFO: Broken reference: the 'notification_window' element cannot be added as child to 'notifications', because the latter doesn't exist [] []
[2026-05-14T13:49:39.941457+00:00] main.INFO: Broken reference: the 'notification.messages' element cannot be added as child to 'header', because the latter doesn't exist [] []
[2026-05-14T13:49:39.941670+00:00] main.INFO: Broken reference: the 'global_notices' element cannot be added as child to 'global.notices', because the latter doesn't exist [] []
[2026-05-14T13:49:39.941900+00:00] main.INFO: Broken reference: the 'logo' element cannot be added as child to 'header', because the latter doesn't exist [] []
[2026-05-14T13:49:39.942078+00:00] main.INFO: Broken reference: the 'global.search' element cannot be added as child to 'header', because the latter doesn't exist [] []
[2026-05-14T13:49:39.942230+00:00] main.INFO: Broken reference: the 'user' element cannot be added as child to 'header', because the latter doesn't exist [] []
[2026-05-14T13:49:39.942439+00:00] main.INFO: Broken reference: the 'menu' element cannot be added as child to 'page.menu', because the latter doesn't exist [] []
[2026-05-14T13:49:39.942565+00:00] main.INFO: Broken reference: the 'breadcrumbs' element cannot be added as child to 'page.breadcrumbs', because the latter doesn't exist [] []
[2026-05-14T13:49:39.942747+00:00] main.INFO: Broken reference: the 'formkey' element cannot be added as child to 'page.formkey', because the latter doesn't exist [] []
[2026-05-14T13:49:39.942926+00:00] main.INFO: Broken reference: the 'page.title' element cannot be added as child to 'main.top', because the latter doesn't exist [] []
[2026-05-14T13:49:39.943054+00:00] main.INFO: Broken reference: the 'messages' element cannot be added as child to 'page.messages', because the latter doesn't exist [] []
[2026-05-14T13:49:39.943239+00:00] main.INFO: Broken reference: the 'page.actions.toolbar' element cannot be added as child to 'page.main.actions', because the latter doesn't exist [] []
[2026-05-14T13:49:39.943467+00:00] main.INFO: Broken reference: the 'legal' element cannot be added as child to 'footer', because the latter doesn't exist [] []
[2026-05-14T13:49:39.944500+00:00] main.INFO: Broken reference: the 'header.inner.left' element cannot be added as child to 'header', because the latter doesn't exist [] []
[2026-05-14T13:49:39.944844+00:00] main.INFO: Broken reference: the 'header.inner.right' element cannot be added as child to 'header', because the latter doesn't exist [] []
[2026-05-14T13:49:39.945200+00:00] main.INFO: Broken reference: the 'user' tries to reorder itself towards '', but their parents are different: 'header' and '' respectively. [] []
[2026-05-14T13:49:39.945608+00:00] main.INFO: Broken reference: the 'notification.messages' tries to reorder itself towards 'user', but their parents are different: 'header' and '' respectively. [] []
[2026-05-14T13:49:39.945764+00:00] main.INFO: Broken reference: the 'logo' tries to reorder itself towards '', but their parents are different: 'header' and '' respectively. [] []
[2026-05-14T13:49:39.945944+00:00] main.INFO: Broken reference: the 'global.search' tries to reorder itself towards 'logo', but their parents are different: 'header' and '' respectively. [] []
[2026-05-14T13:49:39.946122+00:00] main.INFO: Broken reference: the 'page.actions.toolbar' tries to reorder itself towards '', but their parents are different: 'page.main.actions' and '' respectively. [] []
[2026-05-14T13:49:39.946726+00:00] main.INFO: Broken reference: the 'header.inner.left' tries to reorder itself towards '', but their parents are different: 'header' and '' respectively. [] []
[2026-05-14T13:49:39.946896+00:00] main.INFO: Broken reference: the 'header.inner.right' tries to reorder itself towards 'header.inner.left', but their parents are different: 'header' and '' respectively. [] []
[2026-05-14T13:49:39.947172+00:00] main.INFO: Broken reference: the 'notification.messages' tries to reorder itself towards 'user', but their parents are different: 'header.inner.right' and '' respectively. [] []
[2026-05-14T13:49:43.539853+00:00] main.INFO: Broken reference: the 'notification.messages' tries to reorder itself towards 'user', but their parents are different: 'header.inner.right' and 'header' respectively. [] []
[2026-05-14T13:49:51.168820+00:00] main.INFO: Broken reference: the 'notification.messages' tries to reorder itself towards 'user', but their parents are different: 'header.inner.right' and 'header' respectively. [] []
[2026-05-14T13:50:09.898635+00:00] main.INFO: Broken reference: the 'product.reviews' element cannot be added as child to 'product_tabs', because the latter doesn't exist [] []
[2026-05-14T13:50:09.899789+00:00] main.INFO: Broken reference: the 'notification.messages' tries to reorder itself towards 'user', but their parents are different: 'header.inner.right' and 'header' respectively. [] []
[2026-05-14T13:50:35.818199+00:00] main.ERROR: Braintree\Configuration::merchantId needs to be set (or accessToken needs to be passed to Braintree\Gateway). [] []
[2026-05-15T03:47:21.582489+00:00] main.CRITICAL: Consumer key has expired [] []
[2026-05-15T03:47:21.582017+00:00] main.CRITICAL: Consumer key has expired [] []
[2026-05-15T03:47:36.719147+00:00] main.INFO: Broken reference: the 'tracking' element cannot be added as child to 'header', because the latter doesn't exist [] []
[2026-05-15T03:47:36.719767+00:00] main.INFO: Broken reference: the 'notification_area' element cannot be added as child to 'notifications', because the latter doesn't exist [] []
[2026-05-15T03:47:36.719945+00:00] main.INFO: Broken reference: the 'unread_system_messages' element cannot be added as child to 'notifications', because the latter doesn't exist [] []
[2026-05-15T03:47:36.720144+00:00] main.INFO: Broken reference: the 'notification_window' element cannot be added as child to 'notifications', because the latter doesn't exist [] []
[2026-05-15T03:47:36.720420+00:00] main.INFO: Broken reference: the 'notification.messages' element cannot be added as child to 'header', because the latter doesn't exist [] []
[2026-05-15T03:47:36.720629+00:00] main.INFO: Broken reference: the 'global_notices' element cannot be added as child to 'global.notices', because the latter doesn't exist [] []
[2026-05-15T03:47:36.720844+00:00] main.INFO: Broken reference: the 'logo' element cannot be added as child to 'header', because the latter doesn't exist [] []
[2026-05-15T03:47:36.721059+00:00] main.INFO: Broken reference: the 'global.search' element cannot be added as child to 'header', because the latter doesn't exist [] []
[2026-05-15T03:47:36.721239+00:00] main.INFO: Broken reference: the 'user' element cannot be added as child to 'header', because the latter doesn't exist [] []
[2026-05-15T03:47:36.721476+00:00] main.INFO: Broken reference: the 'menu' element cannot be added as child to 'page.menu', because the latter doesn't exist [] []
[2026-05-15T03:47:36.721649+00:00] main.INFO: Broken reference: the 'breadcrumbs' element cannot be added as child to 'page.breadcrumbs', because the latter doesn't exist [] []
[2026-05-15T03:47:36.721761+00:00] main.INFO: Broken reference: the 'formkey' element cannot be added as child to 'page.formkey', because the latter doesn't exist [] []
[2026-05-15T03:47:36.721858+00:00] main.INFO: Broken reference: the 'page.title' element cannot be added as child to 'main.top', because the latter doesn't exist [] []
[2026-05-15T03:47:36.721963+00:00] main.INFO: Broken reference: the 'messages' element cannot be added as child to 'page.messages', because the latter doesn't exist [] []
[2026-05-15T03:47:36.722086+00:00] main.INFO: Broken reference: the 'page.actions.toolbar' element cannot be added as child to 'page.main.actions', because the latter doesn't exist [] []
[2026-05-15T03:47:36.722191+00:00] main.INFO: Broken reference: the 'legal' element cannot be added as child to 'footer', because the latter doesn't exist [] []
[2026-05-15T03:47:36.722400+00:00] main.INFO: Broken reference: the 'header.inner.left' element cannot be added as child to 'header', because the latter doesn't exist [] []
[2026-05-15T03:47:36.722544+00:00] main.INFO: Broken reference: the 'header.inner.right' element cannot be added as child to 'header', because the latter doesn't exist [] []
[2026-05-15T03:47:36.723731+00:00] main.INFO: Broken reference: the 'user' tries to reorder itself towards '', but their parents are different: 'header' and '' respectively. [] []
[2026-05-15T03:47:36.723997+00:00] main.INFO: Broken reference: the 'notification.messages' tries to reorder itself towards 'user', but their parents are different: 'header' and '' respectively. [] []
[2026-05-15T03:47:36.724150+00:00] main.INFO: Broken reference: the 'logo' tries to reorder itself towards '', but their parents are different: 'header' and '' respectively. [] []
[2026-05-15T03:47:36.724362+00:00] main.INFO: Broken reference: the 'global.search' tries to reorder itself towards 'logo', but their parents are different: 'header' and '' respectively. [] []
[2026-05-15T03:47:36.724544+00:00] main.INFO: Broken reference: the 'page.actions.toolbar' tries to reorder itself towards '', but their parents are different: 'page.main.actions' and '' respectively. [] []
[2026-05-15T03:47:36.724809+00:00] main.INFO: Broken reference: the 'header.inner.left' tries to reorder itself towards '', but their parents are different: 'header' and '' respectively. [] []
[2026-05-15T03:47:36.725205+00:00] main.INFO: Broken reference: the 'header.inner.right' tries to reorder itself towards 'header.inner.left', but their parents are different: 'header' and '' respectively. [] []
[2026-05-15T03:47:36.728894+00:00] main.INFO: Broken reference: the 'notification.messages' tries to reorder itself towards 'user', but their parents are different: 'header.inner.right' and '' respectively. [] []
[2026-05-15T03:48:02.556013+00:00] main.INFO: Broken reference: the 'notification.messages' tries to reorder itself towards 'user', but their parents are different: 'header.inner.right' and 'header' respectively. [] []
[2026-05-15T05:56:26.673720+00:00] main.CRITICAL: Consumer key has expired [] []
[2026-05-15T05:56:26.678388+00:00] main.CRITICAL: Consumer key has expired [] []
[2026-05-15T14:07:23.463888+00:00] main.INFO: Broken reference: the 'tracking' element cannot be added as child to 'header', because the latter doesn't exist [] []
[2026-05-15T14:07:23.474770+00:00] main.INFO: Broken reference: the 'notification_area' element cannot be added as child to 'notifications', because the latter doesn't exist [] []
[2026-05-15T14:07:23.476553+00:00] main.INFO: Broken reference: the 'unread_system_messages' element cannot be added as child to 'notifications', because the latter doesn't exist [] []
[2026-05-15T14:07:23.476707+00:00] main.INFO: Broken reference: the 'notification_window' element cannot be added as child to 'notifications', because the latter doesn't exist [] []
[2026-05-15T14:07:23.476835+00:00] main.INFO: Broken reference: the 'notification.messages' element cannot be added as child to 'header', because the latter doesn't exist [] []
[2026-05-15T14:07:23.477009+00:00] main.INFO: Broken reference: the 'global_notices' element cannot be added as child to 'global.notices', because the latter doesn't exist [] []
[2026-05-15T14:07:23.477254+00:00] main.INFO: Broken reference: the 'logo' element cannot be added as child to 'header', because the latter doesn't exist [] []
[2026-05-15T14:07:23.480398+00:00] main.INFO: Broken reference: the 'global.search' element cannot be added as child to 'header', because the latter doesn't exist [] []
[2026-05-15T14:07:23.480627+00:00] main.INFO: Broken reference: the 'user' element cannot be added as child to 'header', because the latter doesn't exist [] []
[2026-05-15T14:07:23.480834+00:00] main.INFO: Broken reference: the 'menu' element cannot be added as child to 'page.menu', because the latter doesn't exist [] []
[2026-05-15T14:07:23.481182+00:00] main.INFO: Broken reference: the 'breadcrumbs' element cannot be added as child to 'page.breadcrumbs', because the latter doesn't exist [] []
[2026-05-15T14:07:23.481529+00:00] main.INFO: Broken reference: the 'formkey' element cannot be added as child to 'page.formkey', because the latter doesn't exist [] []
[2026-05-15T14:07:23.481729+00:00] main.INFO: Broken reference: the 'page.title' element cannot be added as child to 'main.top', because the latter doesn't exist [] []
[2026-05-15T14:07:23.481835+00:00] main.INFO: Broken reference: the 'messages' element cannot be added as child to 'page.messages', because the latter doesn't exist [] []
[2026-05-15T14:07:23.481930+00:00] main.INFO: Broken reference: the 'page.actions.toolbar' element cannot be added as child to 'page.main.actions', because the latter doesn't exist [] []
[2026-05-15T14:07:23.482048+00:00] main.INFO: Broken reference: the 'legal' element cannot be added as child to 'footer', because the latter doesn't exist [] []
[2026-05-15T14:07:23.482328+00:00] main.INFO: Broken reference: the 'header.inner.left' element cannot be added as child to 'header', because the latter doesn't exist [] []
[2026-05-15T14:07:23.482574+00:00] main.INFO: Broken reference: the 'header.inner.right' element cannot be added as child to 'header', because the latter doesn't exist [] []
[2026-05-15T14:07:23.482782+00:00] main.INFO: Broken reference: the 'user' tries to reorder itself towards '', but their parents are different: 'header' and '' respectively. [] []
[2026-05-15T14:07:23.482893+00:00] main.INFO: Broken reference: the 'notification.messages' tries to reorder itself towards 'user', but their parents are different: 'header' and '' respectively. [] []
[2026-05-15T14:07:23.483009+00:00] main.INFO: Broken reference: the 'logo' tries to reorder itself towards '', but their parents are different: 'header' and '' respectively. [] []
[2026-05-15T14:07:23.483122+00:00] main.INFO: Broken reference: the 'global.search' tries to reorder itself towards 'logo', but their parents are different: 'header' and '' respectively. [] []
[2026-05-15T14:07:23.483328+00:00] main.INFO: Broken reference: the 'page.actions.toolbar' tries to reorder itself towards '', but their parents are different: 'page.main.actions' and '' respectively. [] []
[2026-05-15T14:07:23.483530+00:00] main.INFO: Broken reference: the 'header.inner.left' tries to reorder itself towards '', but their parents are different: 'header' and '' respectively. [] []
[2026-05-15T14:07:23.492869+00:00] main.INFO: Broken reference: the 'header.inner.right' tries to reorder itself towards 'header.inner.left', but their parents are different: 'header' and '' respectively. [] []
[2026-05-15T14:07:23.493090+00:00] main.INFO: Broken reference: the 'notification.messages' tries to reorder itself towards 'user', but their parents are different: 'header.inner.right' and '' respectively. [] []
[2026-05-15T14:07:30.404180+00:00] main.INFO: Broken reference: the 'notification.messages' tries to reorder itself towards 'user', but their parents are different: 'header.inner.right' and 'header' respectively. [] []
[2026-05-15T14:07:45.518751+00:00] main.INFO: Broken reference: the 'notification.messages' tries to reorder itself towards 'user', but their parents are different: 'header.inner.right' and 'header' respectively. [] []
[2026-05-15T15:30:01.401706+00:00] main.INFO: Broken reference: the 'tracking' element cannot be added as child to 'header', because the latter doesn't exist [] []
[2026-05-15T15:30:01.411036+00:00] main.INFO: Broken reference: the 'notification_area' element cannot be added as child to 'notifications', because the latter doesn't exist [] []
[2026-05-15T15:30:01.411518+00:00] main.INFO: Broken reference: the 'unread_system_messages' element cannot be added as child to 'notifications', because the latter doesn't exist [] []
[2026-05-15T15:30:01.412548+00:00] main.INFO: Broken reference: the 'notification_window' element cannot be added as child to 'notifications', because the latter doesn't exist [] []
[2026-05-15T15:30:01.412880+00:00] main.INFO: Broken reference: the 'notification.messages' element cannot be added as child to 'header', because the latter doesn't exist [] []
[2026-05-15T15:30:01.413279+00:00] main.INFO: Broken reference: the 'global_notices' element cannot be added as child to 'global.notices', because the latter doesn't exist [] []
[2026-05-15T15:30:01.413578+00:00] main.INFO: Broken reference: the 'logo' element cannot be added as child to 'header', because the latter doesn't exist [] []
[2026-05-15T15:30:01.413815+00:00] main.INFO: Broken reference: the 'global.search' element cannot be added as child to 'header', because the latter doesn't exist [] []
[2026-05-15T15:30:01.414078+00:00] main.INFO: Broken reference: the 'user' element cannot be added as child to 'header', because the latter doesn't exist [] []
[2026-05-15T15:30:01.414311+00:00] main.INFO: Broken reference: the 'menu' element cannot be added as child to 'page.menu', because the latter doesn't exist [] []
[2026-05-15T15:30:01.414490+00:00] main.INFO: Broken reference: the 'breadcrumbs' element cannot be added as child to 'page.breadcrumbs', because the latter doesn't exist [] []
[2026-05-15T15:30:01.414713+00:00] main.INFO: Broken reference: the 'formkey' element cannot be added as child to 'page.formkey', because the latter doesn't exist [] []
[2026-05-15T15:30:01.414894+00:00] main.INFO: Broken reference: the 'page.title' element cannot be added as child to 'main.top', because the latter doesn't exist [] []
[2026-05-15T15:30:01.464969+00:00] main.ERROR: Writing to the log file failed: Write of 168 bytes failed with errno=28 No space left on device
The exception occurred while attempting to log: Broken reference: the 'page.title' element cannot be added as child to 'main.top', because the latter doesn't exist [] []
[2026-05-15T15:30:50.624348+00:00] main.INFO: Broken reference: the 'tracking' element cannot be added as child to 'header', because the latter doesn't exist [] []
[2026-05-15T15:30:50.676399+00:00] main.ERROR: Writing to the log file failed: Write of 164 bytes failed with errno=28 No space left on device
The exception occurred while attempting to log: Broken reference: the 'tracking' element cannot be added as child to 'header', because the latter doesn't exist [] []
[2026-05-15T15:32:48.288036+00:00] main.INFO: Broken reference: the 'tracking' element cannot be added as child to 'header', because the latter doesn't exist [] []
[2026-05-15T15:32:48.313163+00:00] main.ERROR: Writing to the log file failed: Write of 164 bytes failed with errno=28 No space left on device
The exception occurred while attempting to log: Broken reference: the 'tracking' element cannot be added as child to 'header', because the latter doesn't exist [] []
[2026-05-15T15:53:50.943753+00:00] main.INFO: Broken reference: the 'tracking' element cannot be added as child to 'header', because the latter doesn't exist [] []
[2026-05-15T15:53:50.955824+00:00] main.INFO: Broken reference: the 'notification_area' element cannot be added as child to 'notifications', because the latter doesn't exist [] []
[2026-05-15T15:53:50.956209+00:00] main.INFO: Broken reference: the 'unread_system_messages' element cannot be added as child to 'notifications', because the latter doesn't exist [] []
[2026-05-15T15:53:50.956586+00:00] main.INFO: Broken reference: the 'notification_window' element cannot be added as child to 'notifications', because the latter doesn't exist [] []
[2026-05-15T15:53:50.956895+00:00] main.INFO: Broken reference: the 'notification.messages' element cannot be added as child to 'header', because the latter doesn't exist [] []
[2026-05-15T15:53:50.957107+00:00] main.INFO: Broken reference: the 'global_notices' element cannot be added as child to 'global.notices', because the latter doesn't exist [] []
[2026-05-15T15:53:50.957413+00:00] main.INFO: Broken reference: the 'logo' element cannot be added as child to 'header', because the latter doesn't exist [] []
[2026-05-15T15:53:50.957801+00:00] main.INFO: Broken reference: the 'global.search' element cannot be added as child to 'header', because the latter doesn't exist [] []
[2026-05-15T15:53:50.958049+00:00] main.INFO: Broken reference: the 'user' element cannot be added as child to 'header', because the latter doesn't exist [] []
[2026-05-15T15:53:50.958245+00:00] main.INFO: Broken reference: the 'menu' element cannot be added as child to 'page.menu', because the latter doesn't exist [] []
[2026-05-15T15:53:50.958647+00:00] main.INFO: Broken reference: the 'breadcrumbs' element cannot be added as child to 'page.breadcrumbs', because the latter doesn't exist [] []
[2026-05-15T15:53:50.959074+00:00] main.INFO: Broken reference: the 'formkey' element cannot be added as child to 'page.formkey', because the latter doesn't exist [] []
[2026-05-15T15:53:50.959416+00:00] main.INFO: Broken reference: the 'page.title' element cannot be added as child to 'main.top', because the latter doesn't exist [] []
[2026-05-15T15:53:50.962444+00:00] main.INFO: Broken reference: the 'messages' element cannot be added as child to 'page.messages', because the latter doesn't exist [] []
[2026-05-15T15:53:50.962742+00:00] main.INFO: Broken reference: the 'page.actions.toolbar' element cannot be added as child to 'page.main.actions', because the latter doesn't exist [] []
[2026-05-15T15:53:50.962953+00:00] main.INFO: Broken reference: the 'legal' element cannot be added as child to 'footer', because the latter doesn't exist [] []
[2026-05-15T15:53:50.963946+00:00] main.INFO: Broken reference: the 'header.inner.left' element cannot be added as child to 'header', because the latter doesn't exist [] []
[2026-05-15T15:53:50.964378+00:00] main.INFO: Broken reference: the 'header.inner.right' element cannot be added as child to 'header', because the latter doesn't exist [] []
[2026-05-15T15:53:50.966242+00:00] main.INFO: Broken reference: the 'user' tries to reorder itself towards '', but their parents are different: 'header' and '' respectively. [] []
[2026-05-15T15:53:50.967253+00:00] main.INFO: Broken reference: the 'notification.messages' tries to reorder itself towards 'user', but their parents are different: 'header' and '' respectively. [] []
[2026-05-15T15:53:50.967517+00:00] main.INFO: Broken reference: the 'logo' tries to reorder itself towards '', but their parents are different: 'header' and '' respectively. [] []
[2026-05-15T15:53:50.968009+00:00] main.INFO: Broken reference: the 'global.search' tries to reorder itself towards 'logo', but their parents are different: 'header' and '' respectively. [] []
[2026-05-15T15:53:50.968345+00:00] main.INFO: Broken reference: the 'page.actions.toolbar' tries to reorder itself towards '', but their parents are different: 'page.main.actions' and '' respectively. [] []
[2026-05-15T15:53:50.970489+00:00] main.INFO: Broken reference: the 'header.inner.left' tries to reorder itself towards '', but their parents are different: 'header' and '' respectively. [] []
[2026-05-15T15:53:50.971072+00:00] main.INFO: Broken reference: the 'header.inner.right' tries to reorder itself towards 'header.inner.left', but their parents are different: 'header' and '' respectively. [] []
[2026-05-15T15:53:50.972744+00:00] main.INFO: Broken reference: the 'notification.messages' tries to reorder itself towards 'user', but their parents are different: 'header.inner.right' and '' respectively. [] []
[2026-05-15T15:54:06.512680+00:00] main.INFO: Broken reference: the 'notification.messages' tries to reorder itself towards 'user', but their parents are different: 'header.inner.right' and 'header' respectively. [] []
[2026-05-15T16:04:26.689749+00:00] main.INFO: Broken reference: the 'notification.messages' tries to reorder itself towards 'user', but their parents are different: 'header.inner.right' and 'header' respectively. [] []
[2026-05-15T16:15:53.947669+00:00] main.CRITICAL: Consumer key has expired [] []
[2026-05-15T16:15:53.948423+00:00] main.CRITICAL: Consumer key has expired [] []
[2026-05-15T17:00:42.172747+00:00] main.ERROR: The path is not allowed: media/wp-includes/wlwmanifest.xml [] []
[2026-05-15T17:14:50.390541+00:00] main.INFO: Broken reference: the 'tracking' element cannot be added as child to 'header', because the latter doesn't exist [] []
[2026-05-15T17:14:50.401464+00:00] main.INFO: Broken reference: the 'notification_area' element cannot be added as child to 'notifications', because the latter doesn't exist [] []
[2026-05-15T17:14:50.401864+00:00] main.INFO: Broken reference: the 'unread_system_messages' element cannot be added as child to 'notifications', because the latter doesn't exist [] []
[2026-05-15T17:14:50.402023+00:00] main.INFO: Broken reference: the 'notification_window' element cannot be added as child to 'notifications', because the latter doesn't exist [] []
[2026-05-15T17:14:50.402320+00:00] main.INFO: Broken reference: the 'notification.messages' element cannot be added as child to 'header', because the latter doesn't exist [] []
[2026-05-15T17:14:50.402490+00:00] main.INFO: Broken reference: the 'global_notices' element cannot be added as child to 'global.notices', because the latter doesn't exist [] []
[2026-05-15T17:14:50.402667+00:00] main.INFO: Broken reference: the 'logo' element cannot be added as child to 'header', because the latter doesn't exist [] []
[2026-05-15T17:14:50.402799+00:00] main.INFO: Broken reference: the 'global.search' element cannot be added as child to 'header', because the latter doesn't exist [] []
[2026-05-15T17:14:50.402942+00:00] main.INFO: Broken reference: the 'user' element cannot be added as child to 'header', because the latter doesn't exist [] []
[2026-05-15T17:14:50.405629+00:00] main.INFO: Broken reference: the 'menu' element cannot be added as child to 'page.menu', because the latter doesn't exist [] []
[2026-05-15T17:14:50.406318+00:00] main.INFO: Broken reference: the 'breadcrumbs' element cannot be added as child to 'page.breadcrumbs', because the latter doesn't exist [] []
[2026-05-15T17:14:50.407013+00:00] main.INFO: Broken reference: the 'formkey' element cannot be added as child to 'page.formkey', because the latter doesn't exist [] []
[2026-05-15T17:14:50.414967+00:00] main.INFO: Broken reference: the 'page.title' element cannot be added as child to 'main.top', because the latter doesn't exist [] []
[2026-05-15T17:14:50.416375+00:00] main.INFO: Broken reference: the 'messages' element cannot be added as child to 'page.messages', because the latter doesn't exist [] []
[2026-05-15T17:14:50.417173+00:00] main.INFO: Broken reference: the 'page.actions.toolbar' element cannot be added as child to 'page.main.actions', because the latter doesn't exist [] []
[2026-05-15T17:14:50.417658+00:00] main.INFO: Broken reference: the 'legal' element cannot be added as child to 'footer', because the latter doesn't exist [] []
[2026-05-15T17:14:50.435080+00:00] main.INFO: Broken reference: the 'header.inner.left' element cannot be added as child to 'header', because the latter doesn't exist [] []
[2026-05-15T17:14:50.437840+00:00] main.INFO: Broken reference: the 'header.inner.right' element cannot be added as child to 'header', because the latter doesn't exist [] []
[2026-05-15T17:14:50.446524+00:00] main.INFO: Broken reference: the 'user' tries to reorder itself towards '', but their parents are different: 'header' and '' respectively. [] []
[2026-05-15T17:14:50.454549+00:00] main.INFO: Broken reference: the 'notification.messages' tries to reorder itself towards 'user', but their parents are different: 'header' and '' respectively. [] []
[2026-05-15T17:14:50.457398+00:00] main.INFO: Broken reference: the 'logo' tries to reorder itself towards '', but their parents are different: 'header' and '' respectively. [] []
[2026-05-15T17:14:50.463992+00:00] main.INFO: Broken reference: the 'global.search' tries to reorder itself towards 'logo', but their parents are different: 'header' and '' respectively. [] []
[2026-05-15T17:14:50.468048+00:00] main.INFO: Broken reference: the 'page.actions.toolbar' tries to reorder itself towards '', but their parents are different: 'page.main.actions' and '' respectively. [] []
[2026-05-15T17:14:50.485438+00:00] main.INFO: Broken reference: the 'header.inner.left' tries to reorder itself towards '', but their parents are different: 'header' and '' respectively. [] []
[2026-05-15T17:14:50.487583+00:00] main.INFO: Broken reference: the 'header.inner.right' tries to reorder itself towards 'header.inner.left', but their parents are different: 'header' and '' respectively. [] []
[2026-05-15T17:14:50.494332+00:00] main.INFO: Broken reference: the 'notification.messages' tries to reorder itself towards 'user', but their parents are different: 'header.inner.right' and '' respectively. [] []
[2026-05-15T17:15:24.475090+00:00] main.INFO: Broken reference: the 'notification.messages' tries to reorder itself towards 'user', but their parents are different: 'header.inner.right' and 'header' respectively. [] []
[2026-05-15T17:18:57.979631+00:00] main.CRITICAL: Consumer key has expired [] []
[2026-05-15T17:18:57.980819+00:00] main.CRITICAL: Consumer key has expired [] []
[2026-05-15T17:57:40.457640+00:00] main.INFO: Broken reference: the 'tracking' element cannot be added as child to 'header', because the latter doesn't exist [] []
[2026-05-15T17:57:40.488994+00:00] main.INFO: Broken reference: the 'notification_area' element cannot be added as child to 'notifications', because the latter doesn't exist [] []
[2026-05-15T17:57:40.489670+00:00] main.INFO: Broken reference: the 'unread_system_messages' element cannot be added as child to 'notifications', because the latter doesn't exist [] []
[2026-05-15T17:57:40.489999+00:00] main.INFO: Broken reference: the 'notification_window' element cannot be added as child to 'notifications', because the latter doesn't exist [] []
[2026-05-15T17:57:40.490303+00:00] main.INFO: Broken reference: the 'notification.messages' element cannot be added as child to 'header', because the latter doesn't exist [] []
[2026-05-15T17:57:40.490601+00:00] main.INFO: Broken reference: the 'global_notices' element cannot be added as child to 'global.notices', because the latter doesn't exist [] []
[2026-05-15T17:57:40.491519+00:00] main.INFO: Broken reference: the 'logo' element cannot be added as child to 'header', because the latter doesn't exist [] []
[2026-05-15T17:57:40.492102+00:00] main.INFO: Broken reference: the 'global.search' element cannot be added as child to 'header', because the latter doesn't exist [] []
[2026-05-15T17:57:40.492298+00:00] main.INFO: Broken reference: the 'user' element cannot be added as child to 'header', because the latter doesn't exist [] []
[2026-05-15T17:57:40.497273+00:00] main.INFO: Broken reference: the 'menu' element cannot be added as child to 'page.menu', because the latter doesn't exist [] []
[2026-05-15T17:57:40.497610+00:00] main.INFO: Broken reference: the 'breadcrumbs' element cannot be added as child to 'page.breadcrumbs', because the latter doesn't exist [] []
[2026-05-15T17:57:40.497879+00:00] main.INFO: Broken reference: the 'formkey' element cannot be added as child to 'page.formkey', because the latter doesn't exist [] []
[2026-05-15T17:57:40.498241+00:00] main.INFO: Broken reference: the 'page.title' element cannot be added as child to 'main.top', because the latter doesn't exist [] []
[2026-05-15T17:57:40.498445+00:00] main.INFO: Broken reference: the 'messages' element cannot be added as child to 'page.messages', because the latter doesn't exist [] []
[2026-05-15T17:57:40.498766+00:00] main.INFO: Broken reference: the 'page.actions.toolbar' element cannot be added as child to 'page.main.actions', because the latter doesn't exist [] []
[2026-05-15T17:57:40.498955+00:00] main.INFO: Broken reference: the 'legal' element cannot be added as child to 'footer', because the latter doesn't exist [] []
[2026-05-15T17:57:40.505902+00:00] main.INFO: Broken reference: the 'header.inner.left' element cannot be added as child to 'header', because the latter doesn't exist [] []
[2026-05-15T17:57:40.512316+00:00] main.INFO: Broken reference: the 'header.inner.right' element cannot be added as child to 'header', because the latter doesn't exist [] []
[2026-05-15T17:57:40.556418+00:00] main.INFO: Broken reference: the 'user' tries to reorder itself towards '', but their parents are different: 'header' and '' respectively. [] []
[2026-05-15T17:57:40.568419+00:00] main.INFO: Broken reference: the 'notification.messages' tries to reorder itself towards 'user', but their parents are different: 'header' and '' respectively. [] []
[2026-05-15T17:57:40.568612+00:00] main.INFO: Broken reference: the 'logo' tries to reorder itself towards '', but their parents are different: 'header' and '' respectively. [] []
[2026-05-15T17:57:40.568753+00:00] main.INFO: Broken reference: the 'global.search' tries to reorder itself towards 'logo', but their parents are different: 'header' and '' respectively. [] []
[2026-05-15T17:57:40.568963+00:00] main.INFO: Broken reference: the 'page.actions.toolbar' tries to reorder itself towards '', but their parents are different: 'page.main.actions' and '' respectively. [] []
[2026-05-15T17:57:40.583038+00:00] main.INFO: Broken reference: the 'header.inner.left' tries to reorder itself towards '', but their parents are different: 'header' and '' respectively. [] []
[2026-05-15T17:57:40.590087+00:00] main.INFO: Broken reference: the 'header.inner.right' tries to reorder itself towards 'header.inner.left', but their parents are different: 'header' and '' respectively. [] []
[2026-05-15T17:57:40.593724+00:00] main.INFO: Broken reference: the 'notification.messages' tries to reorder itself towards 'user', but their parents are different: 'header.inner.right' and '' respectively. [] []
[2026-05-15T19:04:39.641431+00:00] main.CRITICAL: Consumer key has expired [] []
[2026-05-15T19:04:39.641566+00:00] main.CRITICAL: Consumer key has expired [] []
[2026-05-15T22:49:36.336680+00:00] main.ERROR: Braintree\Configuration::merchantId needs to be set (or accessToken needs to be passed to Braintree\Gateway). [] []
[2026-05-15T22:49:39.584073+00:00] main.ERROR: Braintree\Configuration::merchantId needs to be set (or accessToken needs to be passed to Braintree\Gateway). [] []
[2026-05-15T22:49:42.085080+00:00] main.ERROR: Braintree\Configuration::merchantId needs to be set (or accessToken needs to be passed to Braintree\Gateway). [] []
[2026-05-15T22:50:23.604938+00:00] main.INFO: Broken reference: the 'tracking' element cannot be added as child to 'header', because the latter doesn't exist [] []
[2026-05-15T22:50:23.605733+00:00] main.INFO: Broken reference: the 'notification_area' element cannot be added as child to 'notifications', because the latter doesn't exist [] []
[2026-05-15T22:50:23.605939+00:00] main.INFO: Broken reference: the 'unread_system_messages' element cannot be added as child to 'notifications', because the latter doesn't exist [] []
[2026-05-15T22:50:23.606111+00:00] main.INFO: Broken reference: the 'notification_window' element cannot be added as child to 'notifications', because the latter doesn't exist [] []
[2026-05-15T22:50:23.606290+00:00] main.INFO: Broken reference: the 'notification.messages' element cannot be added as child to 'header', because the latter doesn't exist [] []
[2026-05-15T22:50:23.606536+00:00] main.INFO: Broken reference: the 'global_notices' element cannot be added as child to 'global.notices', because the latter doesn't exist [] []
[2026-05-15T22:50:23.606747+00:00] main.INFO: Broken reference: the 'logo' element cannot be added as child to 'header', because the latter doesn't exist [] []
[2026-05-15T22:50:23.606911+00:00] main.INFO: Broken reference: the 'global.search' element cannot be added as child to 'header', because the latter doesn't exist [] []
[2026-05-15T22:50:23.607083+00:00] main.INFO: Broken reference: the 'user' element cannot be added as child to 'header', because the latter doesn't exist [] []
[2026-05-15T22:50:23.607250+00:00] main.INFO: Broken reference: the 'menu' element cannot be added as child to 'page.menu', because the latter doesn't exist [] []
[2026-05-15T22:50:23.607447+00:00] main.INFO: Broken reference: the 'breadcrumbs' element cannot be added as child to 'page.breadcrumbs', because the latter doesn't exist [] []
[2026-05-15T22:50:23.607701+00:00] main.INFO: Broken reference: the 'formkey' element cannot be added as child to 'page.formkey', because the latter doesn't exist [] []
[2026-05-15T22:50:23.607881+00:00] main.INFO: Broken reference: the 'page.title' element cannot be added as child to 'main.top', because the latter doesn't exist [] []
[2026-05-15T22:50:23.608042+00:00] main.INFO: Broken reference: the 'messages' element cannot be added as child to 'page.messages', because the latter doesn't exist [] []
[2026-05-15T22:50:23.608201+00:00] main.INFO: Broken reference: the 'page.actions.toolbar' element cannot be added as child to 'page.main.actions', because the latter doesn't exist [] []
[2026-05-15T22:50:23.608362+00:00] main.INFO: Broken reference: the 'legal' element cannot be added as child to 'footer', because the latter doesn't exist [] []
[2026-05-15T22:50:23.608715+00:00] main.INFO: Broken reference: the 'header.inner.left' element cannot be added as child to 'header', because the latter doesn't exist [] []
[2026-05-15T22:50:23.608885+00:00] main.INFO: Broken reference: the 'header.inner.right' element cannot be added as child to 'header', because the latter doesn't exist [] []
[2026-05-15T22:50:23.609211+00:00] main.INFO: Broken reference: the 'user' tries to reorder itself towards '', but their parents are different: 'header' and '' respectively. [] []
[2026-05-15T22:50:23.609349+00:00] main.INFO: Broken reference: the 'notification.messages' tries to reorder itself towards 'user', but their parents are different: 'header' and '' respectively. [] []
[2026-05-15T22:50:23.609504+00:00] main.INFO: Broken reference: the 'logo' tries to reorder itself towards '', but their parents are different: 'header' and '' respectively. [] []
[2026-05-15T22:50:23.609619+00:00] main.INFO: Broken reference: the 'global.search' tries to reorder itself towards 'logo', but their parents are different: 'header' and '' respectively. [] []
[2026-05-15T22:50:23.609755+00:00] main.INFO: Broken reference: the 'page.actions.toolbar' tries to reorder itself towards '', but their parents are different: 'page.main.actions' and '' respectively. [] []
[2026-05-15T22:50:23.609922+00:00] main.INFO: Broken reference: the 'header.inner.left' tries to reorder itself towards '', but their parents are different: 'header' and '' respectively. [] []
[2026-05-15T22:50:23.610053+00:00] main.INFO: Broken reference: the 'header.inner.right' tries to reorder itself towards 'header.inner.left', but their parents are different: 'header' and '' respectively. [] []
[2026-05-15T22:50:23.610162+00:00] main.INFO: Broken reference: the 'notification.messages' tries to reorder itself towards 'user', but their parents are different: 'header.inner.right' and '' respectively. [] []
[2026-05-15T22:50:26.634671+00:00] main.INFO: Broken reference: the 'tracking' element cannot be added as child to 'header', because the latter doesn't exist [] []
[2026-05-15T22:50:26.635472+00:00] main.INFO: Broken reference: the 'notification_area' element cannot be added as child to 'notifications', because the latter doesn't exist [] []
[2026-05-15T22:50:26.635824+00:00] main.INFO: Broken reference: the 'unread_system_messages' element cannot be added as child to 'notifications', because the latter doesn't exist [] []
[2026-05-15T22:50:26.636077+00:00] main.INFO: Broken reference: the 'notification_window' element cannot be added as child to 'notifications', because the latter doesn't exist [] []
[2026-05-15T22:50:26.636331+00:00] main.INFO: Broken reference: the 'notification.messages' element cannot be added as child to 'header', because the latter doesn't exist [] []
[2026-05-15T22:50:26.636496+00:00] main.INFO: Broken reference: the 'global_notices' element cannot be added as child to 'global.notices', because the latter doesn't exist [] []
[2026-05-15T22:50:26.636656+00:00] main.INFO: Broken reference: the 'logo' element cannot be added as child to 'header', because the latter doesn't exist [] []
[2026-05-15T22:50:26.636803+00:00] main.INFO: Broken reference: the 'global.search' element cannot be added as child to 'header', because the latter doesn't exist [] []
[2026-05-15T22:50:26.636984+00:00] main.INFO: Broken reference: the 'user' element cannot be added as child to 'header', because the latter doesn't exist [] []
[2026-05-15T22:50:26.637119+00:00] main.INFO: Broken reference: the 'menu' element cannot be added as child to 'page.menu', because the latter doesn't exist [] []
[2026-05-15T22:50:26.637248+00:00] main.INFO: Broken reference: the 'breadcrumbs' element cannot be added as child to 'page.breadcrumbs', because the latter doesn't exist [] []
[2026-05-15T22:50:26.637378+00:00] main.INFO: Broken reference: the 'formkey' element cannot be added as child to 'page.formkey', because the latter doesn't exist [] []
[2026-05-15T22:50:26.637521+00:00] main.INFO: Broken reference: the 'page.title' element cannot be added as child to 'main.top', because the latter doesn't exist [] []
[2026-05-15T22:50:26.637792+00:00] main.INFO: Broken reference: the 'messages' element cannot be added as child to 'page.messages', because the latter doesn't exist [] []
[2026-05-15T22:50:26.638077+00:00] main.INFO: Broken reference: the 'page.actions.toolbar' element cannot be added as child to 'page.main.actions', because the latter doesn't exist [] []
[2026-05-15T22:50:26.638217+00:00] main.INFO: Broken reference: the 'legal' element cannot be added as child to 'footer', because the latter doesn't exist [] []
[2026-05-15T22:50:26.638478+00:00] main.INFO: Broken reference: the 'header.inner.left' element cannot be added as child to 'header', because the latter doesn't exist [] []
[2026-05-15T22:50:26.638643+00:00] main.INFO: Broken reference: the 'header.inner.right' element cannot be added as child to 'header', because the latter doesn't exist [] []
[2026-05-15T22:50:26.638894+00:00] main.INFO: Broken reference: the 'user' tries to reorder itself towards '', but their parents are different: 'header' and '' respectively. [] []
[2026-05-15T22:50:26.639052+00:00] main.INFO: Broken reference: the 'notification.messages' tries to reorder itself towards 'user', but their parents are different: 'header' and '' respectively. [] []
[2026-05-15T22:50:26.639186+00:00] main.INFO: Broken reference: the 'logo' tries to reorder itself towards '', but their parents are different: 'header' and '' respectively. [] []
[2026-05-15T22:50:26.639317+00:00] main.INFO: Broken reference: the 'global.search' tries to reorder itself towards 'logo', but their parents are different: 'header' and '' respectively. [] []
[2026-05-15T22:50:26.639443+00:00] main.INFO: Broken reference: the 'page.actions.toolbar' tries to reorder itself towards '', but their parents are different: 'page.main.actions' and '' respectively. [] []
[2026-05-15T22:50:26.647337+00:00] main.INFO: Broken reference: the 'header.inner.left' tries to reorder itself towards '', but their parents are different: 'header' and '' respectively. [] []
[2026-05-15T22:50:26.647844+00:00] main.INFO: Broken reference: the 'header.inner.right' tries to reorder itself towards 'header.inner.left', but their parents are different: 'header' and '' respectively. [] []
[2026-05-15T22:50:26.648067+00:00] main.INFO: Broken reference: the 'notification.messages' tries to reorder itself towards 'user', but their parents are different: 'header.inner.right' and '' respectively. [] []
[2026-05-15T22:50:29.151384+00:00] main.INFO: Broken reference: the 'tracking' element cannot be added as child to 'header', because the latter doesn't exist [] []
[2026-05-15T22:50:29.153205+00:00] main.INFO: Broken reference: the 'notification_area' element cannot be added as child to 'notifications', because the latter doesn't exist [] []
[2026-05-15T22:50:29.153493+00:00] main.INFO: Broken reference: the 'unread_system_messages' element cannot be added as child to 'notifications', because the latter doesn't exist [] []
[2026-05-15T22:50:29.153700+00:00] main.INFO: Broken reference: the 'notification_window' element cannot be added as child to 'notifications', because the latter doesn't exist [] []
[2026-05-15T22:50:29.153873+00:00] main.INFO: Broken reference: the 'notification.messages' element cannot be added as child to 'header', because the latter doesn't exist [] []
[2026-05-15T22:50:29.154054+00:00] main.INFO: Broken reference: the 'global_notices' element cannot be added as child to 'global.notices', because the latter doesn't exist [] []
[2026-05-15T22:50:29.154208+00:00] main.INFO: Broken reference: the 'logo' element cannot be added as child to 'header', because the latter doesn't exist [] []
[2026-05-15T22:50:29.154352+00:00] main.INFO: Broken reference: the 'global.search' element cannot be added as child to 'header', because the latter doesn't exist [] []
[2026-05-15T22:50:29.154513+00:00] main.INFO: Broken reference: the 'user' element cannot be added as child to 'header', because the latter doesn't exist [] []
[2026-05-15T22:50:29.154699+00:00] main.INFO: Broken reference: the 'menu' element cannot be added as child to 'page.menu', because the latter doesn't exist [] []
[2026-05-15T22:50:29.154844+00:00] main.INFO: Broken reference: the 'breadcrumbs' element cannot be added as child to 'page.breadcrumbs', because the latter doesn't exist [] []
[2026-05-15T22:50:29.155001+00:00] main.INFO: Broken reference: the 'formkey' element cannot be added as child to 'page.formkey', because the latter doesn't exist [] []
[2026-05-15T22:50:29.155176+00:00] main.INFO: Broken reference: the 'page.title' element cannot be added as child to 'main.top', because the latter doesn't exist [] []
[2026-05-15T22:50:29.155334+00:00] main.INFO: Broken reference: the 'messages' element cannot be added as child to 'page.messages', because the latter doesn't exist [] []
[2026-05-15T22:50:29.155489+00:00] main.INFO: Broken reference: the 'page.actions.toolbar' element cannot be added as child to 'page.main.actions', because the latter doesn't exist [] []
[2026-05-15T22:50:29.155920+00:00] main.INFO: Broken reference: the 'legal' element cannot be added as child to 'footer', because the latter doesn't exist [] []
[2026-05-15T22:50:29.156784+00:00] main.INFO: Broken reference: the 'header.inner.left' element cannot be added as child to 'header', because the latter doesn't exist [] []
[2026-05-15T22:50:29.157020+00:00] main.INFO: Broken reference: the 'header.inner.right' element cannot be added as child to 'header', because the latter doesn't exist [] []
[2026-05-15T22:50:29.157280+00:00] main.INFO: Broken reference: the 'user' tries to reorder itself towards '', but their parents are different: 'header' and '' respectively. [] []
[2026-05-15T22:50:29.157462+00:00] main.INFO: Broken reference: the 'notification.messages' tries to reorder itself towards 'user', but their parents are different: 'header' and '' respectively. [] []
[2026-05-15T22:50:29.157648+00:00] main.INFO: Broken reference: the 'logo' tries to reorder itself towards '', but their parents are different: 'header' and '' respectively. [] []
[2026-05-15T22:50:29.157803+00:00] main.INFO: Broken reference: the 'global.search' tries to reorder itself towards 'logo', but their parents are different: 'header' and '' respectively. [] []
[2026-05-15T22:50:29.157977+00:00] main.INFO: Broken reference: the 'page.actions.toolbar' tries to reorder itself towards '', but their parents are different: 'page.main.actions' and '' respectively. [] []
[2026-05-15T22:50:29.158183+00:00] main.INFO: Broken reference: the 'header.inner.left' tries to reorder itself towards '', but their parents are different: 'header' and '' respectively. [] []
[2026-05-15T22:50:29.158346+00:00] main.INFO: Broken reference: the 'header.inner.right' tries to reorder itself towards 'header.inner.left', but their parents are different: 'header' and '' respectively. [] []
[2026-05-15T22:50:29.158538+00:00] main.INFO: Broken reference: the 'notification.messages' tries to reorder itself towards 'user', but their parents are different: 'header.inner.right' and '' respectively. [] []
[2026-05-15T22:50:30.726063+00:00] main.INFO: Broken reference: the 'tracking' element cannot be added as child to 'header', because the latter doesn't exist [] []
[2026-05-15T22:50:30.726843+00:00] main.INFO: Broken reference: the 'notification_area' element cannot be added as child to 'notifications', because the latter doesn't exist [] []
[2026-05-15T22:50:30.727164+00:00] main.INFO: Broken reference: the 'unread_system_messages' element cannot be added as child to 'notifications', because the latter doesn't exist [] []
[2026-05-15T22:50:30.727713+00:00] main.INFO: Broken reference: the 'notification_window' element cannot be added as child to 'notifications', because the latter doesn't exist [] []
[2026-05-15T22:50:30.728036+00:00] main.INFO: Broken reference: the 'notification.messages' element cannot be added as child to 'header', because the latter doesn't exist [] []
[2026-05-15T22:50:30.728414+00:00] main.INFO: Broken reference: the 'global_notices' element cannot be added as child to 'global.notices', because the latter doesn't exist [] []
[2026-05-15T22:50:30.728697+00:00] main.INFO: Broken reference: the 'logo' element cannot be added as child to 'header', because the latter doesn't exist [] []
[2026-05-15T22:50:30.728933+00:00] main.INFO: Broken reference: the 'global.search' element cannot be added as child to 'header', because the latter doesn't exist [] []
[2026-05-15T22:50:30.729165+00:00] main.INFO: Broken reference: the 'user' element cannot be added as child to 'header', because the latter doesn't exist [] []
[2026-05-15T22:50:30.729395+00:00] main.INFO: Broken reference: the 'menu' element cannot be added as child to 'page.menu', because the latter doesn't exist [] []
[2026-05-15T22:50:30.729644+00:00] main.INFO: Broken reference: the 'breadcrumbs' element cannot be added as child to 'page.breadcrumbs', because the latter doesn't exist [] []
[2026-05-15T22:50:30.729876+00:00] main.INFO: Broken reference: the 'formkey' element cannot be added as child to 'page.formkey', because the latter doesn't exist [] []
[2026-05-15T22:50:30.730109+00:00] main.INFO: Broken reference: the 'page.title' element cannot be added as child to 'main.top', because the latter doesn't exist [] []
[2026-05-15T22:50:30.730360+00:00] main.INFO: Broken reference: the 'messages' element cannot be added as child to 'page.messages', because the latter doesn't exist [] []
[2026-05-15T22:50:30.730649+00:00] main.INFO: Broken reference: the 'page.actions.toolbar' element cannot be added as child to 'page.main.actions', because the latter doesn't exist [] []
[2026-05-15T22:50:30.730904+00:00] main.INFO: Broken reference: the 'legal' element cannot be added as child to 'footer', because the latter doesn't exist [] []
[2026-05-15T22:50:30.731309+00:00] main.INFO: Broken reference: the 'header.inner.left' element cannot be added as child to 'header', because the latter doesn't exist [] []
[2026-05-15T22:50:30.731682+00:00] main.INFO: Broken reference: the 'header.inner.right' element cannot be added as child to 'header', because the latter doesn't exist [] []
[2026-05-15T22:50:30.732109+00:00] main.INFO: Broken reference: the 'user' tries to reorder itself towards '', but their parents are different: 'header' and '' respectively. [] []
[2026-05-15T22:50:30.732414+00:00] main.INFO: Broken reference: the 'notification.messages' tries to reorder itself towards 'user', but their parents are different: 'header' and '' respectively. [] []
[2026-05-15T22:50:30.732678+00:00] main.INFO: Broken reference: the 'logo' tries to reorder itself towards '', but their parents are different: 'header' and '' respectively. [] []
[2026-05-15T22:50:30.732927+00:00] main.INFO: Broken reference: the 'global.search' tries to reorder itself towards 'logo', but their parents are different: 'header' and '' respectively. [] []
[2026-05-15T22:50:30.733158+00:00] main.INFO: Broken reference: the 'page.actions.toolbar' tries to reorder itself towards '', but their parents are different: 'page.main.actions' and '' respectively. [] []
[2026-05-15T22:50:30.733472+00:00] main.INFO: Broken reference: the 'header.inner.left' tries to reorder itself towards '', but their parents are different: 'header' and '' respectively. [] []
[2026-05-15T22:50:30.733741+00:00] main.INFO: Broken reference: the 'header.inner.right' tries to reorder itself towards 'header.inner.left', but their parents are different: 'header' and '' respectively. [] []
[2026-05-15T22:50:30.734134+00:00] main.INFO: Broken reference: the 'notification.messages' tries to reorder itself towards 'user', but their parents are different: 'header.inner.right' and '' respectively. [] []
[2026-05-15T22:50:32.787543+00:00] main.INFO: Broken reference: the 'tracking' element cannot be added as child to 'header', because the latter doesn't exist [] []
[2026-05-15T22:50:32.788291+00:00] main.INFO: Broken reference: the 'notification_area' element cannot be added as child to 'notifications', because the latter doesn't exist [] []
[2026-05-15T22:50:32.788682+00:00] main.INFO: Broken reference: the 'unread_system_messages' element cannot be added as child to 'notifications', because the latter doesn't exist [] []
[2026-05-15T22:50:32.789012+00:00] main.INFO: Broken reference: the 'notification_window' element cannot be added as child to 'notifications', because the latter doesn't exist [] []
[2026-05-15T22:50:32.789329+00:00] main.INFO: Broken reference: the 'notification.messages' element cannot be added as child to 'header', because the latter doesn't exist [] []
[2026-05-15T22:50:32.789683+00:00] main.INFO: Broken reference: the 'global_notices' element cannot be added as child to 'global.notices', because the latter doesn't exist [] []
[2026-05-15T22:50:32.790001+00:00] main.INFO: Broken reference: the 'logo' element cannot be added as child to 'header', because the latter doesn't exist [] []
[2026-05-15T22:50:32.790315+00:00] main.INFO: Broken reference: the 'global.search' element cannot be added as child to 'header', because the latter doesn't exist [] []
[2026-05-15T22:50:32.790647+00:00] main.INFO: Broken reference: the 'user' element cannot be added as child to 'header', because the latter doesn't exist [] []
[2026-05-15T22:50:32.790969+00:00] main.INFO: Broken reference: the 'menu' element cannot be added as child to 'page.menu', because the latter doesn't exist [] []
[2026-05-15T22:50:32.791288+00:00] main.INFO: Broken reference: the 'breadcrumbs' element cannot be added as child to 'page.breadcrumbs', because the latter doesn't exist [] []
[2026-05-15T22:50:32.791656+00:00] main.INFO: Broken reference: the 'formkey' element cannot be added as child to 'page.formkey', because the latter doesn't exist [] []
[2026-05-15T22:50:32.791988+00:00] main.INFO: Broken reference: the 'page.title' element cannot be added as child to 'main.top', because the latter doesn't exist [] []
[2026-05-15T22:50:32.792300+00:00] main.INFO: Broken reference: the 'messages' element cannot be added as child to 'page.messages', because the latter doesn't exist [] []
[2026-05-15T22:50:32.792622+00:00] main.INFO: Broken reference: the 'page.actions.toolbar' element cannot be added as child to 'page.main.actions', because the latter doesn't exist [] []
[2026-05-15T22:50:32.792971+00:00] main.INFO: Broken reference: the 'legal' element cannot be added as child to 'footer', because the latter doesn't exist [] []
[2026-05-15T22:50:32.793622+00:00] main.INFO: Broken reference: the 'header.inner.left' element cannot be added as child to 'header', because the latter doesn't exist [] []
[2026-05-15T22:50:32.793975+00:00] main.INFO: Broken reference: the 'header.inner.right' element cannot be added as child to 'header', because the latter doesn't exist [] []
[2026-05-15T22:50:32.794443+00:00] main.INFO: Broken reference: the 'user' tries to reorder itself towards '', but their parents are different: 'header' and '' respectively. [] []
[2026-05-15T22:50:32.794798+00:00] main.INFO: Broken reference: the 'notification.messages' tries to reorder itself towards 'user', but their parents are different: 'header' and '' respectively. [] []
[2026-05-15T22:50:32.795118+00:00] main.INFO: Broken reference: the 'logo' tries to reorder itself towards '', but their parents are different: 'header' and '' respectively. [] []
[2026-05-15T22:50:32.795432+00:00] main.INFO: Broken reference: the 'global.search' tries to reorder itself towards 'logo', but their parents are different: 'header' and '' respectively. [] []
[2026-05-15T22:50:32.795804+00:00] main.INFO: Broken reference: the 'page.actions.toolbar' tries to reorder itself towards '', but their parents are different: 'page.main.actions' and '' respectively. [] []
[2026-05-15T22:50:32.796201+00:00] main.INFO: Broken reference: the 'header.inner.left' tries to reorder itself towards '', but their parents are different: 'header' and '' respectively. [] []
[2026-05-15T22:50:32.796719+00:00] main.INFO: Broken reference: the 'header.inner.right' tries to reorder itself towards 'header.inner.left', but their parents are different: 'header' and '' respectively. [] []
[2026-05-15T22:50:32.797166+00:00] main.INFO: Broken reference: the 'notification.messages' tries to reorder itself towards 'user', but their parents are different: 'header.inner.right' and '' respectively. [] []
[2026-05-15T23:36:46.508573+00:00] main.ERROR: The path is not allowed: media/wp-includes/wlwmanifest.xml [] []
[2026-05-16T00:26:16.239004+00:00] main.ERROR: Braintree\Configuration::merchantId needs to be set (or accessToken needs to be passed to Braintree\Gateway). [] []
[2026-05-16T00:26:21.447386+00:00] main.ERROR: Braintree\Configuration::merchantId needs to be set (or accessToken needs to be passed to Braintree\Gateway). [] []
[2026-05-16T00:27:04.493860+00:00] main.INFO: Broken reference: the 'tracking' element cannot be added as child to 'header', because the latter doesn't exist [] []
[2026-05-16T00:27:04.494260+00:00] main.INFO: Broken reference: the 'notification_area' element cannot be added as child to 'notifications', because the latter doesn't exist [] []
[2026-05-16T00:27:04.494391+00:00] main.INFO: Broken reference: the 'unread_system_messages' element cannot be added as child to 'notifications', because the latter doesn't exist [] []
[2026-05-16T00:27:04.494487+00:00] main.INFO: Broken reference: the 'notification_window' element cannot be added as child to 'notifications', because the latter doesn't exist [] []
[2026-05-16T00:27:04.494628+00:00] main.INFO: Broken reference: the 'notification.messages' element cannot be added as child to 'header', because the latter doesn't exist [] []
[2026-05-16T00:27:04.494745+00:00] main.INFO: Broken reference: the 'global_notices' element cannot be added as child to 'global.notices', because the latter doesn't exist [] []
[2026-05-16T00:27:04.494899+00:00] main.INFO: Broken reference: the 'logo' element cannot be added as child to 'header', because the latter doesn't exist [] []
[2026-05-16T00:27:04.495000+00:00] main.INFO: Broken reference: the 'global.search' element cannot be added as child to 'header', because the latter doesn't exist [] []
[2026-05-16T00:27:04.495089+00:00] main.INFO: Broken reference: the 'user' element cannot be added as child to 'header', because the latter doesn't exist [] []
[2026-05-16T00:27:04.495209+00:00] main.INFO: Broken reference: the 'menu' element cannot be added as child to 'page.menu', because the latter doesn't exist [] []
[2026-05-16T00:27:04.495331+00:00] main.INFO: Broken reference: the 'breadcrumbs' element cannot be added as child to 'page.breadcrumbs', because the latter doesn't exist [] []
[2026-05-16T00:27:04.495528+00:00] main.INFO: Broken reference: the 'formkey' element cannot be added as child to 'page.formkey', because the latter doesn't exist [] []
[2026-05-16T00:27:04.495757+00:00] main.INFO: Broken reference: the 'page.title' element cannot be added as child to 'main.top', because the latter doesn't exist [] []
[2026-05-16T00:27:04.495850+00:00] main.INFO: Broken reference: the 'messages' element cannot be added as child to 'page.messages', because the latter doesn't exist [] []
[2026-05-16T00:27:04.495998+00:00] main.INFO: Broken reference: the 'page.actions.toolbar' element cannot be added as child to 'page.main.actions', because the latter doesn't exist [] []
[2026-05-16T00:27:04.496091+00:00] main.INFO: Broken reference: the 'legal' element cannot be added as child to 'footer', because the latter doesn't exist [] []
[2026-05-16T00:27:04.496271+00:00] main.INFO: Broken reference: the 'header.inner.left' element cannot be added as child to 'header', because the latter doesn't exist [] []
[2026-05-16T00:27:04.496397+00:00] main.INFO: Broken reference: the 'header.inner.right' element cannot be added as child to 'header', because the latter doesn't exist [] []
[2026-05-16T00:27:04.496702+00:00] main.INFO: Broken reference: the 'user' tries to reorder itself towards '', but their parents are different: 'header' and '' respectively. [] []
[2026-05-16T00:27:04.496836+00:00] main.INFO: Broken reference: the 'notification.messages' tries to reorder itself towards 'user', but their parents are different: 'header' and '' respectively. [] []
[2026-05-16T00:27:04.496965+00:00] main.INFO: Broken reference: the 'logo' tries to reorder itself towards '', but their parents are different: 'header' and '' respectively. [] []
[2026-05-16T00:27:04.497092+00:00] main.INFO: Broken reference: the 'global.search' tries to reorder itself towards 'logo', but their parents are different: 'header' and '' respectively. [] []
[2026-05-16T00:27:04.497183+00:00] main.INFO: Broken reference: the 'page.actions.toolbar' tries to reorder itself towards '', but their parents are different: 'page.main.actions' and '' respectively. [] []
[2026-05-16T00:27:04.497303+00:00] main.INFO: Broken reference: the 'header.inner.left' tries to reorder itself towards '', but their parents are different: 'header' and '' respectively. [] []
[2026-05-16T00:27:04.497396+00:00] main.INFO: Broken reference: the 'header.inner.right' tries to reorder itself towards 'header.inner.left', but their parents are different: 'header' and '' respectively. [] []
[2026-05-16T00:27:04.497651+00:00] main.INFO: Broken reference: the 'notification.messages' tries to reorder itself towards 'user', but their parents are different: 'header.inner.right' and '' respectively. [] []
[2026-05-16T00:27:06.567319+00:00] main.INFO: Broken reference: the 'tracking' element cannot be added as child to 'header', because the latter doesn't exist [] []
[2026-05-16T00:27:06.569300+00:00] main.INFO: Broken reference: the 'notification_area' element cannot be added as child to 'notifications', because the latter doesn't exist [] []
[2026-05-16T00:27:06.569638+00:00] main.INFO: Broken reference: the 'unread_system_messages' element cannot be added as child to 'notifications', because the latter doesn't exist [] []
[2026-05-16T00:27:06.569885+00:00] main.INFO: Broken reference: the 'notification_window' element cannot be added as child to 'notifications', because the latter doesn't exist [] []
[2026-05-16T00:27:06.570068+00:00] main.INFO: Broken reference: the 'notification.messages' element cannot be added as child to 'header', because the latter doesn't exist [] []
[2026-05-16T00:27:06.570227+00:00] main.INFO: Broken reference: the 'global_notices' element cannot be added as child to 'global.notices', because the latter doesn't exist [] []
[2026-05-16T00:27:06.570468+00:00] main.INFO: Broken reference: the 'logo' element cannot be added as child to 'header', because the latter doesn't exist [] []
[2026-05-16T00:27:06.570633+00:00] main.INFO: Broken reference: the 'global.search' element cannot be added as child to 'header', because the latter doesn't exist [] []
[2026-05-16T00:27:06.570829+00:00] main.INFO: Broken reference: the 'user' element cannot be added as child to 'header', because the latter doesn't exist [] []
[2026-05-16T00:27:06.571038+00:00] main.INFO: Broken reference: the 'menu' element cannot be added as child to 'page.menu', because the latter doesn't exist [] []
[2026-05-16T00:27:06.571312+00:00] main.INFO: Broken reference: the 'breadcrumbs' element cannot be added as child to 'page.breadcrumbs', because the latter doesn't exist [] []
[2026-05-16T00:27:06.571592+00:00] main.INFO: Broken reference: the 'formkey' element cannot be added as child to 'page.formkey', because the latter doesn't exist [] []
[2026-05-16T00:27:06.571883+00:00] main.INFO: Broken reference: the 'page.title' element cannot be added as child to 'main.top', because the latter doesn't exist [] []
[2026-05-16T00:27:06.572092+00:00] main.INFO: Broken reference: the 'messages' element cannot be added as child to 'page.messages', because the latter doesn't exist [] []
[2026-05-16T00:27:06.572325+00:00] main.INFO: Broken reference: the 'page.actions.toolbar' element cannot be added as child to 'page.main.actions', because the latter doesn't exist [] []
[2026-05-16T00:27:06.572619+00:00] main.INFO: Broken reference: the 'legal' element cannot be added as child to 'footer', because the latter doesn't exist [] []
[2026-05-16T00:27:06.572921+00:00] main.INFO: Broken reference: the 'header.inner.left' element cannot be added as child to 'header', because the latter doesn't exist [] []
[2026-05-16T00:27:06.573089+00:00] main.INFO: Broken reference: the 'header.inner.right' element cannot be added as child to 'header', because the latter doesn't exist [] []
[2026-05-16T00:27:06.573416+00:00] main.INFO: Broken reference: the 'user' tries to reorder itself towards '', but their parents are different: 'header' and '' respectively. [] []
[2026-05-16T00:27:06.573591+00:00] main.INFO: Broken reference: the 'notification.messages' tries to reorder itself towards 'user', but their parents are different: 'header' and '' respectively. [] []
[2026-05-16T00:27:06.573749+00:00] main.INFO: Broken reference: the 'logo' tries to reorder itself towards '', but their parents are different: 'header' and '' respectively. [] []
[2026-05-16T00:27:06.573968+00:00] main.INFO: Broken reference: the 'global.search' tries to reorder itself towards 'logo', but their parents are different: 'header' and '' respectively. [] []
[2026-05-16T00:27:06.574102+00:00] main.INFO: Broken reference: the 'page.actions.toolbar' tries to reorder itself towards '', but their parents are different: 'page.main.actions' and '' respectively. [] []
[2026-05-16T00:27:06.574302+00:00] main.INFO: Broken reference: the 'header.inner.left' tries to reorder itself towards '', but their parents are different: 'header' and '' respectively. [] []
[2026-05-16T00:27:06.574462+00:00] main.INFO: Broken reference: the 'header.inner.right' tries to reorder itself towards 'header.inner.left', but their parents are different: 'header' and '' respectively. [] []
[2026-05-16T00:27:06.574630+00:00] main.INFO: Broken reference: the 'notification.messages' tries to reorder itself towards 'user', but their parents are different: 'header.inner.right' and '' respectively. [] []
[2026-05-16T00:27:13.260370+00:00] main.INFO: Broken reference: the 'tracking' element cannot be added as child to 'header', because the latter doesn't exist [] []
[2026-05-16T00:27:13.262146+00:00] main.INFO: Broken reference: the 'notification_area' element cannot be added as child to 'notifications', because the latter doesn't exist [] []
[2026-05-16T00:27:13.262458+00:00] main.INFO: Broken reference: the 'unread_system_messages' element cannot be added as child to 'notifications', because the latter doesn't exist [] []
[2026-05-16T00:27:13.262756+00:00] main.INFO: Broken reference: the 'notification_window' element cannot be added as child to 'notifications', because the latter doesn't exist [] []
[2026-05-16T00:27:13.262975+00:00] main.INFO: Broken reference: the 'notification.messages' element cannot be added as child to 'header', because the latter doesn't exist [] []
[2026-05-16T00:27:13.263139+00:00] main.INFO: Broken reference: the 'global_notices' element cannot be added as child to 'global.notices', because the latter doesn't exist [] []
[2026-05-16T00:27:13.263272+00:00] main.INFO: Broken reference: the 'logo' element cannot be added as child to 'header', because the latter doesn't exist [] []
[2026-05-16T00:27:13.263534+00:00] main.INFO: Broken reference: the 'global.search' element cannot be added as child to 'header', because the latter doesn't exist [] []
[2026-05-16T00:27:13.263836+00:00] main.INFO: Broken reference: the 'user' element cannot be added as child to 'header', because the latter doesn't exist [] []
[2026-05-16T00:27:13.264033+00:00] main.INFO: Broken reference: the 'menu' element cannot be added as child to 'page.menu', because the latter doesn't exist [] []
[2026-05-16T00:27:13.264175+00:00] main.INFO: Broken reference: the 'breadcrumbs' element cannot be added as child to 'page.breadcrumbs', because the latter doesn't exist [] []
[2026-05-16T00:27:13.264452+00:00] main.INFO: Broken reference: the 'formkey' element cannot be added as child to 'page.formkey', because the latter doesn't exist [] []
[2026-05-16T00:27:13.264767+00:00] main.INFO: Broken reference: the 'page.title' element cannot be added as child to 'main.top', because the latter doesn't exist [] []
[2026-05-16T00:27:13.264923+00:00] main.INFO: Broken reference: the 'messages' element cannot be added as child to 'page.messages', because the latter doesn't exist [] []
[2026-05-16T00:27:13.265055+00:00] main.INFO: Broken reference: the 'page.actions.toolbar' element cannot be added as child to 'page.main.actions', because the latter doesn't exist [] []
[2026-05-16T00:27:13.265222+00:00] main.INFO: Broken reference: the 'legal' element cannot be added as child to 'footer', because the latter doesn't exist [] []
[2026-05-16T00:27:13.265571+00:00] main.INFO: Broken reference: the 'header.inner.left' element cannot be added as child to 'header', because the latter doesn't exist [] []
[2026-05-16T00:27:13.265778+00:00] main.INFO: Broken reference: the 'header.inner.right' element cannot be added as child to 'header', because the latter doesn't exist [] []
[2026-05-16T00:27:13.266088+00:00] main.INFO: Broken reference: the 'user' tries to reorder itself towards '', but their parents are different: 'header' and '' respectively. [] []
[2026-05-16T00:27:13.266265+00:00] main.INFO: Broken reference: the 'notification.messages' tries to reorder itself towards 'user', but their parents are different: 'header' and '' respectively. [] []
[2026-05-16T00:27:13.266528+00:00] main.INFO: Broken reference: the 'logo' tries to reorder itself towards '', but their parents are different: 'header' and '' respectively. [] []
[2026-05-16T00:27:13.266812+00:00] main.INFO: Broken reference: the 'global.search' tries to reorder itself towards 'logo', but their parents are different: 'header' and '' respectively. [] []
[2026-05-16T00:27:13.266949+00:00] main.INFO: Broken reference: the 'page.actions.toolbar' tries to reorder itself towards '', but their parents are different: 'page.main.actions' and '' respectively. [] []
[2026-05-16T00:27:13.267128+00:00] main.INFO: Broken reference: the 'header.inner.left' tries to reorder itself towards '', but their parents are different: 'header' and '' respectively. [] []
[2026-05-16T00:27:13.267263+00:00] main.INFO: Broken reference: the 'header.inner.right' tries to reorder itself towards 'header.inner.left', but their parents are different: 'header' and '' respectively. [] []
[2026-05-16T00:27:13.267429+00:00] main.INFO: Broken reference: the 'notification.messages' tries to reorder itself towards 'user', but their parents are different: 'header.inner.right' and '' respectively. [] []
[2026-05-16T04:03:57.086344+00:00] main.INFO: Broken reference: the 'tracking' element cannot be added as child to 'header', because the latter doesn't exist [] []
[2026-05-16T04:03:57.115533+00:00] main.INFO: Broken reference: the 'notification_area' element cannot be added as child to 'notifications', because the latter doesn't exist [] []
[2026-05-16T04:03:57.116128+00:00] main.INFO: Broken reference: the 'unread_system_messages' element cannot be added as child to 'notifications', because the latter doesn't exist [] []
[2026-05-16T04:03:57.116485+00:00] main.INFO: Broken reference: the 'notification_window' element cannot be added as child to 'notifications', because the latter doesn't exist [] []
[2026-05-16T04:03:57.116815+00:00] main.INFO: Broken reference: the 'notification.messages' element cannot be added as child to 'header', because the latter doesn't exist [] []
[2026-05-16T04:03:57.117134+00:00] main.INFO: Broken reference: the 'global_notices' element cannot be added as child to 'global.notices', because the latter doesn't exist [] []
[2026-05-16T04:03:57.117469+00:00] main.INFO: Broken reference: the 'logo' element cannot be added as child to 'header', because the latter doesn't exist [] []
[2026-05-16T04:03:57.117763+00:00] main.INFO: Broken reference: the 'global.search' element cannot be added as child to 'header', because the latter doesn't exist [] []
[2026-05-16T04:03:57.118179+00:00] main.INFO: Broken reference: the 'user' element cannot be added as child to 'header', because the latter doesn't exist [] []
[2026-05-16T04:03:57.118805+00:00] main.INFO: Broken reference: the 'menu' element cannot be added as child to 'page.menu', because the latter doesn't exist [] []
[2026-05-16T04:03:57.119653+00:00] main.INFO: Broken reference: the 'breadcrumbs' element cannot be added as child to 'page.breadcrumbs', because the latter doesn't exist [] []
[2026-05-16T04:03:57.120002+00:00] main.INFO: Broken reference: the 'formkey' element cannot be added as child to 'page.formkey', because the latter doesn't exist [] []
[2026-05-16T04:03:57.120352+00:00] main.INFO: Broken reference: the 'page.title' element cannot be added as child to 'main.top', because the latter doesn't exist [] []
[2026-05-16T04:03:57.120661+00:00] main.INFO: Broken reference: the 'messages' element cannot be added as child to 'page.messages', because the latter doesn't exist [] []
[2026-05-16T04:03:57.120923+00:00] main.INFO: Broken reference: the 'page.actions.toolbar' element cannot be added as child to 'page.main.actions', because the latter doesn't exist [] []
[2026-05-16T04:03:57.121621+00:00] main.INFO: Broken reference: the 'legal' element cannot be added as child to 'footer', because the latter doesn't exist [] []
[2026-05-16T04:03:57.122136+00:00] main.INFO: Broken reference: the 'header.inner.left' element cannot be added as child to 'header', because the latter doesn't exist [] []
[2026-05-16T04:03:57.122548+00:00] main.INFO: Broken reference: the 'header.inner.right' element cannot be added as child to 'header', because the latter doesn't exist [] []
[2026-05-16T04:03:57.127086+00:00] main.INFO: Broken reference: the 'user' tries to reorder itself towards '', but their parents are different: 'header' and '' respectively. [] []
[2026-05-16T04:03:57.127716+00:00] main.INFO: Broken reference: the 'notification.messages' tries to reorder itself towards 'user', but their parents are different: 'header' and '' respectively. [] []
[2026-05-16T04:03:57.128189+00:00] main.INFO: Broken reference: the 'logo' tries to reorder itself towards '', but their parents are different: 'header' and '' respectively. [] []
[2026-05-16T04:03:57.128519+00:00] main.INFO: Broken reference: the 'global.search' tries to reorder itself towards 'logo', but their parents are different: 'header' and '' respectively. [] []
[2026-05-16T04:03:57.128797+00:00] main.INFO: Broken reference: the 'page.actions.toolbar' tries to reorder itself towards '', but their parents are different: 'page.main.actions' and '' respectively. [] []
[2026-05-16T04:03:57.130510+00:00] main.INFO: Broken reference: the 'header.inner.left' tries to reorder itself towards '', but their parents are different: 'header' and '' respectively. [] []
[2026-05-16T04:03:57.130919+00:00] main.INFO: Broken reference: the 'header.inner.right' tries to reorder itself towards 'header.inner.left', but their parents are different: 'header' and '' respectively. [] []
[2026-05-16T04:03:57.131334+00:00] main.INFO: Broken reference: the 'notification.messages' tries to reorder itself towards 'user', but their parents are different: 'header.inner.right' and '' respectively. [] []
[2026-05-16T04:04:05.530891+00:00] main.INFO: Broken reference: the 'notification.messages' tries to reorder itself towards 'user', but their parents are different: 'header.inner.right' and 'header' respectively. [] []
[2026-05-16T04:04:18.267239+00:00] main.INFO: Broken reference: the 'notification.messages' tries to reorder itself towards 'user', but their parents are different: 'header.inner.right' and 'header' respectively. [] []
[2026-05-16T04:04:39.396498+00:00] main.INFO: Broken reference: the 'notification.messages' tries to reorder itself towards 'user', but their parents are different: 'header.inner.right' and 'header' respectively. [] []
[2026-05-16T04:04:53.487002+00:00] main.INFO: Broken reference: the 'notification.messages' tries to reorder itself towards 'user', but their parents are different: 'header.inner.right' and 'header' respectively. [] []
[2026-05-16T04:05:23.095139+00:00] main.INFO: Broken reference: the 'notification.messages' tries to reorder itself towards 'user', but their parents are different: 'header.inner.right' and 'header' respectively. [] []
[2026-05-16T04:47:59.932352+00:00] main.INFO: Broken reference: the 'tracking' element cannot be added as child to 'header', because the latter doesn't exist [] []
[2026-05-16T04:47:59.939820+00:00] main.INFO: Broken reference: the 'notification_area' element cannot be added as child to 'notifications', because the latter doesn't exist [] []
[2026-05-16T04:47:59.940061+00:00] main.INFO: Broken reference: the 'unread_system_messages' element cannot be added as child to 'notifications', because the latter doesn't exist [] []
[2026-05-16T04:47:59.940444+00:00] main.INFO: Broken reference: the 'notification_window' element cannot be added as child to 'notifications', because the latter doesn't exist [] []
[2026-05-16T04:47:59.940626+00:00] main.INFO: Broken reference: the 'notification.messages' element cannot be added as child to 'header', because the latter doesn't exist [] []
[2026-05-16T04:47:59.940753+00:00] main.INFO: Broken reference: the 'global_notices' element cannot be added as child to 'global.notices', because the latter doesn't exist [] []
[2026-05-16T04:47:59.940877+00:00] main.INFO: Broken reference: the 'logo' element cannot be added as child to 'header', because the latter doesn't exist [] []
[2026-05-16T04:47:59.940993+00:00] main.INFO: Broken reference: the 'global.search' element cannot be added as child to 'header', because the latter doesn't exist [] []
[2026-05-16T04:47:59.941108+00:00] main.INFO: Broken reference: the 'user' element cannot be added as child to 'header', because the latter doesn't exist [] []
[2026-05-16T04:47:59.941204+00:00] main.INFO: Broken reference: the 'menu' element cannot be added as child to 'page.menu', because the latter doesn't exist [] []
[2026-05-16T04:47:59.941323+00:00] main.INFO: Broken reference: the 'breadcrumbs' element cannot be added as child to 'page.breadcrumbs', because the latter doesn't exist [] []
[2026-05-16T04:47:59.941426+00:00] main.INFO: Broken reference: the 'formkey' element cannot be added as child to 'page.formkey', because the latter doesn't exist [] []
[2026-05-16T04:47:59.941723+00:00] main.INFO: Broken reference: the 'page.title' element cannot be added as child to 'main.top', because the latter doesn't exist [] []
[2026-05-16T04:47:59.941858+00:00] main.INFO: Broken reference: the 'messages' element cannot be added as child to 'page.messages', because the latter doesn't exist [] []
[2026-05-16T04:47:59.941952+00:00] main.INFO: Broken reference: the 'page.actions.toolbar' element cannot be added as child to 'page.main.actions', because the latter doesn't exist [] []
[2026-05-16T04:47:59.942093+00:00] main.INFO: Broken reference: the 'legal' element cannot be added as child to 'footer', because the latter doesn't exist [] []
[2026-05-16T04:47:59.942302+00:00] main.INFO: Broken reference: the 'header.inner.left' element cannot be added as child to 'header', because the latter doesn't exist [] []
[2026-05-16T04:47:59.942418+00:00] main.INFO: Broken reference: the 'header.inner.right' element cannot be added as child to 'header', because the latter doesn't exist [] []
[2026-05-16T04:47:59.943173+00:00] main.INFO: Broken reference: the 'user' tries to reorder itself towards '', but their parents are different: 'header' and '' respectively. [] []
[2026-05-16T04:47:59.943392+00:00] main.INFO: Broken reference: the 'notification.messages' tries to reorder itself towards 'user', but their parents are different: 'header' and '' respectively. [] []
[2026-05-16T04:47:59.943513+00:00] main.INFO: Broken reference: the 'logo' tries to reorder itself towards '', but their parents are different: 'header' and '' respectively. [] []
[2026-05-16T04:47:59.943724+00:00] main.INFO: Broken reference: the 'global.search' tries to reorder itself towards 'logo', but their parents are different: 'header' and '' respectively. [] []
[2026-05-16T04:47:59.943929+00:00] main.INFO: Broken reference: the 'page.actions.toolbar' tries to reorder itself towards '', but their parents are different: 'page.main.actions' and '' respectively. [] []
[2026-05-16T04:47:59.944665+00:00] main.INFO: Broken reference: the 'header.inner.left' tries to reorder itself towards '', but their parents are different: 'header' and '' respectively. [] []
[2026-05-16T04:47:59.944902+00:00] main.INFO: Broken reference: the 'header.inner.right' tries to reorder itself towards 'header.inner.left', but their parents are different: 'header' and '' respectively. [] []
[2026-05-16T04:47:59.945405+00:00] main.INFO: Broken reference: the 'notification.messages' tries to reorder itself towards 'user', but their parents are different: 'header.inner.right' and '' respectively. [] []
[2026-05-16T04:48:10.032227+00:00] main.INFO: Broken reference: the 'notification.messages' tries to reorder itself towards 'user', but their parents are different: 'header.inner.right' and 'header' respectively. [] []
[2026-05-16T04:48:19.901537+00:00] main.INFO: Broken reference: the 'notification.messages' tries to reorder itself towards 'user', but their parents are different: 'header.inner.right' and 'header' respectively. [] []
[2026-05-16T05:06:28.651739+00:00] main.INFO: Broken reference: the 'tracking' element cannot be added as child to 'header', because the latter doesn't exist [] []
[2026-05-16T05:06:28.669244+00:00] main.INFO: Broken reference: the 'notification_area' element cannot be added as child to 'notifications', because the latter doesn't exist [] []
[2026-05-16T05:06:28.669648+00:00] main.INFO: Broken reference: the 'unread_system_messages' element cannot be added as child to 'notifications', because the latter doesn't exist [] []
[2026-05-16T05:06:28.669972+00:00] main.INFO: Broken reference: the 'notification_window' element cannot be added as child to 'notifications', because the latter doesn't exist [] []
[2026-05-16T05:06:28.670181+00:00] main.INFO: Broken reference: the 'notification.messages' element cannot be added as child to 'header', because the latter doesn't exist [] []
[2026-05-16T05:06:28.670498+00:00] main.INFO: Broken reference: the 'global_notices' element cannot be added as child to 'global.notices', because the latter doesn't exist [] []
[2026-05-16T05:06:28.670711+00:00] main.INFO: Broken reference: the 'logo' element cannot be added as child to 'header', because the latter doesn't exist [] []
[2026-05-16T05:06:28.671063+00:00] main.INFO: Broken reference: the 'global.search' element cannot be added as child to 'header', because the latter doesn't exist [] []
[2026-05-16T05:06:28.671352+00:00] main.INFO: Broken reference: the 'user' element cannot be added as child to 'header', because the latter doesn't exist [] []
[2026-05-16T05:06:28.671798+00:00] main.INFO: Broken reference: the 'menu' element cannot be added as child to 'page.menu', because the latter doesn't exist [] []
[2026-05-16T05:06:28.672324+00:00] main.INFO: Broken reference: the 'breadcrumbs' element cannot be added as child to 'page.breadcrumbs', because the latter doesn't exist [] []
[2026-05-16T05:06:28.673124+00:00] main.INFO: Broken reference: the 'formkey' element cannot be added as child to 'page.formkey', because the latter doesn't exist [] []
[2026-05-16T05:06:28.674558+00:00] main.INFO: Broken reference: the 'page.title' element cannot be added as child to 'main.top', because the latter doesn't exist [] []
[2026-05-16T05:06:28.675825+00:00] main.INFO: Broken reference: the 'messages' element cannot be added as child to 'page.messages', because the latter doesn't exist [] []
[2026-05-16T05:06:28.676678+00:00] main.INFO: Broken reference: the 'page.actions.toolbar' element cannot be added as child to 'page.main.actions', because the latter doesn't exist [] []
[2026-05-16T05:06:28.678085+00:00] main.INFO: Broken reference: the 'legal' element cannot be added as child to 'footer', because the latter doesn't exist [] []
[2026-05-16T05:06:28.678903+00:00] main.INFO: Broken reference: the 'header.inner.left' element cannot be added as child to 'header', because the latter doesn't exist [] []
[2026-05-16T05:06:28.679325+00:00] main.INFO: Broken reference: the 'header.inner.right' element cannot be added as child to 'header', because the latter doesn't exist [] []
[2026-05-16T05:06:28.685894+00:00] main.INFO: Broken reference: the 'user' tries to reorder itself towards '', but their parents are different: 'header' and '' respectively. [] []
[2026-05-16T05:06:28.686566+00:00] main.INFO: Broken reference: the 'notification.messages' tries to reorder itself towards 'user', but their parents are different: 'header' and '' respectively. [] []
[2026-05-16T05:06:28.686806+00:00] main.INFO: Broken reference: the 'logo' tries to reorder itself towards '', but their parents are different: 'header' and '' respectively. [] []
[2026-05-16T05:06:28.687079+00:00] main.INFO: Broken reference: the 'global.search' tries to reorder itself towards 'logo', but their parents are different: 'header' and '' respectively. [] []
[2026-05-16T05:06:28.687341+00:00] main.INFO: Broken reference: the 'page.actions.toolbar' tries to reorder itself towards '', but their parents are different: 'page.main.actions' and '' respectively. [] []
[2026-05-16T05:06:28.688332+00:00] main.INFO: Broken reference: the 'header.inner.left' tries to reorder itself towards '', but their parents are different: 'header' and '' respectively. [] []
[2026-05-16T05:06:28.688693+00:00] main.INFO: Broken reference: the 'header.inner.right' tries to reorder itself towards 'header.inner.left', but their parents are different: 'header' and '' respectively. [] []
[2026-05-16T05:06:28.690063+00:00] main.INFO: Broken reference: the 'notification.messages' tries to reorder itself towards 'user', but their parents are different: 'header.inner.right' and '' respectively. [] []
[2026-05-16T05:06:48.791494+00:00] main.INFO: Broken reference: the 'notification.messages' tries to reorder itself towards 'user', but their parents are different: 'header.inner.right' and 'header' respectively. [] []
[2026-05-16T05:21:27.270280+00:00] main.CRITICAL: Consumer key has expired [] []
[2026-05-16T05:21:27.270185+00:00] main.CRITICAL: Consumer key has expired [] []
[2026-05-16T05:24:31.815042+00:00] main.INFO: Broken reference: the 'tracking' element cannot be added as child to 'header', because the latter doesn't exist [] []
[2026-05-16T05:24:31.834136+00:00] main.INFO: Broken reference: the 'notification_area' element cannot be added as child to 'notifications', because the latter doesn't exist [] []
[2026-05-16T05:24:31.834826+00:00] main.INFO: Broken reference: the 'unread_system_messages' element cannot be added as child to 'notifications', because the latter doesn't exist [] []
[2026-05-16T05:24:31.835261+00:00] main.INFO: Broken reference: the 'notification_window' element cannot be added as child to 'notifications', because the latter doesn't exist [] []
[2026-05-16T05:24:31.836028+00:00] main.INFO: Broken reference: the 'notification.messages' element cannot be added as child to 'header', because the latter doesn't exist [] []
[2026-05-16T05:24:31.840283+00:00] main.INFO: Broken reference: the 'global_notices' element cannot be added as child to 'global.notices', because the latter doesn't exist [] []
[2026-05-16T05:24:31.842676+00:00] main.INFO: Broken reference: the 'logo' element cannot be added as child to 'header', because the latter doesn't exist [] []
[2026-05-16T05:24:31.842937+00:00] main.INFO: Broken reference: the 'global.search' element cannot be added as child to 'header', because the latter doesn't exist [] []
[2026-05-16T05:24:31.843092+00:00] main.INFO: Broken reference: the 'user' element cannot be added as child to 'header', because the latter doesn't exist [] []
[2026-05-16T05:24:31.843236+00:00] main.INFO: Broken reference: the 'menu' element cannot be added as child to 'page.menu', because the latter doesn't exist [] []
[2026-05-16T05:24:31.844837+00:00] main.INFO: Broken reference: the 'breadcrumbs' element cannot be added as child to 'page.breadcrumbs', because the latter doesn't exist [] []
[2026-05-16T05:24:31.844952+00:00] main.INFO: Broken reference: the 'formkey' element cannot be added as child to 'page.formkey', because the latter doesn't exist [] []
[2026-05-16T05:24:31.845051+00:00] main.INFO: Broken reference: the 'page.title' element cannot be added as child to 'main.top', because the latter doesn't exist [] []
[2026-05-16T05:24:31.845145+00:00] main.INFO: Broken reference: the 'messages' element cannot be added as child to 'page.messages', because the latter doesn't exist [] []
[2026-05-16T05:24:31.845238+00:00] main.INFO: Broken reference: the 'page.actions.toolbar' element cannot be added as child to 'page.main.actions', because the latter doesn't exist [] []
[2026-05-16T05:24:31.845345+00:00] main.INFO: Broken reference: the 'legal' element cannot be added as child to 'footer', because the latter doesn't exist [] []
[2026-05-16T05:24:31.845518+00:00] main.INFO: Broken reference: the 'header.inner.left' element cannot be added as child to 'header', because the latter doesn't exist [] []
[2026-05-16T05:24:31.845618+00:00] main.INFO: Broken reference: the 'header.inner.right' element cannot be added as child to 'header', because the latter doesn't exist [] []
[2026-05-16T05:24:31.856204+00:00] main.INFO: Broken reference: the 'user' tries to reorder itself towards '', but their parents are different: 'header' and '' respectively. [] []
[2026-05-16T05:24:31.856646+00:00] main.INFO: Broken reference: the 'notification.messages' tries to reorder itself towards 'user', but their parents are different: 'header' and '' respectively. [] []
[2026-05-16T05:24:31.856874+00:00] main.INFO: Broken reference: the 'logo' tries to reorder itself towards '', but their parents are different: 'header' and '' respectively. [] []
[2026-05-16T05:24:31.857056+00:00] main.INFO: Broken reference: the 'global.search' tries to reorder itself towards 'logo', but their parents are different: 'header' and '' respectively. [] []
[2026-05-16T05:24:31.857223+00:00] main.INFO: Broken reference: the 'page.actions.toolbar' tries to reorder itself towards '', but their parents are different: 'page.main.actions' and '' respectively. [] []
[2026-05-16T05:24:31.858687+00:00] main.INFO: Broken reference: the 'header.inner.left' tries to reorder itself towards '', but their parents are different: 'header' and '' respectively. [] []
[2026-05-16T05:24:31.860437+00:00] main.INFO: Broken reference: the 'header.inner.right' tries to reorder itself towards 'header.inner.left', but their parents are different: 'header' and '' respectively. [] []
[2026-05-16T05:24:31.863205+00:00] main.INFO: Broken reference: the 'notification.messages' tries to reorder itself towards 'user', but their parents are different: 'header.inner.right' and '' respectively. [] []
[2026-05-16T05:24:36.616277+00:00] main.INFO: Broken reference: the 'notification.messages' tries to reorder itself towards 'user', but their parents are different: 'header.inner.right' and 'header' respectively. [] []
[2026-05-16T05:24:44.593637+00:00] main.INFO: Broken reference: the 'notification.messages' tries to reorder itself towards 'user', but their parents are different: 'header.inner.right' and 'header' respectively. [] []
[2026-05-16T05:24:53.069721+00:00] main.INFO: Broken reference: the 'notification.messages' tries to reorder itself towards 'user', but their parents are different: 'header.inner.right' and 'header' respectively. [] []
[2026-05-16T05:24:58.198539+00:00] main.INFO: Broken reference: the 'notification.messages' tries to reorder itself towards 'user', but their parents are different: 'header.inner.right' and 'header' respectively. [] []
[2026-05-16T05:25:20.216116+00:00] main.INFO: Broken reference: the 'notification.messages' tries to reorder itself towards 'user', but their parents are different: 'header.inner.right' and 'header' respectively. [] []
[2026-05-16T06:38:26.238504+00:00] main.ERROR: The path is not allowed: media/system/js/core.js [] []
[2026-05-16T06:46:49.852622+00:00] main.CRITICAL: Consumer key has expired [] []
[2026-05-16T06:46:49.866924+00:00] main.CRITICAL: Consumer key has expired [] []
[2026-05-16T06:46:49.882001+00:00] main.CRITICAL: Consumer key has expired [] []
[2026-05-16T06:46:49.893313+00:00] main.CRITICAL: Consumer key has expired [] []
[2026-05-16T06:46:50.581925+00:00] main.INFO: Broken reference: the 'tracking' element cannot be added as child to 'header', because the latter doesn't exist [] []
[2026-05-16T06:46:50.590442+00:00] main.INFO: Broken reference: the 'notification_area' element cannot be added as child to 'notifications', because the latter doesn't exist [] []
[2026-05-16T06:46:50.590724+00:00] main.INFO: Broken reference: the 'unread_system_messages' element cannot be added as child to 'notifications', because the latter doesn't exist [] []
[2026-05-16T06:46:50.590922+00:00] main.INFO: Broken reference: the 'notification_window' element cannot be added as child to 'notifications', because the latter doesn't exist [] []
[2026-05-16T06:46:50.591250+00:00] main.INFO: Broken reference: the 'notification.messages' element cannot be added as child to 'header', because the latter doesn't exist [] []
[2026-05-16T06:46:50.591526+00:00] main.INFO: Broken reference: the 'global_notices' element cannot be added as child to 'global.notices', because the latter doesn't exist [] []
[2026-05-16T06:46:50.591847+00:00] main.INFO: Broken reference: the 'logo' element cannot be added as child to 'header', because the latter doesn't exist [] []
[2026-05-16T06:46:50.592130+00:00] main.INFO: Broken reference: the 'global.search' element cannot be added as child to 'header', because the latter doesn't exist [] []
[2026-05-16T06:46:50.592376+00:00] main.INFO: Broken reference: the 'user' element cannot be added as child to 'header', because the latter doesn't exist [] []
[2026-05-16T06:46:50.592635+00:00] main.INFO: Broken reference: the 'menu' element cannot be added as child to 'page.menu', because the latter doesn't exist [] []
[2026-05-16T06:46:50.592902+00:00] main.INFO: Broken reference: the 'breadcrumbs' element cannot be added as child to 'page.breadcrumbs', because the latter doesn't exist [] []
[2026-05-16T06:46:50.593181+00:00] main.INFO: Broken reference: the 'formkey' element cannot be added as child to 'page.formkey', because the latter doesn't exist [] []
[2026-05-16T06:46:50.593430+00:00] main.INFO: Broken reference: the 'page.title' element cannot be added as child to 'main.top', because the latter doesn't exist [] []
[2026-05-16T06:46:50.593686+00:00] main.INFO: Broken reference: the 'messages' element cannot be added as child to 'page.messages', because the latter doesn't exist [] []
[2026-05-16T06:46:50.593921+00:00] main.INFO: Broken reference: the 'page.actions.toolbar' element cannot be added as child to 'page.main.actions', because the latter doesn't exist [] []
[2026-05-16T06:46:50.594168+00:00] main.INFO: Broken reference: the 'legal' element cannot be added as child to 'footer', because the latter doesn't exist [] []
[2026-05-16T06:46:50.594636+00:00] main.INFO: Broken reference: the 'header.inner.left' element cannot be added as child to 'header', because the latter doesn't exist [] []
[2026-05-16T06:46:50.594976+00:00] main.INFO: Broken reference: the 'header.inner.right' element cannot be added as child to 'header', because the latter doesn't exist [] []
[2026-05-16T06:46:50.595443+00:00] main.INFO: Broken reference: the 'user' tries to reorder itself towards '', but their parents are different: 'header' and '' respectively. [] []
[2026-05-16T06:46:50.623945+00:00] main.INFO: Broken reference: the 'notification.messages' tries to reorder itself towards 'user', but their parents are different: 'header' and '' respectively. [] []
[2026-05-16T06:46:50.624413+00:00] main.INFO: Broken reference: the 'logo' tries to reorder itself towards '', but their parents are different: 'header' and '' respectively. [] []
[2026-05-16T06:46:50.635185+00:00] main.INFO: Broken reference: the 'global.search' tries to reorder itself towards 'logo', but their parents are different: 'header' and '' respectively. [] []
[2026-05-16T06:46:50.635752+00:00] main.INFO: Broken reference: the 'page.actions.toolbar' tries to reorder itself towards '', but their parents are different: 'page.main.actions' and '' respectively. [] []
[2026-05-16T06:46:50.636328+00:00] main.INFO: Broken reference: the 'header.inner.left' tries to reorder itself towards '', but their parents are different: 'header' and '' respectively. [] []
[2026-05-16T06:46:50.636765+00:00] main.INFO: Broken reference: the 'header.inner.right' tries to reorder itself towards 'header.inner.left', but their parents are different: 'header' and '' respectively. [] []
[2026-05-16T06:46:50.637265+00:00] main.INFO: Broken reference: the 'notification.messages' tries to reorder itself towards 'user', but their parents are different: 'header.inner.right' and '' respectively. [] []
[2026-05-16T06:55:57.549003+00:00] main.INFO: Broken reference: the 'notification.messages' tries to reorder itself towards 'user', but their parents are different: 'header.inner.right' and 'header' respectively. [] []
[2026-05-16T07:56:49.833831+00:00] main.INFO: Broken reference: the 'tracking' element cannot be added as child to 'header', because the latter doesn't exist [] []
[2026-05-16T07:56:49.835287+00:00] main.INFO: Broken reference: the 'notification_area' element cannot be added as child to 'notifications', because the latter doesn't exist [] []
[2026-05-16T07:56:49.835936+00:00] main.INFO: Broken reference: the 'unread_system_messages' element cannot be added as child to 'notifications', because the latter doesn't exist [] []
[2026-05-16T07:56:49.836427+00:00] main.INFO: Broken reference: the 'notification_window' element cannot be added as child to 'notifications', because the latter doesn't exist [] []
[2026-05-16T07:56:49.836928+00:00] main.INFO: Broken reference: the 'notification.messages' element cannot be added as child to 'header', because the latter doesn't exist [] []
[2026-05-16T07:56:49.837326+00:00] main.INFO: Broken reference: the 'global_notices' element cannot be added as child to 'global.notices', because the latter doesn't exist [] []
[2026-05-16T07:56:49.837654+00:00] main.INFO: Broken reference: the 'logo' element cannot be added as child to 'header', because the latter doesn't exist [] []
[2026-05-16T07:56:49.838033+00:00] main.INFO: Broken reference: the 'global.search' element cannot be added as child to 'header', because the latter doesn't exist [] []
[2026-05-16T07:56:49.838449+00:00] main.INFO: Broken reference: the 'user' element cannot be added as child to 'header', because the latter doesn't exist [] []
[2026-05-16T07:56:49.839017+00:00] main.INFO: Broken reference: the 'menu' element cannot be added as child to 'page.menu', because the latter doesn't exist [] []
[2026-05-16T07:56:49.839348+00:00] main.INFO: Broken reference: the 'breadcrumbs' element cannot be added as child to 'page.breadcrumbs', because the latter doesn't exist [] []
[2026-05-16T07:56:49.839735+00:00] main.INFO: Broken reference: the 'formkey' element cannot be added as child to 'page.formkey', because the latter doesn't exist [] []
[2026-05-16T07:56:49.840193+00:00] main.INFO: Broken reference: the 'page.title' element cannot be added as child to 'main.top', because the latter doesn't exist [] []
[2026-05-16T07:56:49.840621+00:00] main.INFO: Broken reference: the 'messages' element cannot be added as child to 'page.messages', because the latter doesn't exist [] []
[2026-05-16T07:56:49.841006+00:00] main.INFO: Broken reference: the 'page.actions.toolbar' element cannot be added as child to 'page.main.actions', because the latter doesn't exist [] []
[2026-05-16T07:56:49.841392+00:00] main.INFO: Broken reference: the 'legal' element cannot be added as child to 'footer', because the latter doesn't exist [] []
[2026-05-16T07:56:49.842162+00:00] main.INFO: Broken reference: the 'header.inner.left' element cannot be added as child to 'header', because the latter doesn't exist [] []
[2026-05-16T07:56:49.842569+00:00] main.INFO: Broken reference: the 'header.inner.right' element cannot be added as child to 'header', because the latter doesn't exist [] []
[2026-05-16T07:56:49.843538+00:00] main.INFO: Broken reference: the 'user' tries to reorder itself towards '', but their parents are different: 'header' and '' respectively. [] []
[2026-05-16T07:56:49.844085+00:00] main.INFO: Broken reference: the 'notification.messages' tries to reorder itself towards 'user', but their parents are different: 'header' and '' respectively. [] []
[2026-05-16T07:56:49.844535+00:00] main.INFO: Broken reference: the 'logo' tries to reorder itself towards '', but their parents are different: 'header' and '' respectively. [] []
[2026-05-16T07:56:49.844965+00:00] main.INFO: Broken reference: the 'global.search' tries to reorder itself towards 'logo', but their parents are different: 'header' and '' respectively. [] []
[2026-05-16T07:56:49.845379+00:00] main.INFO: Broken reference: the 'page.actions.toolbar' tries to reorder itself towards '', but their parents are different: 'page.main.actions' and '' respectively. [] []
[2026-05-16T07:56:49.845889+00:00] main.INFO: Broken reference: the 'header.inner.left' tries to reorder itself towards '', but their parents are different: 'header' and '' respectively. [] []
[2026-05-16T07:56:49.846244+00:00] main.INFO: Broken reference: the 'header.inner.right' tries to reorder itself towards 'header.inner.left', but their parents are different: 'header' and '' respectively. [] []
[2026-05-16T07:56:49.846614+00:00] main.INFO: Broken reference: the 'notification.messages' tries to reorder itself towards 'user', but their parents are different: 'header.inner.right' and '' respectively. [] []
[2026-05-17T07:28:03.465187+00:00] main.INFO: Broken reference: the 'tracking' element cannot be added as child to 'header', because the latter doesn't exist [] []
[2026-05-17T07:28:03.466340+00:00] main.INFO: Broken reference: the 'notification_area' element cannot be added as child to 'notifications', because the latter doesn't exist [] []
[2026-05-17T07:28:03.466724+00:00] main.INFO: Broken reference: the 'unread_system_messages' element cannot be added as child to 'notifications', because the latter doesn't exist [] []
[2026-05-17T07:28:03.466949+00:00] main.INFO: Broken reference: the 'notification_window' element cannot be added as child to 'notifications', because the latter doesn't exist [] []
[2026-05-17T07:28:03.467313+00:00] main.INFO: Broken reference: the 'notification.messages' element cannot be added as child to 'header', because the latter doesn't exist [] []
[2026-05-17T07:28:03.468151+00:00] main.INFO: Broken reference: the 'global_notices' element cannot be added as child to 'global.notices', because the latter doesn't exist [] []
[2026-05-17T07:28:03.468672+00:00] main.INFO: Broken reference: the 'logo' element cannot be added as child to 'header', because the latter doesn't exist [] []
[2026-05-17T07:28:03.468997+00:00] main.INFO: Broken reference: the 'global.search' element cannot be added as child to 'header', because the latter doesn't exist [] []
[2026-05-17T07:28:03.469360+00:00] main.INFO: Broken reference: the 'user' element cannot be added as child to 'header', because the latter doesn't exist [] []
[2026-05-17T07:28:03.469724+00:00] main.INFO: Broken reference: the 'menu' element cannot be added as child to 'page.menu', because the latter doesn't exist [] []
[2026-05-17T07:28:03.470192+00:00] main.INFO: Broken reference: the 'breadcrumbs' element cannot be added as child to 'page.breadcrumbs', because the latter doesn't exist [] []
[2026-05-17T07:28:03.471060+00:00] main.INFO: Broken reference: the 'formkey' element cannot be added as child to 'page.formkey', because the latter doesn't exist [] []
[2026-05-17T07:28:03.483472+00:00] main.INFO: Broken reference: the 'page.title' element cannot be added as child to 'main.top', because the latter doesn't exist [] []
[2026-05-17T07:28:03.484486+00:00] main.INFO: Broken reference: the 'messages' element cannot be added as child to 'page.messages', because the latter doesn't exist [] []
[2026-05-17T07:28:03.485051+00:00] main.INFO: Broken reference: the 'page.actions.toolbar' element cannot be added as child to 'page.main.actions', because the latter doesn't exist [] []
[2026-05-17T07:28:03.485506+00:00] main.INFO: Broken reference: the 'legal' element cannot be added as child to 'footer', because the latter doesn't exist [] []
[2026-05-17T07:28:03.486183+00:00] main.INFO: Broken reference: the 'header.inner.left' element cannot be added as child to 'header', because the latter doesn't exist [] []
[2026-05-17T07:28:03.486695+00:00] main.INFO: Broken reference: the 'header.inner.right' element cannot be added as child to 'header', because the latter doesn't exist [] []
[2026-05-17T07:28:03.487531+00:00] main.INFO: Broken reference: the 'user' tries to reorder itself towards '', but their parents are different: 'header' and '' respectively. [] []
[2026-05-17T07:28:03.488672+00:00] main.INFO: Broken reference: the 'notification.messages' tries to reorder itself towards 'user', but their parents are different: 'header' and '' respectively. [] []
[2026-05-17T07:28:03.489221+00:00] main.INFO: Broken reference: the 'logo' tries to reorder itself towards '', but their parents are different: 'header' and '' respectively. [] []
[2026-05-17T07:28:03.489739+00:00] main.INFO: Broken reference: the 'global.search' tries to reorder itself towards 'logo', but their parents are different: 'header' and '' respectively. [] []
[2026-05-17T07:28:03.490339+00:00] main.INFO: Broken reference: the 'page.actions.toolbar' tries to reorder itself towards '', but their parents are different: 'page.main.actions' and '' respectively. [] []
[2026-05-17T07:28:03.490931+00:00] main.INFO: Broken reference: the 'header.inner.left' tries to reorder itself towards '', but their parents are different: 'header' and '' respectively. [] []
[2026-05-17T07:28:03.491432+00:00] main.INFO: Broken reference: the 'header.inner.right' tries to reorder itself towards 'header.inner.left', but their parents are different: 'header' and '' respectively. [] []
[2026-05-17T07:28:03.492350+00:00] main.INFO: Broken reference: the 'notification.messages' tries to reorder itself towards 'user', but their parents are different: 'header.inner.right' and '' respectively. [] []
[2026-05-17T07:28:16.163334+00:00] main.INFO: Broken reference: the 'notification.messages' tries to reorder itself towards 'user', but their parents are different: 'header.inner.right' and 'header' respectively. [] []
[2026-05-17T07:28:58.939354+00:00] main.INFO: Broken reference: the 'notification.messages' tries to reorder itself towards 'user', but their parents are different: 'header.inner.right' and 'header' respectively. [] []
[2026-05-17T07:29:07.602687+00:00] main.INFO: Broken reference: the 'notification.messages' tries to reorder itself towards 'user', but their parents are different: 'header.inner.right' and 'header' respectively. [] []
[2026-05-17T07:29:18.175297+00:00] main.INFO: Broken reference: the 'notification.messages' tries to reorder itself towards 'user', but their parents are different: 'header.inner.right' and 'header' respectively. [] []
[2026-05-17T09:18:55.239635+00:00] main.CRITICAL: Consumer key has expired [] []
[2026-05-17T09:18:55.239283+00:00] main.CRITICAL: Consumer key has expired [] []
[2026-05-17T12:49:50.223964+00:00] main.INFO: Broken reference: the 'tracking' element cannot be added as child to 'header', because the latter doesn't exist [] []
[2026-05-17T12:49:50.228971+00:00] main.INFO: Broken reference: the 'notification_area' element cannot be added as child to 'notifications', because the latter doesn't exist [] []
[2026-05-17T12:49:50.229223+00:00] main.INFO: Broken reference: the 'unread_system_messages' element cannot be added as child to 'notifications', because the latter doesn't exist [] []
[2026-05-17T12:49:50.229478+00:00] main.INFO: Broken reference: the 'notification_window' element cannot be added as child to 'notifications', because the latter doesn't exist [] []
[2026-05-17T12:49:50.229705+00:00] main.INFO: Broken reference: the 'notification.messages' element cannot be added as child to 'header', because the latter doesn't exist [] []
[2026-05-17T12:49:50.230004+00:00] main.INFO: Broken reference: the 'global_notices' element cannot be added as child to 'global.notices', because the latter doesn't exist [] []
[2026-05-17T12:49:50.230205+00:00] main.INFO: Broken reference: the 'logo' element cannot be added as child to 'header', because the latter doesn't exist [] []
[2026-05-17T12:49:50.230404+00:00] main.INFO: Broken reference: the 'global.search' element cannot be added as child to 'header', because the latter doesn't exist [] []
[2026-05-17T12:49:50.230692+00:00] main.INFO: Broken reference: the 'user' element cannot be added as child to 'header', because the latter doesn't exist [] []
[2026-05-17T12:49:50.230909+00:00] main.INFO: Broken reference: the 'menu' element cannot be added as child to 'page.menu', because the latter doesn't exist [] []
[2026-05-17T12:49:50.231113+00:00] main.INFO: Broken reference: the 'breadcrumbs' element cannot be added as child to 'page.breadcrumbs', because the latter doesn't exist [] []
[2026-05-17T12:49:50.236262+00:00] main.INFO: Broken reference: the 'formkey' element cannot be added as child to 'page.formkey', because the latter doesn't exist [] []
[2026-05-17T12:49:50.236882+00:00] main.INFO: Broken reference: the 'page.title' element cannot be added as child to 'main.top', because the latter doesn't exist [] []
[2026-05-17T12:49:50.237139+00:00] main.INFO: Broken reference: the 'messages' element cannot be added as child to 'page.messages', because the latter doesn't exist [] []
[2026-05-17T12:49:50.237380+00:00] main.INFO: Broken reference: the 'page.actions.toolbar' element cannot be added as child to 'page.main.actions', because the latter doesn't exist [] []
[2026-05-17T12:49:50.237682+00:00] main.INFO: Broken reference: the 'legal' element cannot be added as child to 'footer', because the latter doesn't exist [] []
[2026-05-17T12:49:50.238213+00:00] main.INFO: Broken reference: the 'header.inner.left' element cannot be added as child to 'header', because the latter doesn't exist [] []
[2026-05-17T12:49:50.238522+00:00] main.INFO: Broken reference: the 'header.inner.right' element cannot be added as child to 'header', because the latter doesn't exist [] []
[2026-05-17T12:49:50.239013+00:00] main.INFO: Broken reference: the 'user' tries to reorder itself towards '', but their parents are different: 'header' and '' respectively. [] []
[2026-05-17T12:49:50.239319+00:00] main.INFO: Broken reference: the 'notification.messages' tries to reorder itself towards 'user', but their parents are different: 'header' and '' respectively. [] []
[2026-05-17T12:49:50.246249+00:00] main.INFO: Broken reference: the 'logo' tries to reorder itself towards '', but their parents are different: 'header' and '' respectively. [] []
[2026-05-17T12:49:50.246742+00:00] main.INFO: Broken reference: the 'global.search' tries to reorder itself towards 'logo', but their parents are different: 'header' and '' respectively. [] []
[2026-05-17T12:49:50.247176+00:00] main.INFO: Broken reference: the 'page.actions.toolbar' tries to reorder itself towards '', but their parents are different: 'page.main.actions' and '' respectively. [] []
[2026-05-17T12:49:50.247547+00:00] main.INFO: Broken reference: the 'header.inner.left' tries to reorder itself towards '', but their parents are different: 'header' and '' respectively. [] []
[2026-05-17T12:49:50.247898+00:00] main.INFO: Broken reference: the 'header.inner.right' tries to reorder itself towards 'header.inner.left', but their parents are different: 'header' and '' respectively. [] []
[2026-05-17T12:49:50.248156+00:00] main.INFO: Broken reference: the 'notification.messages' tries to reorder itself towards 'user', but their parents are different: 'header.inner.right' and '' respectively. [] []
[2026-05-17T12:54:59.350542+00:00] main.INFO: Broken reference: the 'notification.messages' tries to reorder itself towards 'user', but their parents are different: 'header.inner.right' and 'header' respectively. [] []
[2026-05-17T14:27:22.095732+00:00] main.CRITICAL: Consumer key has expired [] []
[2026-05-17T14:27:22.100021+00:00] main.CRITICAL: Consumer key has expired [] []
[2026-05-17T15:44:10.824908+00:00] main.CRITICAL: Consumer key has expired [] []
[2026-05-17T15:44:10.825161+00:00] main.CRITICAL: Consumer key has expired [] []
[2026-05-17T16:01:30.215162+00:00] main.INFO: Broken reference: the 'tracking' element cannot be added as child to 'header', because the latter doesn't exist [] []
[2026-05-17T16:01:30.223374+00:00] main.INFO: Broken reference: the 'notification_area' element cannot be added as child to 'notifications', because the latter doesn't exist [] []
[2026-05-17T16:01:30.224027+00:00] main.INFO: Broken reference: the 'unread_system_messages' element cannot be added as child to 'notifications', because the latter doesn't exist [] []
[2026-05-17T16:01:30.224522+00:00] main.INFO: Broken reference: the 'notification_window' element cannot be added as child to 'notifications', because the latter doesn't exist [] []
[2026-05-17T16:01:30.224980+00:00] main.INFO: Broken reference: the 'notification.messages' element cannot be added as child to 'header', because the latter doesn't exist [] []
[2026-05-17T16:01:30.225526+00:00] main.INFO: Broken reference: the 'global_notices' element cannot be added as child to 'global.notices', because the latter doesn't exist [] []
[2026-05-17T16:01:30.225933+00:00] main.INFO: Broken reference: the 'logo' element cannot be added as child to 'header', because the latter doesn't exist [] []
[2026-05-17T16:01:30.226370+00:00] main.INFO: Broken reference: the 'global.search' element cannot be added as child to 'header', because the latter doesn't exist [] []
[2026-05-17T16:01:30.226777+00:00] main.INFO: Broken reference: the 'user' element cannot be added as child to 'header', because the latter doesn't exist [] []
[2026-05-17T16:01:30.241324+00:00] main.INFO: Broken reference: the 'menu' element cannot be added as child to 'page.menu', because the latter doesn't exist [] []
[2026-05-17T16:01:30.241652+00:00] main.INFO: Broken reference: the 'breadcrumbs' element cannot be added as child to 'page.breadcrumbs', because the latter doesn't exist [] []
[2026-05-17T16:01:30.242001+00:00] main.INFO: Broken reference: the 'formkey' element cannot be added as child to 'page.formkey', because the latter doesn't exist [] []
[2026-05-17T16:01:30.242156+00:00] main.INFO: Broken reference: the 'page.title' element cannot be added as child to 'main.top', because the latter doesn't exist [] []
[2026-05-17T16:01:30.242538+00:00] main.INFO: Broken reference: the 'messages' element cannot be added as child to 'page.messages', because the latter doesn't exist [] []
[2026-05-17T16:01:30.243043+00:00] main.INFO: Broken reference: the 'page.actions.toolbar' element cannot be added as child to 'page.main.actions', because the latter doesn't exist [] []
[2026-05-17T16:01:30.244008+00:00] main.INFO: Broken reference: the 'legal' element cannot be added as child to 'footer', because the latter doesn't exist [] []
[2026-05-17T16:01:30.247734+00:00] main.INFO: Broken reference: the 'header.inner.left' element cannot be added as child to 'header', because the latter doesn't exist [] []
[2026-05-17T16:01:30.248145+00:00] main.INFO: Broken reference: the 'header.inner.right' element cannot be added as child to 'header', because the latter doesn't exist [] []
[2026-05-17T16:01:30.250464+00:00] main.INFO: Broken reference: the 'user' tries to reorder itself towards '', but their parents are different: 'header' and '' respectively. [] []
[2026-05-17T16:01:30.250846+00:00] main.INFO: Broken reference: the 'notification.messages' tries to reorder itself towards 'user', but their parents are different: 'header' and '' respectively. [] []
[2026-05-17T16:01:30.251041+00:00] main.INFO: Broken reference: the 'logo' tries to reorder itself towards '', but their parents are different: 'header' and '' respectively. [] []
[2026-05-17T16:01:30.251222+00:00] main.INFO: Broken reference: the 'global.search' tries to reorder itself towards 'logo', but their parents are different: 'header' and '' respectively. [] []
[2026-05-17T16:01:30.251751+00:00] main.INFO: Broken reference: the 'page.actions.toolbar' tries to reorder itself towards '', but their parents are different: 'page.main.actions' and '' respectively. [] []
[2026-05-17T16:01:30.253472+00:00] main.INFO: Broken reference: the 'header.inner.left' tries to reorder itself towards '', but their parents are different: 'header' and '' respectively. [] []
[2026-05-17T16:01:30.253771+00:00] main.INFO: Broken reference: the 'header.inner.right' tries to reorder itself towards 'header.inner.left', but their parents are different: 'header' and '' respectively. [] []
[2026-05-17T16:01:30.254846+00:00] main.INFO: Broken reference: the 'notification.messages' tries to reorder itself towards 'user', but their parents are different: 'header.inner.right' and '' respectively. [] []
[2026-05-17T16:31:01.855774+00:00] main.INFO: Broken reference: the 'tracking' element cannot be added as child to 'header', because the latter doesn't exist [] []
[2026-05-17T16:31:01.859749+00:00] main.INFO: Broken reference: the 'notification_area' element cannot be added as child to 'notifications', because the latter doesn't exist [] []
[2026-05-17T16:31:01.860513+00:00] main.INFO: Broken reference: the 'unread_system_messages' element cannot be added as child to 'notifications', because the latter doesn't exist [] []
[2026-05-17T16:31:01.860994+00:00] main.INFO: Broken reference: the 'notification_window' element cannot be added as child to 'notifications', because the latter doesn't exist [] []
[2026-05-17T16:31:01.861560+00:00] main.INFO: Broken reference: the 'notification.messages' element cannot be added as child to 'header', because the latter doesn't exist [] []
[2026-05-17T16:31:01.862066+00:00] main.INFO: Broken reference: the 'global_notices' element cannot be added as child to 'global.notices', because the latter doesn't exist [] []
[2026-05-17T16:31:01.864285+00:00] main.INFO: Broken reference: the 'logo' element cannot be added as child to 'header', because the latter doesn't exist [] []
[2026-05-17T16:31:01.864985+00:00] main.INFO: Broken reference: the 'global.search' element cannot be added as child to 'header', because the latter doesn't exist [] []
[2026-05-17T16:31:01.866657+00:00] main.INFO: Broken reference: the 'user' element cannot be added as child to 'header', because the latter doesn't exist [] []
[2026-05-17T16:31:01.867295+00:00] main.INFO: Broken reference: the 'menu' element cannot be added as child to 'page.menu', because the latter doesn't exist [] []
[2026-05-17T16:31:01.867856+00:00] main.INFO: Broken reference: the 'breadcrumbs' element cannot be added as child to 'page.breadcrumbs', because the latter doesn't exist [] []
[2026-05-17T16:31:01.868349+00:00] main.INFO: Broken reference: the 'formkey' element cannot be added as child to 'page.formkey', because the latter doesn't exist [] []
[2026-05-17T16:31:01.868810+00:00] main.INFO: Broken reference: the 'page.title' element cannot be added as child to 'main.top', because the latter doesn't exist [] []
[2026-05-17T16:31:01.869237+00:00] main.INFO: Broken reference: the 'messages' element cannot be added as child to 'page.messages', because the latter doesn't exist [] []
[2026-05-17T16:31:01.869707+00:00] main.INFO: Broken reference: the 'page.actions.toolbar' element cannot be added as child to 'page.main.actions', because the latter doesn't exist [] []
[2026-05-17T16:31:01.870171+00:00] main.INFO: Broken reference: the 'legal' element cannot be added as child to 'footer', because the latter doesn't exist [] []
[2026-05-17T16:31:01.871376+00:00] main.INFO: Broken reference: the 'header.inner.left' element cannot be added as child to 'header', because the latter doesn't exist [] []
[2026-05-17T16:31:01.871969+00:00] main.INFO: Broken reference: the 'header.inner.right' element cannot be added as child to 'header', because the latter doesn't exist [] []
[2026-05-17T16:31:01.873210+00:00] main.INFO: Broken reference: the 'user' tries to reorder itself towards '', but their parents are different: 'header' and '' respectively. [] []
[2026-05-17T16:31:01.873777+00:00] main.INFO: Broken reference: the 'notification.messages' tries to reorder itself towards 'user', but their parents are different: 'header' and '' respectively. [] []
[2026-05-17T16:31:01.874282+00:00] main.INFO: Broken reference: the 'logo' tries to reorder itself towards '', but their parents are different: 'header' and '' respectively. [] []
[2026-05-17T16:31:01.874751+00:00] main.INFO: Broken reference: the 'global.search' tries to reorder itself towards 'logo', but their parents are different: 'header' and '' respectively. [] []
[2026-05-17T16:31:01.875221+00:00] main.INFO: Broken reference: the 'page.actions.toolbar' tries to reorder itself towards '', but their parents are different: 'page.main.actions' and '' respectively. [] []
[2026-05-17T16:31:01.875888+00:00] main.INFO: Broken reference: the 'header.inner.left' tries to reorder itself towards '', but their parents are different: 'header' and '' respectively. [] []
[2026-05-17T16:31:01.877074+00:00] main.INFO: Broken reference: the 'header.inner.right' tries to reorder itself towards 'header.inner.left', but their parents are different: 'header' and '' respectively. [] []
[2026-05-17T16:31:01.877647+00:00] main.INFO: Broken reference: the 'notification.messages' tries to reorder itself towards 'user', but their parents are different: 'header.inner.right' and '' respectively. [] []
[2026-05-17T16:36:04.835247+00:00] main.ERROR: The path is not allowed: media/wp-includes/wlwmanifest.xml [] []
[2026-05-17T16:38:58.912905+00:00] main.INFO: Broken reference: the 'notification.messages' tries to reorder itself towards 'user', but their parents are different: 'header.inner.right' and 'header' respectively. [] []
[2026-05-17T16:39:08.516507+00:00] main.INFO: Broken reference: the 'notification.messages' tries to reorder itself towards 'user', but their parents are different: 'header.inner.right' and 'header' respectively. [] []
[2026-05-17T16:44:52.462648+00:00] main.INFO: Broken reference: the 'notification.messages' tries to reorder itself towards 'user', but their parents are different: 'header.inner.right' and 'header' respectively. [] []
[2026-05-17T16:45:05.997728+00:00] main.INFO: Broken reference: the 'notification.messages' tries to reorder itself towards 'user', but their parents are different: 'header.inner.right' and 'header' respectively. [] []
[2026-05-17T16:52:13.321077+00:00] main.INFO: Broken reference: the 'notification.messages' tries to reorder itself towards 'user', but their parents are different: 'header.inner.right' and 'header' respectively. [] []
[2026-05-17T16:55:40.793157+00:00] main.INFO: Broken reference: the 'notification.messages' tries to reorder itself towards 'user', but their parents are different: 'header.inner.right' and 'header' respectively. [] []
[2026-05-17T16:57:37.552512+00:00] main.INFO: Broken reference: the 'notification.messages' tries to reorder itself towards 'user', but their parents are different: 'header.inner.right' and 'header' respectively. [] []
[2026-05-17T17:32:19.551468+00:00] main.CRITICAL: Consumer key has expired [] []
[2026-05-17T17:32:19.551338+00:00] main.CRITICAL: Consumer key has expired [] []
[2026-05-17T18:17:25.849805+00:00] main.INFO: Broken reference: the 'tracking' element cannot be added as child to 'header', because the latter doesn't exist [] []
[2026-05-17T18:17:25.892780+00:00] main.INFO: Broken reference: the 'notification_area' element cannot be added as child to 'notifications', because the latter doesn't exist [] []
[2026-05-17T18:17:25.893153+00:00] main.INFO: Broken reference: the 'unread_system_messages' element cannot be added as child to 'notifications', because the latter doesn't exist [] []
[2026-05-17T18:17:25.893358+00:00] main.INFO: Broken reference: the 'notification_window' element cannot be added as child to 'notifications', because the latter doesn't exist [] []
[2026-05-17T18:17:25.893578+00:00] main.INFO: Broken reference: the 'notification.messages' element cannot be added as child to 'header', because the latter doesn't exist [] []
[2026-05-17T18:17:25.893875+00:00] main.INFO: Broken reference: the 'global_notices' element cannot be added as child to 'global.notices', because the latter doesn't exist [] []
[2026-05-17T18:17:25.894124+00:00] main.INFO: Broken reference: the 'logo' element cannot be added as child to 'header', because the latter doesn't exist [] []
[2026-05-17T18:17:25.894311+00:00] main.INFO: Broken reference: the 'global.search' element cannot be added as child to 'header', because the latter doesn't exist [] []
[2026-05-17T18:17:25.894553+00:00] main.INFO: Broken reference: the 'user' element cannot be added as child to 'header', because the latter doesn't exist [] []
[2026-05-17T18:17:25.894777+00:00] main.INFO: Broken reference: the 'menu' element cannot be added as child to 'page.menu', because the latter doesn't exist [] []
[2026-05-17T18:17:25.894952+00:00] main.INFO: Broken reference: the 'breadcrumbs' element cannot be added as child to 'page.breadcrumbs', because the latter doesn't exist [] []
[2026-05-17T18:17:25.895187+00:00] main.INFO: Broken reference: the 'formkey' element cannot be added as child to 'page.formkey', because the latter doesn't exist [] []
[2026-05-17T18:17:25.895408+00:00] main.INFO: Broken reference: the 'page.title' element cannot be added as child to 'main.top', because the latter doesn't exist [] []
[2026-05-17T18:17:25.896004+00:00] main.INFO: Broken reference: the 'messages' element cannot be added as child to 'page.messages', because the latter doesn't exist [] []
[2026-05-17T18:17:25.896285+00:00] main.INFO: Broken reference: the 'page.actions.toolbar' element cannot be added as child to 'page.main.actions', because the latter doesn't exist [] []
[2026-05-17T18:17:25.896470+00:00] main.INFO: Broken reference: the 'legal' element cannot be added as child to 'footer', because the latter doesn't exist [] []
[2026-05-17T18:17:25.896941+00:00] main.INFO: Broken reference: the 'header.inner.left' element cannot be added as child to 'header', because the latter doesn't exist [] []
[2026-05-17T18:17:25.898841+00:00] main.INFO: Broken reference: the 'header.inner.right' element cannot be added as child to 'header', because the latter doesn't exist [] []
[2026-05-17T18:17:25.904969+00:00] main.INFO: Broken reference: the 'user' tries to reorder itself towards '', but their parents are different: 'header' and '' respectively. [] []
[2026-05-17T18:17:25.905432+00:00] main.INFO: Broken reference: the 'notification.messages' tries to reorder itself towards 'user', but their parents are different: 'header' and '' respectively. [] []
[2026-05-17T18:17:25.905731+00:00] main.INFO: Broken reference: the 'logo' tries to reorder itself towards '', but their parents are different: 'header' and '' respectively. [] []
[2026-05-17T18:17:25.906094+00:00] main.INFO: Broken reference: the 'global.search' tries to reorder itself towards 'logo', but their parents are different: 'header' and '' respectively. [] []
[2026-05-17T18:17:25.906355+00:00] main.INFO: Broken reference: the 'page.actions.toolbar' tries to reorder itself towards '', but their parents are different: 'page.main.actions' and '' respectively. [] []
[2026-05-17T18:17:25.913230+00:00] main.INFO: Broken reference: the 'header.inner.left' tries to reorder itself towards '', but their parents are different: 'header' and '' respectively. [] []
[2026-05-17T18:17:25.913781+00:00] main.INFO: Broken reference: the 'header.inner.right' tries to reorder itself towards 'header.inner.left', but their parents are different: 'header' and '' respectively. [] []
[2026-05-17T18:17:25.919947+00:00] main.INFO: Broken reference: the 'notification.messages' tries to reorder itself towards 'user', but their parents are different: 'header.inner.right' and '' respectively. [] []
[2026-05-17T18:17:39.972887+00:00] main.INFO: Broken reference: the 'notification.messages' tries to reorder itself towards 'user', but their parents are different: 'header.inner.right' and 'header' respectively. [] []
[2026-05-17T18:18:09.557166+00:00] main.INFO: Broken reference: the 'notification.messages' tries to reorder itself towards 'user', but their parents are different: 'header.inner.right' and 'header' respectively. [] []
[2026-05-17T18:18:21.087970+00:00] main.INFO: Broken reference: the 'notification.messages' tries to reorder itself towards 'user', but their parents are different: 'header.inner.right' and 'header' respectively. [] []
[2026-05-17T21:33:31.740567+00:00] main.ERROR: The path is not allowed: media/system/js/core.js [] []
[2026-05-18T03:29:37.485297+00:00] main.ERROR: The path is not allowed: media/system/js/core.js [] []
[2026-05-18T08:57:57.452203+00:00] main.CRITICAL: Consumer key has expired [] []
[2026-05-18T08:57:57.452836+00:00] main.CRITICAL: Consumer key has expired [] []
[2026-05-18T09:01:35.805208+00:00] main.INFO: Broken reference: the 'tracking' element cannot be added as child to 'header', because the latter doesn't exist [] []
[2026-05-18T09:01:35.816954+00:00] main.INFO: Broken reference: the 'notification_area' element cannot be added as child to 'notifications', because the latter doesn't exist [] []
[2026-05-18T09:01:35.817489+00:00] main.INFO: Broken reference: the 'unread_system_messages' element cannot be added as child to 'notifications', because the latter doesn't exist [] []
[2026-05-18T09:01:35.817814+00:00] main.INFO: Broken reference: the 'notification_window' element cannot be added as child to 'notifications', because the latter doesn't exist [] []
[2026-05-18T09:01:35.818061+00:00] main.INFO: Broken reference: the 'notification.messages' element cannot be added as child to 'header', because the latter doesn't exist [] []
[2026-05-18T09:01:35.818269+00:00] main.INFO: Broken reference: the 'global_notices' element cannot be added as child to 'global.notices', because the latter doesn't exist [] []
[2026-05-18T09:01:35.818477+00:00] main.INFO: Broken reference: the 'logo' element cannot be added as child to 'header', because the latter doesn't exist [] []
[2026-05-18T09:01:35.818669+00:00] main.INFO: Broken reference: the 'global.search' element cannot be added as child to 'header', because the latter doesn't exist [] []
[2026-05-18T09:01:35.818874+00:00] main.INFO: Broken reference: the 'user' element cannot be added as child to 'header', because the latter doesn't exist [] []
[2026-05-18T09:01:35.819084+00:00] main.INFO: Broken reference: the 'menu' element cannot be added as child to 'page.menu', because the latter doesn't exist [] []
[2026-05-18T09:01:35.819304+00:00] main.INFO: Broken reference: the 'breadcrumbs' element cannot be added as child to 'page.breadcrumbs', because the latter doesn't exist [] []
[2026-05-18T09:01:35.819505+00:00] main.INFO: Broken reference: the 'formkey' element cannot be added as child to 'page.formkey', because the latter doesn't exist [] []
[2026-05-18T09:01:35.834605+00:00] main.INFO: Broken reference: the 'page.title' element cannot be added as child to 'main.top', because the latter doesn't exist [] []
[2026-05-18T09:01:35.835099+00:00] main.INFO: Broken reference: the 'messages' element cannot be added as child to 'page.messages', because the latter doesn't exist [] []
[2026-05-18T09:01:35.835296+00:00] main.INFO: Broken reference: the 'page.actions.toolbar' element cannot be added as child to 'page.main.actions', because the latter doesn't exist [] []
[2026-05-18T09:01:35.835487+00:00] main.INFO: Broken reference: the 'legal' element cannot be added as child to 'footer', because the latter doesn't exist [] []
[2026-05-18T09:01:35.837015+00:00] main.INFO: Broken reference: the 'header.inner.left' element cannot be added as child to 'header', because the latter doesn't exist [] []
[2026-05-18T09:01:35.837918+00:00] main.INFO: Broken reference: the 'header.inner.right' element cannot be added as child to 'header', because the latter doesn't exist [] []
[2026-05-18T09:01:35.839304+00:00] main.INFO: Broken reference: the 'user' tries to reorder itself towards '', but their parents are different: 'header' and '' respectively. [] []
[2026-05-18T09:01:35.839631+00:00] main.INFO: Broken reference: the 'notification.messages' tries to reorder itself towards 'user', but their parents are different: 'header' and '' respectively. [] []
[2026-05-18T09:01:35.839850+00:00] main.INFO: Broken reference: the 'logo' tries to reorder itself towards '', but their parents are different: 'header' and '' respectively. [] []
[2026-05-18T09:01:35.840027+00:00] main.INFO: Broken reference: the 'global.search' tries to reorder itself towards 'logo', but their parents are different: 'header' and '' respectively. [] []
[2026-05-18T09:01:35.845703+00:00] main.INFO: Broken reference: the 'page.actions.toolbar' tries to reorder itself towards '', but their parents are different: 'page.main.actions' and '' respectively. [] []
[2026-05-18T09:01:35.848022+00:00] main.INFO: Broken reference: the 'header.inner.left' tries to reorder itself towards '', but their parents are different: 'header' and '' respectively. [] []
[2026-05-18T09:01:35.853183+00:00] main.INFO: Broken reference: the 'header.inner.right' tries to reorder itself towards 'header.inner.left', but their parents are different: 'header' and '' respectively. [] []
[2026-05-18T09:01:35.853491+00:00] main.INFO: Broken reference: the 'notification.messages' tries to reorder itself towards 'user', but their parents are different: 'header.inner.right' and '' respectively. [] []
[2026-05-18T09:01:48.775255+00:00] main.INFO: Broken reference: the 'notification.messages' tries to reorder itself towards 'user', but their parents are different: 'header.inner.right' and 'header' respectively. [] []
[2026-05-18T09:13:01.818711+00:00] main.INFO: Broken reference: the 'notification.messages' tries to reorder itself towards 'user', but their parents are different: 'header.inner.right' and 'header' respectively. [] []
[2026-05-18T11:40:51.395916+00:00] main.INFO: Broken reference: the 'tracking' element cannot be added as child to 'header', because the latter doesn't exist [] []
[2026-05-18T11:40:51.400361+00:00] main.INFO: Broken reference: the 'notification_area' element cannot be added as child to 'notifications', because the latter doesn't exist [] []
[2026-05-18T11:40:51.400787+00:00] main.INFO: Broken reference: the 'unread_system_messages' element cannot be added as child to 'notifications', because the latter doesn't exist [] []
[2026-05-18T11:40:51.400992+00:00] main.INFO: Broken reference: the 'notification_window' element cannot be added as child to 'notifications', because the latter doesn't exist [] []
[2026-05-18T11:40:51.401276+00:00] main.INFO: Broken reference: the 'notification.messages' element cannot be added as child to 'header', because the latter doesn't exist [] []
[2026-05-18T11:40:51.401612+00:00] main.INFO: Broken reference: the 'global_notices' element cannot be added as child to 'global.notices', because the latter doesn't exist [] []
[2026-05-18T11:40:51.401891+00:00] main.INFO: Broken reference: the 'logo' element cannot be added as child to 'header', because the latter doesn't exist [] []
[2026-05-18T11:40:51.402144+00:00] main.INFO: Broken reference: the 'global.search' element cannot be added as child to 'header', because the latter doesn't exist [] []
[2026-05-18T11:40:51.402398+00:00] main.INFO: Broken reference: the 'user' element cannot be added as child to 'header', because the latter doesn't exist [] []
[2026-05-18T11:40:51.402927+00:00] main.INFO: Broken reference: the 'menu' element cannot be added as child to 'page.menu', because the latter doesn't exist [] []
[2026-05-18T11:40:51.403161+00:00] main.INFO: Broken reference: the 'breadcrumbs' element cannot be added as child to 'page.breadcrumbs', because the latter doesn't exist [] []
[2026-05-18T11:40:51.403418+00:00] main.INFO: Broken reference: the 'formkey' element cannot be added as child to 'page.formkey', because the latter doesn't exist [] []
[2026-05-18T11:40:51.403745+00:00] main.INFO: Broken reference: the 'page.title' element cannot be added as child to 'main.top', because the latter doesn't exist [] []
[2026-05-18T11:40:51.403971+00:00] main.INFO: Broken reference: the 'messages' element cannot be added as child to 'page.messages', because the latter doesn't exist [] []
[2026-05-18T11:40:51.404203+00:00] main.INFO: Broken reference: the 'page.actions.toolbar' element cannot be added as child to 'page.main.actions', because the latter doesn't exist [] []
[2026-05-18T11:40:51.404468+00:00] main.INFO: Broken reference: the 'legal' element cannot be added as child to 'footer', because the latter doesn't exist [] []
[2026-05-18T11:40:51.405078+00:00] main.INFO: Broken reference: the 'header.inner.left' element cannot be added as child to 'header', because the latter doesn't exist [] []
[2026-05-18T11:40:51.405429+00:00] main.INFO: Broken reference: the 'header.inner.right' element cannot be added as child to 'header', because the latter doesn't exist [] []
[2026-05-18T11:40:51.405896+00:00] main.INFO: Broken reference: the 'user' tries to reorder itself towards '', but their parents are different: 'header' and '' respectively. [] []
[2026-05-18T11:40:51.406209+00:00] main.INFO: Broken reference: the 'notification.messages' tries to reorder itself towards 'user', but their parents are different: 'header' and '' respectively. [] []
[2026-05-18T11:40:51.406616+00:00] main.INFO: Broken reference: the 'logo' tries to reorder itself towards '', but their parents are different: 'header' and '' respectively. [] []
[2026-05-18T11:40:51.406886+00:00] main.INFO: Broken reference: the 'global.search' tries to reorder itself towards 'logo', but their parents are different: 'header' and '' respectively. [] []
[2026-05-18T11:40:51.407179+00:00] main.INFO: Broken reference: the 'page.actions.toolbar' tries to reorder itself towards '', but their parents are different: 'page.main.actions' and '' respectively. [] []
[2026-05-18T11:40:51.408129+00:00] main.INFO: Broken reference: the 'header.inner.left' tries to reorder itself towards '', but their parents are different: 'header' and '' respectively. [] []
[2026-05-18T11:40:51.408675+00:00] main.INFO: Broken reference: the 'header.inner.right' tries to reorder itself towards 'header.inner.left', but their parents are different: 'header' and '' respectively. [] []
[2026-05-18T11:40:51.409671+00:00] main.INFO: Broken reference: the 'notification.messages' tries to reorder itself towards 'user', but their parents are different: 'header.inner.right' and '' respectively. [] []
[2026-05-18T11:40:59.217957+00:00] main.CRITICAL: Consumer key has expired [] []
[2026-05-18T11:40:59.222222+00:00] main.CRITICAL: Consumer key has expired [] []
[2026-05-18T11:41:01.913955+00:00] main.INFO: Broken reference: the 'notification.messages' tries to reorder itself towards 'user', but their parents are different: 'header.inner.right' and 'header' respectively. [] []
[2026-05-18T11:41:26.715280+00:00] main.INFO: Broken reference: the 'notification.messages' tries to reorder itself towards 'user', but their parents are different: 'header.inner.right' and 'header' respectively. [] []
[2026-05-18T11:42:41.239471+00:00] main.INFO: Broken reference: the 'notification.messages' tries to reorder itself towards 'user', but their parents are different: 'header.inner.right' and 'header' respectively. [] []
[2026-05-18T11:47:22.121218+00:00] main.INFO: Broken reference: the 'notification.messages' tries to reorder itself towards 'user', but their parents are different: 'header.inner.right' and 'header' respectively. [] []
[2026-05-18T11:48:17.794011+00:00] main.INFO: Broken reference: the 'notification.messages' tries to reorder itself towards 'user', but their parents are different: 'header.inner.right' and 'header' respectively. [] []
[2026-05-18T11:48:42.941929+00:00] main.ERROR: Braintree\Configuration::merchantId needs to be set (or accessToken needs to be passed to Braintree\Gateway). [] []
[2026-05-18T12:04:40.731822+00:00] main.INFO: Broken reference: the 'tracking' element cannot be added as child to 'header', because the latter doesn't exist [] []
[2026-05-18T12:04:40.735925+00:00] main.INFO: Broken reference: the 'notification_area' element cannot be added as child to 'notifications', because the latter doesn't exist [] []
[2026-05-18T12:04:40.736449+00:00] main.INFO: Broken reference: the 'unread_system_messages' element cannot be added as child to 'notifications', because the latter doesn't exist [] []
[2026-05-18T12:04:40.736743+00:00] main.INFO: Broken reference: the 'notification_window' element cannot be added as child to 'notifications', because the latter doesn't exist [] []
[2026-05-18T12:04:40.737094+00:00] main.INFO: Broken reference: the 'notification.messages' element cannot be added as child to 'header', because the latter doesn't exist [] []
[2026-05-18T12:04:40.737424+00:00] main.INFO: Broken reference: the 'global_notices' element cannot be added as child to 'global.notices', because the latter doesn't exist [] []
[2026-05-18T12:04:40.737689+00:00] main.INFO: Broken reference: the 'logo' element cannot be added as child to 'header', because the latter doesn't exist [] []
[2026-05-18T12:04:40.737926+00:00] main.INFO: Broken reference: the 'global.search' element cannot be added as child to 'header', because the latter doesn't exist [] []
[2026-05-18T12:04:40.738150+00:00] main.INFO: Broken reference: the 'user' element cannot be added as child to 'header', because the latter doesn't exist [] []
[2026-05-18T12:04:40.738413+00:00] main.INFO: Broken reference: the 'menu' element cannot be added as child to 'page.menu', because the latter doesn't exist [] []
[2026-05-18T12:04:40.738645+00:00] main.INFO: Broken reference: the 'breadcrumbs' element cannot be added as child to 'page.breadcrumbs', because the latter doesn't exist [] []
[2026-05-18T12:04:40.738872+00:00] main.INFO: Broken reference: the 'formkey' element cannot be added as child to 'page.formkey', because the latter doesn't exist [] []
[2026-05-18T12:04:40.739200+00:00] main.INFO: Broken reference: the 'page.title' element cannot be added as child to 'main.top', because the latter doesn't exist [] []
[2026-05-18T12:04:40.739461+00:00] main.INFO: Broken reference: the 'messages' element cannot be added as child to 'page.messages', because the latter doesn't exist [] []
[2026-05-18T12:04:40.739876+00:00] main.INFO: Broken reference: the 'page.actions.toolbar' element cannot be added as child to 'page.main.actions', because the latter doesn't exist [] []
[2026-05-18T12:04:40.740156+00:00] main.INFO: Broken reference: the 'legal' element cannot be added as child to 'footer', because the latter doesn't exist [] []
[2026-05-18T12:04:40.740678+00:00] main.INFO: Broken reference: the 'header.inner.left' element cannot be added as child to 'header', because the latter doesn't exist [] []
[2026-05-18T12:04:40.741037+00:00] main.INFO: Broken reference: the 'header.inner.right' element cannot be added as child to 'header', because the latter doesn't exist [] []
[2026-05-18T12:04:40.741607+00:00] main.INFO: Broken reference: the 'user' tries to reorder itself towards '', but their parents are different: 'header' and '' respectively. [] []
[2026-05-18T12:04:40.741953+00:00] main.INFO: Broken reference: the 'notification.messages' tries to reorder itself towards 'user', but their parents are different: 'header' and '' respectively. [] []
[2026-05-18T12:04:40.742432+00:00] main.INFO: Broken reference: the 'logo' tries to reorder itself towards '', but their parents are different: 'header' and '' respectively. [] []
[2026-05-18T12:04:40.742838+00:00] main.INFO: Broken reference: the 'global.search' tries to reorder itself towards 'logo', but their parents are different: 'header' and '' respectively. [] []
[2026-05-18T12:04:40.743153+00:00] main.INFO: Broken reference: the 'page.actions.toolbar' tries to reorder itself towards '', but their parents are different: 'page.main.actions' and '' respectively. [] []
[2026-05-18T12:04:40.743548+00:00] main.INFO: Broken reference: the 'header.inner.left' tries to reorder itself towards '', but their parents are different: 'header' and '' respectively. [] []
[2026-05-18T12:04:40.743912+00:00] main.INFO: Broken reference: the 'header.inner.right' tries to reorder itself towards 'header.inner.left', but their parents are different: 'header' and '' respectively. [] []
[2026-05-18T12:04:40.744274+00:00] main.INFO: Broken reference: the 'notification.messages' tries to reorder itself towards 'user', but their parents are different: 'header.inner.right' and '' respectively. [] []
[2026-05-18T12:04:52.192803+00:00] main.INFO: Broken reference: the 'notification.messages' tries to reorder itself towards 'user', but their parents are different: 'header.inner.right' and 'header' respectively. [] []
[2026-05-18T12:09:46.689377+00:00] main.INFO: Broken reference: the 'notification.messages' tries to reorder itself towards 'user', but their parents are different: 'header.inner.right' and 'header' respectively. [] []
[2026-05-18T13:00:15.994426+00:00] main.CRITICAL: Consumer key has expired [] []
[2026-05-18T13:00:16.126034+00:00] main.CRITICAL: Consumer key has expired [] []
[2026-05-18T13:00:16.346194+00:00] main.CRITICAL: Consumer key has expired [] []
[2026-05-18T13:00:17.165453+00:00] main.CRITICAL: Consumer key has expired [] []
[2026-05-18T14:04:57.876227+00:00] main.CRITICAL: Consumer key has expired [] []
[2026-05-18T14:04:57.882348+00:00] main.CRITICAL: Consumer key has expired [] []
[2026-05-18T14:33:56.833696+00:00] main.INFO: Broken reference: the 'tracking' element cannot be added as child to 'header', because the latter doesn't exist [] []
[2026-05-18T14:33:56.837013+00:00] main.INFO: Broken reference: the 'notification_area' element cannot be added as child to 'notifications', because the latter doesn't exist [] []
[2026-05-18T14:33:56.837372+00:00] main.INFO: Broken reference: the 'unread_system_messages' element cannot be added as child to 'notifications', because the latter doesn't exist [] []
[2026-05-18T14:33:56.837610+00:00] main.INFO: Broken reference: the 'notification_window' element cannot be added as child to 'notifications', because the latter doesn't exist [] []
[2026-05-18T14:33:56.837789+00:00] main.INFO: Broken reference: the 'notification.messages' element cannot be added as child to 'header', because the latter doesn't exist [] []
[2026-05-18T14:33:56.837936+00:00] main.INFO: Broken reference: the 'global_notices' element cannot be added as child to 'global.notices', because the latter doesn't exist [] []
[2026-05-18T14:33:56.838068+00:00] main.INFO: Broken reference: the 'logo' element cannot be added as child to 'header', because the latter doesn't exist [] []
[2026-05-18T14:33:56.838427+00:00] main.INFO: Broken reference: the 'global.search' element cannot be added as child to 'header', because the latter doesn't exist [] []
[2026-05-18T14:33:56.838629+00:00] main.INFO: Broken reference: the 'user' element cannot be added as child to 'header', because the latter doesn't exist [] []
[2026-05-18T14:33:56.839838+00:00] main.INFO: Broken reference: the 'menu' element cannot be added as child to 'page.menu', because the latter doesn't exist [] []
[2026-05-18T14:33:56.840083+00:00] main.INFO: Broken reference: the 'breadcrumbs' element cannot be added as child to 'page.breadcrumbs', because the latter doesn't exist [] []
[2026-05-18T14:33:56.840405+00:00] main.INFO: Broken reference: the 'formkey' element cannot be added as child to 'page.formkey', because the latter doesn't exist [] []
[2026-05-18T14:33:56.840642+00:00] main.INFO: Broken reference: the 'page.title' element cannot be added as child to 'main.top', because the latter doesn't exist [] []
[2026-05-18T14:33:56.840875+00:00] main.INFO: Broken reference: the 'messages' element cannot be added as child to 'page.messages', because the latter doesn't exist [] []
[2026-05-18T14:33:56.841162+00:00] main.INFO: Broken reference: the 'page.actions.toolbar' element cannot be added as child to 'page.main.actions', because the latter doesn't exist [] []
[2026-05-18T14:33:56.841443+00:00] main.INFO: Broken reference: the 'legal' element cannot be added as child to 'footer', because the latter doesn't exist [] []
[2026-05-18T14:33:56.843002+00:00] main.INFO: Broken reference: the 'header.inner.left' element cannot be added as child to 'header', because the latter doesn't exist [] []
[2026-05-18T14:33:56.843388+00:00] main.INFO: Broken reference: the 'header.inner.right' element cannot be added as child to 'header', because the latter doesn't exist [] []
[2026-05-18T14:33:56.845760+00:00] main.INFO: Broken reference: the 'user' tries to reorder itself towards '', but their parents are different: 'header' and '' respectively. [] []
[2026-05-18T14:33:56.846241+00:00] main.INFO: Broken reference: the 'notification.messages' tries to reorder itself towards 'user', but their parents are different: 'header' and '' respectively. [] []
[2026-05-18T14:33:56.846496+00:00] main.INFO: Broken reference: the 'logo' tries to reorder itself towards '', but their parents are different: 'header' and '' respectively. [] []
[2026-05-18T14:33:56.846641+00:00] main.INFO: Broken reference: the 'global.search' tries to reorder itself towards 'logo', but their parents are different: 'header' and '' respectively. [] []
[2026-05-18T14:33:56.846774+00:00] main.INFO: Broken reference: the 'page.actions.toolbar' tries to reorder itself towards '', but their parents are different: 'page.main.actions' and '' respectively. [] []
[2026-05-18T14:33:56.848684+00:00] main.INFO: Broken reference: the 'header.inner.left' tries to reorder itself towards '', but their parents are different: 'header' and '' respectively. [] []
[2026-05-18T14:33:56.849072+00:00] main.INFO: Broken reference: the 'header.inner.right' tries to reorder itself towards 'header.inner.left', but their parents are different: 'header' and '' respectively. [] []
[2026-05-18T14:33:56.850063+00:00] main.INFO: Broken reference: the 'notification.messages' tries to reorder itself towards 'user', but their parents are different: 'header.inner.right' and '' respectively. [] []
[2026-05-18T14:34:05.388402+00:00] main.INFO: Broken reference: the 'tracking' element cannot be added as child to 'header', because the latter doesn't exist [] []
[2026-05-18T14:34:05.389270+00:00] main.INFO: Broken reference: the 'notification_area' element cannot be added as child to 'notifications', because the latter doesn't exist [] []
[2026-05-18T14:34:05.389480+00:00] main.INFO: Broken reference: the 'unread_system_messages' element cannot be added as child to 'notifications', because the latter doesn't exist [] []
[2026-05-18T14:34:05.389837+00:00] main.INFO: Broken reference: the 'notification_window' element cannot be added as child to 'notifications', because the latter doesn't exist [] []
[2026-05-18T14:34:05.390614+00:00] main.INFO: Broken reference: the 'notification.messages' element cannot be added as child to 'header', because the latter doesn't exist [] []
[2026-05-18T14:34:05.390985+00:00] main.INFO: Broken reference: the 'global_notices' element cannot be added as child to 'global.notices', because the latter doesn't exist [] []
[2026-05-18T14:34:05.391244+00:00] main.INFO: Broken reference: the 'logo' element cannot be added as child to 'header', because the latter doesn't exist [] []
[2026-05-18T14:34:05.391449+00:00] main.INFO: Broken reference: the 'global.search' element cannot be added as child to 'header', because the latter doesn't exist [] []
[2026-05-18T14:34:05.391676+00:00] main.INFO: Broken reference: the 'user' element cannot be added as child to 'header', because the latter doesn't exist [] []
[2026-05-18T14:34:05.392581+00:00] main.INFO: Broken reference: the 'menu' element cannot be added as child to 'page.menu', because the latter doesn't exist [] []
[2026-05-18T14:34:05.392739+00:00] main.INFO: Broken reference: the 'breadcrumbs' element cannot be added as child to 'page.breadcrumbs', because the latter doesn't exist [] []
[2026-05-18T14:34:05.392869+00:00] main.INFO: Broken reference: the 'formkey' element cannot be added as child to 'page.formkey', because the latter doesn't exist [] []
[2026-05-18T14:34:05.392994+00:00] main.INFO: Broken reference: the 'page.title' element cannot be added as child to 'main.top', because the latter doesn't exist [] []
[2026-05-18T14:34:05.393118+00:00] main.INFO: Broken reference: the 'messages' element cannot be added as child to 'page.messages', because the latter doesn't exist [] []
[2026-05-18T14:34:05.393413+00:00] main.INFO: Broken reference: the 'page.actions.toolbar' element cannot be added as child to 'page.main.actions', because the latter doesn't exist [] []
[2026-05-18T14:34:05.393788+00:00] main.INFO: Broken reference: the 'legal' element cannot be added as child to 'footer', because the latter doesn't exist [] []
[2026-05-18T14:34:05.395747+00:00] main.INFO: Broken reference: the 'header.inner.left' element cannot be added as child to 'header', because the latter doesn't exist [] []
[2026-05-18T14:34:05.397447+00:00] main.INFO: Broken reference: the 'header.inner.right' element cannot be added as child to 'header', because the latter doesn't exist [] []
[2026-05-18T14:34:05.398322+00:00] main.INFO: Broken reference: the 'user' tries to reorder itself towards '', but their parents are different: 'header' and '' respectively. [] []
[2026-05-18T14:34:05.398623+00:00] main.INFO: Broken reference: the 'notification.messages' tries to reorder itself towards 'user', but their parents are different: 'header' and '' respectively. [] []
[2026-05-18T14:34:05.398857+00:00] main.INFO: Broken reference: the 'logo' tries to reorder itself towards '', but their parents are different: 'header' and '' respectively. [] []
[2026-05-18T14:34:05.399075+00:00] main.INFO: Broken reference: the 'global.search' tries to reorder itself towards 'logo', but their parents are different: 'header' and '' respectively. [] []
[2026-05-18T14:34:05.399370+00:00] main.INFO: Broken reference: the 'page.actions.toolbar' tries to reorder itself towards '', but their parents are different: 'page.main.actions' and '' respectively. [] []
[2026-05-18T14:34:05.399740+00:00] main.INFO: Broken reference: the 'header.inner.left' tries to reorder itself towards '', but their parents are different: 'header' and '' respectively. [] []
[2026-05-18T14:34:05.399979+00:00] main.INFO: Broken reference: the 'header.inner.right' tries to reorder itself towards 'header.inner.left', but their parents are different: 'header' and '' respectively. [] []
[2026-05-18T14:34:05.400424+00:00] main.INFO: Broken reference: the 'notification.messages' tries to reorder itself towards 'user', but their parents are different: 'header.inner.right' and '' respectively. [] []
[2026-05-18T14:34:14.468690+00:00] main.INFO: Broken reference: the 'notification.messages' tries to reorder itself towards 'user', but their parents are different: 'header.inner.right' and 'header' respectively. [] []
[2026-05-18T14:37:45.225421+00:00] main.INFO: Broken reference: the 'notification.messages' tries to reorder itself towards 'user', but their parents are different: 'header.inner.right' and 'header' respectively. [] []
[2026-05-18T14:37:51.726497+00:00] main.INFO: Broken reference: the 'notification.messages' tries to reorder itself towards 'user', but their parents are different: 'header.inner.right' and 'header' respectively. [] []
[2026-05-18T14:40:03.646004+00:00] main.ERROR: The path is not allowed: media/wp-includes/wlwmanifest.xml [] []
[2026-05-18T16:26:55.644640+00:00] main.CRITICAL: Consumer key has expired [] []
[2026-05-18T16:26:55.648460+00:00] main.CRITICAL: Consumer key has expired [] []
[2026-05-19T03:47:31.117835+00:00] main.CRITICAL: Consumer key has expired [] []
[2026-05-19T03:47:31.118090+00:00] main.CRITICAL: Consumer key has expired [] []
[2026-05-19T08:18:43.357829+00:00] main.ERROR: The path is not allowed: media/system/js/core.js [] []
[2026-05-19T15:10:17.301210+00:00] main.CRITICAL: Consumer key has expired [] []
[2026-05-19T15:10:17.319922+00:00] main.CRITICAL: Consumer key has expired [] []
[2026-05-19T15:58:56.847792+00:00] main.ERROR: The path is not allowed: media/wp-includes/wlwmanifest.xml [] []
[2026-05-20T01:51:29.162354+00:00] main.ERROR: Braintree\Configuration::merchantId needs to be set (or accessToken needs to be passed to Braintree\Gateway). [] []
[2026-05-20T01:51:29.164965+00:00] main.ERROR: Braintree\Configuration::merchantId needs to be set (or accessToken needs to be passed to Braintree\Gateway). [] []
[2026-05-20T01:52:19.342884+00:00] main.ERROR: Braintree\Configuration::merchantId needs to be set (or accessToken needs to be passed to Braintree\Gateway). [] []
[2026-05-20T01:52:20.439355+00:00] main.ERROR: Braintree\Configuration::merchantId needs to be set (or accessToken needs to be passed to Braintree\Gateway). [] []
[2026-05-20T01:52:21.375395+00:00] main.ERROR: Braintree\Configuration::merchantId needs to be set (or accessToken needs to be passed to Braintree\Gateway). [] []
[2026-05-20T01:52:22.545985+00:00] main.ERROR: Braintree\Configuration::merchantId needs to be set (or accessToken needs to be passed to Braintree\Gateway). [] []
[2026-05-20T06:20:32.878541+00:00] main.ERROR: Braintree\Configuration::merchantId needs to be set (or accessToken needs to be passed to Braintree\Gateway). [] []
[2026-05-20T06:20:40.447355+00:00] main.ERROR: Braintree\Configuration::merchantId needs to be set (or accessToken needs to be passed to Braintree\Gateway). [] []
[2026-05-20T06:20:45.595053+00:00] main.ERROR: Braintree\Configuration::merchantId needs to be set (or accessToken needs to be passed to Braintree\Gateway). [] []
[2026-05-20T06:21:13.680832+00:00] main.ERROR: Braintree\Configuration::merchantId needs to be set (or accessToken needs to be passed to Braintree\Gateway). [] []
[2026-05-20T06:21:13.698378+00:00] main.ERROR: Braintree\Configuration::merchantId needs to be set (or accessToken needs to be passed to Braintree\Gateway). [] []
[2026-05-20T12:12:36.365229+00:00] main.INFO: Broken reference: the 'tracking' element cannot be added as child to 'header', because the latter doesn't exist [] []
[2026-05-20T12:12:36.366155+00:00] main.INFO: Broken reference: the 'notification_area' element cannot be added as child to 'notifications', because the latter doesn't exist [] []
[2026-05-20T12:12:36.372337+00:00] main.INFO: Broken reference: the 'unread_system_messages' element cannot be added as child to 'notifications', because the latter doesn't exist [] []
[2026-05-20T12:12:36.373477+00:00] main.INFO: Broken reference: the 'notification_window' element cannot be added as child to 'notifications', because the latter doesn't exist [] []
[2026-05-20T12:12:36.373707+00:00] main.INFO: Broken reference: the 'notification.messages' element cannot be added as child to 'header', because the latter doesn't exist [] []
[2026-05-20T12:12:36.373865+00:00] main.INFO: Broken reference: the 'global_notices' element cannot be added as child to 'global.notices', because the latter doesn't exist [] []
[2026-05-20T12:12:36.374077+00:00] main.INFO: Broken reference: the 'logo' element cannot be added as child to 'header', because the latter doesn't exist [] []
[2026-05-20T12:12:36.374297+00:00] main.INFO: Broken reference: the 'global.search' element cannot be added as child to 'header', because the latter doesn't exist [] []
[2026-05-20T12:12:36.374428+00:00] main.INFO: Broken reference: the 'user' element cannot be added as child to 'header', because the latter doesn't exist [] []
[2026-05-20T12:12:36.374661+00:00] main.INFO: Broken reference: the 'menu' element cannot be added as child to 'page.menu', because the latter doesn't exist [] []
[2026-05-20T12:12:36.374841+00:00] main.INFO: Broken reference: the 'breadcrumbs' element cannot be added as child to 'page.breadcrumbs', because the latter doesn't exist [] []
[2026-05-20T12:12:36.374970+00:00] main.INFO: Broken reference: the 'formkey' element cannot be added as child to 'page.formkey', because the latter doesn't exist [] []
[2026-05-20T12:12:36.375169+00:00] main.INFO: Broken reference: the 'page.title' element cannot be added as child to 'main.top', because the latter doesn't exist [] []
[2026-05-20T12:12:36.375330+00:00] main.INFO: Broken reference: the 'messages' element cannot be added as child to 'page.messages', because the latter doesn't exist [] []
[2026-05-20T12:12:36.375484+00:00] main.INFO: Broken reference: the 'page.actions.toolbar' element cannot be added as child to 'page.main.actions', because the latter doesn't exist [] []
[2026-05-20T12:12:36.375948+00:00] main.INFO: Broken reference: the 'legal' element cannot be added as child to 'footer', because the latter doesn't exist [] []
[2026-05-20T12:12:36.376683+00:00] main.INFO: Broken reference: the 'header.inner.left' element cannot be added as child to 'header', because the latter doesn't exist [] []
[2026-05-20T12:12:36.377155+00:00] main.INFO: Broken reference: the 'header.inner.right' element cannot be added as child to 'header', because the latter doesn't exist [] []
[2026-05-20T12:12:36.377811+00:00] main.INFO: Broken reference: the 'user' tries to reorder itself towards '', but their parents are different: 'header' and '' respectively. [] []
[2026-05-20T12:12:36.378193+00:00] main.INFO: Broken reference: the 'notification.messages' tries to reorder itself towards 'user', but their parents are different: 'header' and '' respectively. [] []
[2026-05-20T12:12:36.378438+00:00] main.INFO: Broken reference: the 'logo' tries to reorder itself towards '', but their parents are different: 'header' and '' respectively. [] []
[2026-05-20T12:12:36.378760+00:00] main.INFO: Broken reference: the 'global.search' tries to reorder itself towards 'logo', but their parents are different: 'header' and '' respectively. [] []
[2026-05-20T12:12:36.378910+00:00] main.INFO: Broken reference: the 'page.actions.toolbar' tries to reorder itself towards '', but their parents are different: 'page.main.actions' and '' respectively. [] []
[2026-05-20T12:12:36.379353+00:00] main.INFO: Broken reference: the 'header.inner.left' tries to reorder itself towards '', but their parents are different: 'header' and '' respectively. [] []
[2026-05-20T12:12:36.379760+00:00] main.INFO: Broken reference: the 'header.inner.right' tries to reorder itself towards 'header.inner.left', but their parents are different: 'header' and '' respectively. [] []
[2026-05-20T12:12:36.380002+00:00] main.INFO: Broken reference: the 'notification.messages' tries to reorder itself towards 'user', but their parents are different: 'header.inner.right' and '' respectively. [] []
[2026-05-20T12:12:36.386674+00:00] main.INFO: Broken reference: the 'tracking' element cannot be added as child to 'header', because the latter doesn't exist [] []
[2026-05-20T12:12:36.391852+00:00] main.INFO: Broken reference: the 'notification_area' element cannot be added as child to 'notifications', because the latter doesn't exist [] []
[2026-05-20T12:12:36.392893+00:00] main.INFO: Broken reference: the 'unread_system_messages' element cannot be added as child to 'notifications', because the latter doesn't exist [] []
[2026-05-20T12:12:36.393338+00:00] main.INFO: Broken reference: the 'notification_window' element cannot be added as child to 'notifications', because the latter doesn't exist [] []
[2026-05-20T12:12:36.393869+00:00] main.INFO: Broken reference: the 'notification.messages' element cannot be added as child to 'header', because the latter doesn't exist [] []
[2026-05-20T12:12:36.394415+00:00] main.INFO: Broken reference: the 'global_notices' element cannot be added as child to 'global.notices', because the latter doesn't exist [] []
[2026-05-20T12:12:36.394749+00:00] main.INFO: Broken reference: the 'logo' element cannot be added as child to 'header', because the latter doesn't exist [] []
[2026-05-20T12:12:36.395070+00:00] main.INFO: Broken reference: the 'global.search' element cannot be added as child to 'header', because the latter doesn't exist [] []
[2026-05-20T12:12:36.395447+00:00] main.INFO: Broken reference: the 'user' element cannot be added as child to 'header', because the latter doesn't exist [] []
[2026-05-20T12:12:36.396228+00:00] main.INFO: Broken reference: the 'menu' element cannot be added as child to 'page.menu', because the latter doesn't exist [] []
[2026-05-20T12:12:36.396885+00:00] main.INFO: Broken reference: the 'breadcrumbs' element cannot be added as child to 'page.breadcrumbs', because the latter doesn't exist [] []
[2026-05-20T12:12:36.397513+00:00] main.INFO: Broken reference: the 'formkey' element cannot be added as child to 'page.formkey', because the latter doesn't exist [] []
[2026-05-20T12:12:36.397841+00:00] main.INFO: Broken reference: the 'page.title' element cannot be added as child to 'main.top', because the latter doesn't exist [] []
[2026-05-20T12:12:36.398234+00:00] main.INFO: Broken reference: the 'messages' element cannot be added as child to 'page.messages', because the latter doesn't exist [] []
[2026-05-20T12:12:36.398551+00:00] main.INFO: Broken reference: the 'page.actions.toolbar' element cannot be added as child to 'page.main.actions', because the latter doesn't exist [] []
[2026-05-20T12:12:36.400078+00:00] main.INFO: Broken reference: the 'legal' element cannot be added as child to 'footer', because the latter doesn't exist [] []
[2026-05-20T12:12:36.400862+00:00] main.INFO: Broken reference: the 'header.inner.left' element cannot be added as child to 'header', because the latter doesn't exist [] []
[2026-05-20T12:12:36.401223+00:00] main.INFO: Broken reference: the 'header.inner.right' element cannot be added as child to 'header', because the latter doesn't exist [] []
[2026-05-20T12:12:36.401742+00:00] main.INFO: Broken reference: the 'user' tries to reorder itself towards '', but their parents are different: 'header' and '' respectively. [] []
[2026-05-20T12:12:36.402185+00:00] main.INFO: Broken reference: the 'notification.messages' tries to reorder itself towards 'user', but their parents are different: 'header' and '' respectively. [] []
[2026-05-20T12:12:36.402509+00:00] main.INFO: Broken reference: the 'logo' tries to reorder itself towards '', but their parents are different: 'header' and '' respectively. [] []
[2026-05-20T12:12:36.403018+00:00] main.INFO: Broken reference: the 'global.search' tries to reorder itself towards 'logo', but their parents are different: 'header' and '' respectively. [] []
[2026-05-20T12:12:36.403361+00:00] main.INFO: Broken reference: the 'page.actions.toolbar' tries to reorder itself towards '', but their parents are different: 'page.main.actions' and '' respectively. [] []
[2026-05-20T12:12:36.403837+00:00] main.INFO: Broken reference: the 'header.inner.left' tries to reorder itself towards '', but their parents are different: 'header' and '' respectively. [] []
[2026-05-20T12:12:36.404172+00:00] main.INFO: Broken reference: the 'header.inner.right' tries to reorder itself towards 'header.inner.left', but their parents are different: 'header' and '' respectively. [] []
[2026-05-20T12:12:36.404515+00:00] main.INFO: Broken reference: the 'notification.messages' tries to reorder itself towards 'user', but their parents are different: 'header.inner.right' and '' respectively. [] []
[2026-05-20T12:12:49.018485+00:00] main.INFO: Broken reference: the 'tracking' element cannot be added as child to 'header', because the latter doesn't exist [] []
[2026-05-20T12:12:49.023438+00:00] main.INFO: Broken reference: the 'notification_area' element cannot be added as child to 'notifications', because the latter doesn't exist [] []
[2026-05-20T12:12:49.024016+00:00] main.INFO: Broken reference: the 'unread_system_messages' element cannot be added as child to 'notifications', because the latter doesn't exist [] []
[2026-05-20T12:12:49.024420+00:00] main.INFO: Broken reference: the 'notification_window' element cannot be added as child to 'notifications', because the latter doesn't exist [] []
[2026-05-20T12:12:49.024649+00:00] main.INFO: Broken reference: the 'notification.messages' element cannot be added as child to 'header', because the latter doesn't exist [] []
[2026-05-20T12:12:49.024942+00:00] main.INFO: Broken reference: the 'global_notices' element cannot be added as child to 'global.notices', because the latter doesn't exist [] []
[2026-05-20T12:12:49.025296+00:00] main.INFO: Broken reference: the 'logo' element cannot be added as child to 'header', because the latter doesn't exist [] []
[2026-05-20T12:12:49.025606+00:00] main.INFO: Broken reference: the 'global.search' element cannot be added as child to 'header', because the latter doesn't exist [] []
[2026-05-20T12:12:49.025761+00:00] main.INFO: Broken reference: the 'user' element cannot be added as child to 'header', because the latter doesn't exist [] []
[2026-05-20T12:12:49.026183+00:00] main.INFO: Broken reference: the 'menu' element cannot be added as child to 'page.menu', because the latter doesn't exist [] []
[2026-05-20T12:12:49.026515+00:00] main.INFO: Broken reference: the 'breadcrumbs' element cannot be added as child to 'page.breadcrumbs', because the latter doesn't exist [] []
[2026-05-20T12:12:49.026798+00:00] main.INFO: Broken reference: the 'formkey' element cannot be added as child to 'page.formkey', because the latter doesn't exist [] []
[2026-05-20T12:12:49.027055+00:00] main.INFO: Broken reference: the 'page.title' element cannot be added as child to 'main.top', because the latter doesn't exist [] []
[2026-05-20T12:12:49.027369+00:00] main.INFO: Broken reference: the 'messages' element cannot be added as child to 'page.messages', because the latter doesn't exist [] []
[2026-05-20T12:12:49.035928+00:00] main.INFO: Broken reference: the 'page.actions.toolbar' element cannot be added as child to 'page.main.actions', because the latter doesn't exist [] []
[2026-05-20T12:12:49.036514+00:00] main.INFO: Broken reference: the 'legal' element cannot be added as child to 'footer', because the latter doesn't exist [] []
[2026-05-20T12:12:49.037201+00:00] main.INFO: Broken reference: the 'header.inner.left' element cannot be added as child to 'header', because the latter doesn't exist [] []
[2026-05-20T12:12:49.037474+00:00] main.INFO: Broken reference: the 'header.inner.right' element cannot be added as child to 'header', because the latter doesn't exist [] []
[2026-05-20T12:12:49.044139+00:00] main.INFO: Broken reference: the 'user' tries to reorder itself towards '', but their parents are different: 'header' and '' respectively. [] []
[2026-05-20T12:12:49.044771+00:00] main.INFO: Broken reference: the 'notification.messages' tries to reorder itself towards 'user', but their parents are different: 'header' and '' respectively. [] []
[2026-05-20T12:12:49.045143+00:00] main.INFO: Broken reference: the 'logo' tries to reorder itself towards '', but their parents are different: 'header' and '' respectively. [] []
[2026-05-20T12:12:49.045398+00:00] main.INFO: Broken reference: the 'global.search' tries to reorder itself towards 'logo', but their parents are different: 'header' and '' respectively. [] []
[2026-05-20T12:12:49.045666+00:00] main.INFO: Broken reference: the 'page.actions.toolbar' tries to reorder itself towards '', but their parents are different: 'page.main.actions' and '' respectively. [] []
[2026-05-20T12:12:49.046186+00:00] main.INFO: Broken reference: the 'header.inner.left' tries to reorder itself towards '', but their parents are different: 'header' and '' respectively. [] []
[2026-05-20T12:12:49.046520+00:00] main.INFO: Broken reference: the 'header.inner.right' tries to reorder itself towards 'header.inner.left', but their parents are different: 'header' and '' respectively. [] []
[2026-05-20T12:12:49.046844+00:00] main.INFO: Broken reference: the 'notification.messages' tries to reorder itself towards 'user', but their parents are different: 'header.inner.right' and '' respectively. [] []
[2026-05-20T12:13:04.095108+00:00] main.INFO: Broken reference: the 'tracking' element cannot be added as child to 'header', because the latter doesn't exist [] []
[2026-05-20T12:13:04.096031+00:00] main.INFO: Broken reference: the 'notification_area' element cannot be added as child to 'notifications', because the latter doesn't exist [] []
[2026-05-20T12:13:04.096337+00:00] main.INFO: Broken reference: the 'unread_system_messages' element cannot be added as child to 'notifications', because the latter doesn't exist [] []
[2026-05-20T12:13:04.096567+00:00] main.INFO: Broken reference: the 'notification_window' element cannot be added as child to 'notifications', because the latter doesn't exist [] []
[2026-05-20T12:13:04.096790+00:00] main.INFO: Broken reference: the 'notification.messages' element cannot be added as child to 'header', because the latter doesn't exist [] []
[2026-05-20T12:13:04.097025+00:00] main.INFO: Broken reference: the 'global_notices' element cannot be added as child to 'global.notices', because the latter doesn't exist [] []
[2026-05-20T12:13:04.097270+00:00] main.INFO: Broken reference: the 'logo' element cannot be added as child to 'header', because the latter doesn't exist [] []
[2026-05-20T12:13:04.097490+00:00] main.INFO: Broken reference: the 'global.search' element cannot be added as child to 'header', because the latter doesn't exist [] []
[2026-05-20T12:13:04.097710+00:00] main.INFO: Broken reference: the 'user' element cannot be added as child to 'header', because the latter doesn't exist [] []
[2026-05-20T12:13:04.097927+00:00] main.INFO: Broken reference: the 'menu' element cannot be added as child to 'page.menu', because the latter doesn't exist [] []
[2026-05-20T12:13:04.098214+00:00] main.INFO: Broken reference: the 'breadcrumbs' element cannot be added as child to 'page.breadcrumbs', because the latter doesn't exist [] []
[2026-05-20T12:13:04.104169+00:00] main.INFO: Broken reference: the 'formkey' element cannot be added as child to 'page.formkey', because the latter doesn't exist [] []
[2026-05-20T12:13:04.104435+00:00] main.INFO: Broken reference: the 'page.title' element cannot be added as child to 'main.top', because the latter doesn't exist [] []
[2026-05-20T12:13:04.104652+00:00] main.INFO: Broken reference: the 'messages' element cannot be added as child to 'page.messages', because the latter doesn't exist [] []
[2026-05-20T12:13:04.104865+00:00] main.INFO: Broken reference: the 'page.actions.toolbar' element cannot be added as child to 'page.main.actions', because the latter doesn't exist [] []
[2026-05-20T12:13:04.105101+00:00] main.INFO: Broken reference: the 'legal' element cannot be added as child to 'footer', because the latter doesn't exist [] []
[2026-05-20T12:13:04.105644+00:00] main.INFO: Broken reference: the 'header.inner.left' element cannot be added as child to 'header', because the latter doesn't exist [] []
[2026-05-20T12:13:04.106086+00:00] main.INFO: Broken reference: the 'header.inner.right' element cannot be added as child to 'header', because the latter doesn't exist [] []
[2026-05-20T12:13:04.106486+00:00] main.INFO: Broken reference: the 'user' tries to reorder itself towards '', but their parents are different: 'header' and '' respectively. [] []
[2026-05-20T12:13:04.106756+00:00] main.INFO: Broken reference: the 'notification.messages' tries to reorder itself towards 'user', but their parents are different: 'header' and '' respectively. [] []
[2026-05-20T12:13:04.107134+00:00] main.INFO: Broken reference: the 'logo' tries to reorder itself towards '', but their parents are different: 'header' and '' respectively. [] []
[2026-05-20T12:13:04.107357+00:00] main.INFO: Broken reference: the 'global.search' tries to reorder itself towards 'logo', but their parents are different: 'header' and '' respectively. [] []
[2026-05-20T12:13:04.107686+00:00] main.INFO: Broken reference: the 'page.actions.toolbar' tries to reorder itself towards '', but their parents are different: 'page.main.actions' and '' respectively. [] []
[2026-05-20T12:13:04.108022+00:00] main.INFO: Broken reference: the 'header.inner.left' tries to reorder itself towards '', but their parents are different: 'header' and '' respectively. [] []
[2026-05-20T12:13:04.108385+00:00] main.INFO: Broken reference: the 'header.inner.right' tries to reorder itself towards 'header.inner.left', but their parents are different: 'header' and '' respectively. [] []
[2026-05-20T12:13:04.108725+00:00] main.INFO: Broken reference: the 'notification.messages' tries to reorder itself towards 'user', but their parents are different: 'header.inner.right' and '' respectively. [] []
[2026-05-20T12:13:45.106545+00:00] main.INFO: Broken reference: the 'notification.messages' tries to reorder itself towards 'user', but their parents are different: 'header.inner.right' and 'header' respectively. [] []
[2026-05-20T12:13:49.801556+00:00] main.ERROR: The path is not allowed: media/wp-includes/wlwmanifest.xml [] []
[2026-05-20T14:19:39.490753+00:00] main.ERROR: Braintree\Configuration::merchantId needs to be set (or accessToken needs to be passed to Braintree\Gateway). [] []
[2026-05-20T14:19:48.267309+00:00] main.ERROR: Braintree\Configuration::merchantId needs to be set (or accessToken needs to be passed to Braintree\Gateway). [] []
[2026-05-20T16:26:21.236404+00:00] main.CRITICAL: Consumer key has expired [] []
[2026-05-20T16:26:21.858906+00:00] main.CRITICAL: Consumer key has expired [] []
[2026-05-20T17:25:23.466078+00:00] main.ERROR: Braintree\Configuration::merchantId needs to be set (or accessToken needs to be passed to Braintree\Gateway). [] []
[2026-05-21T03:11:31.418399+00:00] main.INFO: Broken reference: the 'catalog.compare.sidebar' element cannot be added as child to 'sidebar.additional', because the latter doesn't exist [] []
[2026-05-21T03:11:31.420165+00:00] main.INFO: Broken reference: the 'sale.reorder.sidebar' element cannot be added as child to 'sidebar.additional', because the latter doesn't exist [] []
[2026-05-21T03:11:31.421090+00:00] main.INFO: Broken reference: the 'wishlist_sidebar' element cannot be added as child to 'sidebar.additional', because the latter doesn't exist [] []
[2026-05-21T03:11:31.421787+00:00] main.INFO: Broken reference: the 'paypal.partner.right.logo' element cannot be added as child to 'sidebar.additional', because the latter doesn't exist [] []
[2026-05-21T03:11:31.422126+00:00] main.INFO: Broken reference: the 'bml.right.logo' element cannot be added as child to 'sidebar.additional', because the latter doesn't exist [] []
[2026-05-21T03:11:31.422432+00:00] main.INFO: Broken reference: the 'sidebar.container.paylater' element cannot be added as child to 'sidebar.additional', because the latter doesn't exist [] []
[2026-05-21T03:11:31.668937+00:00] main.ERROR: Braintree\Configuration::merchantId needs to be set (or accessToken needs to be passed to Braintree\Gateway). [] []
[2026-05-21T05:56:23.325450+00:00] main.ERROR: Braintree\Configuration::merchantId needs to be set (or accessToken needs to be passed to Braintree\Gateway). [] []
[2026-05-21T05:56:23.349968+00:00] main.ERROR: Braintree\Configuration::merchantId needs to be set (or accessToken needs to be passed to Braintree\Gateway). [] []
[2026-05-21T05:56:23.343195+00:00] main.ERROR: Braintree\Configuration::merchantId needs to be set (or accessToken needs to be passed to Braintree\Gateway). [] []
[2026-05-21T05:56:23.757906+00:00] main.ERROR: Braintree\Configuration::merchantId needs to be set (or accessToken needs to be passed to Braintree\Gateway). [] []
[2026-05-21T05:56:24.206844+00:00] main.ERROR: Braintree\Configuration::merchantId needs to be set (or accessToken needs to be passed to Braintree\Gateway). [] []
[2026-05-21T05:56:24.363331+00:00] main.ERROR: Braintree\Configuration::merchantId needs to be set (or accessToken needs to be passed to Braintree\Gateway). [] []
[2026-05-21T05:56:25.125724+00:00] main.ERROR: Braintree\Configuration::merchantId needs to be set (or accessToken needs to be passed to Braintree\Gateway). [] []
[2026-05-21T05:56:25.574638+00:00] main.ERROR: Braintree\Configuration::merchantId needs to be set (or accessToken needs to be passed to Braintree\Gateway). [] []
[2026-05-21T06:13:27.533002+00:00] main.INFO: Broken reference: the 'tracking' element cannot be added as child to 'header', because the latter doesn't exist [] []
[2026-05-21T06:13:27.534464+00:00] main.INFO: Broken reference: the 'notification_area' element cannot be added as child to 'notifications', because the latter doesn't exist [] []
[2026-05-21T06:13:27.534963+00:00] main.INFO: Broken reference: the 'unread_system_messages' element cannot be added as child to 'notifications', because the latter doesn't exist [] []
[2026-05-21T06:13:27.535347+00:00] main.INFO: Broken reference: the 'notification_window' element cannot be added as child to 'notifications', because the latter doesn't exist [] []
[2026-05-21T06:13:27.548108+00:00] main.INFO: Broken reference: the 'notification.messages' element cannot be added as child to 'header', because the latter doesn't exist [] []
[2026-05-21T06:13:27.548549+00:00] main.INFO: Broken reference: the 'global_notices' element cannot be added as child to 'global.notices', because the latter doesn't exist [] []
[2026-05-21T06:13:27.548910+00:00] main.INFO: Broken reference: the 'logo' element cannot be added as child to 'header', because the latter doesn't exist [] []
[2026-05-21T06:13:27.549213+00:00] main.INFO: Broken reference: the 'global.search' element cannot be added as child to 'header', because the latter doesn't exist [] []
[2026-05-21T06:13:27.549500+00:00] main.INFO: Broken reference: the 'user' element cannot be added as child to 'header', because the latter doesn't exist [] []
[2026-05-21T06:13:27.549792+00:00] main.INFO: Broken reference: the 'menu' element cannot be added as child to 'page.menu', because the latter doesn't exist [] []
[2026-05-21T06:13:27.550093+00:00] main.INFO: Broken reference: the 'breadcrumbs' element cannot be added as child to 'page.breadcrumbs', because the latter doesn't exist [] []
[2026-05-21T06:13:27.550390+00:00] main.INFO: Broken reference: the 'formkey' element cannot be added as child to 'page.formkey', because the latter doesn't exist [] []
[2026-05-21T06:13:27.550698+00:00] main.INFO: Broken reference: the 'page.title' element cannot be added as child to 'main.top', because the latter doesn't exist [] []
[2026-05-21T06:13:27.551048+00:00] main.INFO: Broken reference: the 'messages' element cannot be added as child to 'page.messages', because the latter doesn't exist [] []
[2026-05-21T06:13:27.551330+00:00] main.INFO: Broken reference: the 'page.actions.toolbar' element cannot be added as child to 'page.main.actions', because the latter doesn't exist [] []
[2026-05-21T06:13:27.551829+00:00] main.INFO: Broken reference: the 'legal' element cannot be added as child to 'footer', because the latter doesn't exist [] []
[2026-05-21T06:13:27.552483+00:00] main.INFO: Broken reference: the 'header.inner.left' element cannot be added as child to 'header', because the latter doesn't exist [] []
[2026-05-21T06:13:27.552873+00:00] main.INFO: Broken reference: the 'header.inner.right' element cannot be added as child to 'header', because the latter doesn't exist [] []
[2026-05-21T06:13:27.553468+00:00] main.INFO: Broken reference: the 'user' tries to reorder itself towards '', but their parents are different: 'header' and '' respectively. [] []
[2026-05-21T06:13:27.553919+00:00] main.INFO: Broken reference: the 'notification.messages' tries to reorder itself towards 'user', but their parents are different: 'header' and '' respectively. [] []
[2026-05-21T06:13:27.554242+00:00] main.INFO: Broken reference: the 'logo' tries to reorder itself towards '', but their parents are different: 'header' and '' respectively. [] []
[2026-05-21T06:13:27.563046+00:00] main.INFO: Broken reference: the 'global.search' tries to reorder itself towards 'logo', but their parents are different: 'header' and '' respectively. [] []
[2026-05-21T06:13:27.563800+00:00] main.INFO: Broken reference: the 'page.actions.toolbar' tries to reorder itself towards '', but their parents are different: 'page.main.actions' and '' respectively. [] []
[2026-05-21T06:13:27.564343+00:00] main.INFO: Broken reference: the 'header.inner.left' tries to reorder itself towards '', but their parents are different: 'header' and '' respectively. [] []
[2026-05-21T06:13:27.564707+00:00] main.INFO: Broken reference: the 'header.inner.right' tries to reorder itself towards 'header.inner.left', but their parents are different: 'header' and '' respectively. [] []
[2026-05-21T06:13:27.565095+00:00] main.INFO: Broken reference: the 'notification.messages' tries to reorder itself towards 'user', but their parents are different: 'header.inner.right' and '' respectively. [] []
[2026-05-21T06:13:51.834200+00:00] main.ERROR: Braintree\Configuration::merchantId needs to be set (or accessToken needs to be passed to Braintree\Gateway). [] []
[2026-05-21T06:13:57.867656+00:00] main.ERROR: Braintree\Configuration::merchantId needs to be set (or accessToken needs to be passed to Braintree\Gateway). [] []
[2026-05-21T08:34:33.936706+00:00] main.INFO: Broken reference: the 'tracking' element cannot be added as child to 'header', because the latter doesn't exist [] []
[2026-05-21T08:34:33.938048+00:00] main.INFO: Broken reference: the 'notification_area' element cannot be added as child to 'notifications', because the latter doesn't exist [] []
[2026-05-21T08:34:33.938436+00:00] main.INFO: Broken reference: the 'unread_system_messages' element cannot be added as child to 'notifications', because the latter doesn't exist [] []
[2026-05-21T08:34:33.938772+00:00] main.INFO: Broken reference: the 'notification_window' element cannot be added as child to 'notifications', because the latter doesn't exist [] []
[2026-05-21T08:34:33.939104+00:00] main.INFO: Broken reference: the 'notification.messages' element cannot be added as child to 'header', because the latter doesn't exist [] []
[2026-05-21T08:34:33.939477+00:00] main.INFO: Broken reference: the 'global_notices' element cannot be added as child to 'global.notices', because the latter doesn't exist [] []
[2026-05-21T08:34:33.961546+00:00] main.INFO: Broken reference: the 'logo' element cannot be added as child to 'header', because the latter doesn't exist [] []
[2026-05-21T08:34:33.962302+00:00] main.INFO: Broken reference: the 'global.search' element cannot be added as child to 'header', because the latter doesn't exist [] []
[2026-05-21T08:34:33.962965+00:00] main.INFO: Broken reference: the 'user' element cannot be added as child to 'header', because the latter doesn't exist [] []
[2026-05-21T08:34:33.963544+00:00] main.INFO: Broken reference: the 'menu' element cannot be added as child to 'page.menu', because the latter doesn't exist [] []
[2026-05-21T08:34:33.980285+00:00] main.INFO: Broken reference: the 'breadcrumbs' element cannot be added as child to 'page.breadcrumbs', because the latter doesn't exist [] []
[2026-05-21T08:34:33.980570+00:00] main.INFO: Broken reference: the 'formkey' element cannot be added as child to 'page.formkey', because the latter doesn't exist [] []
[2026-05-21T08:34:33.980784+00:00] main.INFO: Broken reference: the 'page.title' element cannot be added as child to 'main.top', because the latter doesn't exist [] []
[2026-05-21T08:34:33.981026+00:00] main.INFO: Broken reference: the 'messages' element cannot be added as child to 'page.messages', because the latter doesn't exist [] []
[2026-05-21T08:34:33.981424+00:00] main.INFO: Broken reference: the 'page.actions.toolbar' element cannot be added as child to 'page.main.actions', because the latter doesn't exist [] []
[2026-05-21T08:34:33.981683+00:00] main.INFO: Broken reference: the 'legal' element cannot be added as child to 'footer', because the latter doesn't exist [] []
[2026-05-21T08:34:33.982323+00:00] main.INFO: Broken reference: the 'header.inner.left' element cannot be added as child to 'header', because the latter doesn't exist [] []
[2026-05-21T08:34:33.982797+00:00] main.INFO: Broken reference: the 'header.inner.right' element cannot be added as child to 'header', because the latter doesn't exist [] []
[2026-05-21T08:34:33.983126+00:00] main.INFO: Broken reference: the 'user' tries to reorder itself towards '', but their parents are different: 'header' and '' respectively. [] []
[2026-05-21T08:34:33.983334+00:00] main.INFO: Broken reference: the 'notification.messages' tries to reorder itself towards 'user', but their parents are different: 'header' and '' respectively. [] []
[2026-05-21T08:34:33.983520+00:00] main.INFO: Broken reference: the 'logo' tries to reorder itself towards '', but their parents are different: 'header' and '' respectively. [] []
[2026-05-21T08:34:33.997496+00:00] main.INFO: Broken reference: the 'global.search' tries to reorder itself towards 'logo', but their parents are different: 'header' and '' respectively. [] []
[2026-05-21T08:34:33.997875+00:00] main.INFO: Broken reference: the 'page.actions.toolbar' tries to reorder itself towards '', but their parents are different: 'page.main.actions' and '' respectively. [] []
[2026-05-21T08:34:33.998303+00:00] main.INFO: Broken reference: the 'header.inner.left' tries to reorder itself towards '', but their parents are different: 'header' and '' respectively. [] []
[2026-05-21T08:34:33.998618+00:00] main.INFO: Broken reference: the 'header.inner.right' tries to reorder itself towards 'header.inner.left', but their parents are different: 'header' and '' respectively. [] []
[2026-05-21T08:34:33.999083+00:00] main.INFO: Broken reference: the 'notification.messages' tries to reorder itself towards 'user', but their parents are different: 'header.inner.right' and '' respectively. [] []
[2026-05-21T08:34:39.882047+00:00] main.INFO: Broken reference: the 'tracking' element cannot be added as child to 'header', because the latter doesn't exist [] []
[2026-05-21T08:34:39.883094+00:00] main.INFO: Broken reference: the 'notification_area' element cannot be added as child to 'notifications', because the latter doesn't exist [] []
[2026-05-21T08:34:39.883513+00:00] main.INFO: Broken reference: the 'unread_system_messages' element cannot be added as child to 'notifications', because the latter doesn't exist [] []
[2026-05-21T08:34:39.883863+00:00] main.INFO: Broken reference: the 'notification_window' element cannot be added as child to 'notifications', because the latter doesn't exist [] []
[2026-05-21T08:34:39.884128+00:00] main.INFO: Broken reference: the 'notification.messages' element cannot be added as child to 'header', because the latter doesn't exist [] []
[2026-05-21T08:34:39.884468+00:00] main.INFO: Broken reference: the 'global_notices' element cannot be added as child to 'global.notices', because the latter doesn't exist [] []
[2026-05-21T08:34:39.884756+00:00] main.INFO: Broken reference: the 'logo' element cannot be added as child to 'header', because the latter doesn't exist [] []
[2026-05-21T08:34:39.885054+00:00] main.INFO: Broken reference: the 'global.search' element cannot be added as child to 'header', because the latter doesn't exist [] []
[2026-05-21T08:34:39.885350+00:00] main.INFO: Broken reference: the 'user' element cannot be added as child to 'header', because the latter doesn't exist [] []
[2026-05-21T08:34:39.885660+00:00] main.INFO: Broken reference: the 'menu' element cannot be added as child to 'page.menu', because the latter doesn't exist [] []
[2026-05-21T08:34:39.885962+00:00] main.INFO: Broken reference: the 'breadcrumbs' element cannot be added as child to 'page.breadcrumbs', because the latter doesn't exist [] []
[2026-05-21T08:34:39.886263+00:00] main.INFO: Broken reference: the 'formkey' element cannot be added as child to 'page.formkey', because the latter doesn't exist [] []
[2026-05-21T08:34:39.886565+00:00] main.INFO: Broken reference: the 'page.title' element cannot be added as child to 'main.top', because the latter doesn't exist [] []
[2026-05-21T08:34:39.886819+00:00] main.INFO: Broken reference: the 'messages' element cannot be added as child to 'page.messages', because the latter doesn't exist [] []
[2026-05-21T08:34:39.887084+00:00] main.INFO: Broken reference: the 'page.actions.toolbar' element cannot be added as child to 'page.main.actions', because the latter doesn't exist [] []
[2026-05-21T08:34:39.887364+00:00] main.INFO: Broken reference: the 'legal' element cannot be added as child to 'footer', because the latter doesn't exist [] []
[2026-05-21T08:34:39.888054+00:00] main.INFO: Broken reference: the 'header.inner.left' element cannot be added as child to 'header', because the latter doesn't exist [] []
[2026-05-21T08:34:39.888395+00:00] main.INFO: Broken reference: the 'header.inner.right' element cannot be added as child to 'header', because the latter doesn't exist [] []
[2026-05-21T08:34:39.888854+00:00] main.INFO: Broken reference: the 'user' tries to reorder itself towards '', but their parents are different: 'header' and '' respectively. [] []
[2026-05-21T08:34:39.889134+00:00] main.INFO: Broken reference: the 'notification.messages' tries to reorder itself towards 'user', but their parents are different: 'header' and '' respectively. [] []
[2026-05-21T08:34:39.889484+00:00] main.INFO: Broken reference: the 'logo' tries to reorder itself towards '', but their parents are different: 'header' and '' respectively. [] []
[2026-05-21T08:34:39.889841+00:00] main.INFO: Broken reference: the 'global.search' tries to reorder itself towards 'logo', but their parents are different: 'header' and '' respectively. [] []
[2026-05-21T08:34:39.890170+00:00] main.INFO: Broken reference: the 'page.actions.toolbar' tries to reorder itself towards '', but their parents are different: 'page.main.actions' and '' respectively. [] []
[2026-05-21T08:34:39.890638+00:00] main.INFO: Broken reference: the 'header.inner.left' tries to reorder itself towards '', but their parents are different: 'header' and '' respectively. [] []
[2026-05-21T08:34:39.890973+00:00] main.INFO: Broken reference: the 'header.inner.right' tries to reorder itself towards 'header.inner.left', but their parents are different: 'header' and '' respectively. [] []
[2026-05-21T08:34:39.891369+00:00] main.INFO: Broken reference: the 'notification.messages' tries to reorder itself towards 'user', but their parents are different: 'header.inner.right' and '' respectively. [] []
[2026-05-21T08:34:48.182382+00:00] main.INFO: Broken reference: the 'tracking' element cannot be added as child to 'header', because the latter doesn't exist [] []
[2026-05-21T08:34:48.183315+00:00] main.INFO: Broken reference: the 'notification_area' element cannot be added as child to 'notifications', because the latter doesn't exist [] []
[2026-05-21T08:34:48.183683+00:00] main.INFO: Broken reference: the 'unread_system_messages' element cannot be added as child to 'notifications', because the latter doesn't exist [] []
[2026-05-21T08:34:48.183976+00:00] main.INFO: Broken reference: the 'notification_window' element cannot be added as child to 'notifications', because the latter doesn't exist [] []
[2026-05-21T08:34:48.184301+00:00] main.INFO: Broken reference: the 'notification.messages' element cannot be added as child to 'header', because the latter doesn't exist [] []
[2026-05-21T08:34:48.184698+00:00] main.INFO: Broken reference: the 'global_notices' element cannot be added as child to 'global.notices', because the latter doesn't exist [] []
[2026-05-21T08:34:48.185121+00:00] main.INFO: Broken reference: the 'logo' element cannot be added as child to 'header', because the latter doesn't exist [] []
[2026-05-21T08:34:48.185513+00:00] main.INFO: Broken reference: the 'global.search' element cannot be added as child to 'header', because the latter doesn't exist [] []
[2026-05-21T08:34:48.185814+00:00] main.INFO: Broken reference: the 'user' element cannot be added as child to 'header', because the latter doesn't exist [] []
[2026-05-21T08:34:48.186155+00:00] main.INFO: Broken reference: the 'menu' element cannot be added as child to 'page.menu', because the latter doesn't exist [] []
[2026-05-21T08:34:48.186529+00:00] main.INFO: Broken reference: the 'breadcrumbs' element cannot be added as child to 'page.breadcrumbs', because the latter doesn't exist [] []
[2026-05-21T08:34:48.186737+00:00] main.INFO: Broken reference: the 'formkey' element cannot be added as child to 'page.formkey', because the latter doesn't exist [] []
[2026-05-21T08:34:48.187000+00:00] main.INFO: Broken reference: the 'page.title' element cannot be added as child to 'main.top', because the latter doesn't exist [] []
[2026-05-21T08:34:48.189397+00:00] main.INFO: Broken reference: the 'tracking' element cannot be added as child to 'header', because the latter doesn't exist [] []
[2026-05-21T08:34:48.190092+00:00] main.INFO: Broken reference: the 'notification_area' element cannot be added as child to 'notifications', because the latter doesn't exist [] []
[2026-05-21T08:34:48.191082+00:00] main.INFO: Broken reference: the 'unread_system_messages' element cannot be added as child to 'notifications', because the latter doesn't exist [] []
[2026-05-21T08:34:48.191662+00:00] main.INFO: Broken reference: the 'notification_window' element cannot be added as child to 'notifications', because the latter doesn't exist [] []
[2026-05-21T08:34:48.191927+00:00] main.INFO: Broken reference: the 'notification.messages' element cannot be added as child to 'header', because the latter doesn't exist [] []
[2026-05-21T08:34:48.192242+00:00] main.INFO: Broken reference: the 'global_notices' element cannot be added as child to 'global.notices', because the latter doesn't exist [] []
[2026-05-21T08:34:48.192538+00:00] main.INFO: Broken reference: the 'logo' element cannot be added as child to 'header', because the latter doesn't exist [] []
[2026-05-21T08:34:48.192830+00:00] main.INFO: Broken reference: the 'global.search' element cannot be added as child to 'header', because the latter doesn't exist [] []
[2026-05-21T08:34:48.193045+00:00] main.INFO: Broken reference: the 'user' element cannot be added as child to 'header', because the latter doesn't exist [] []
[2026-05-21T08:34:48.193291+00:00] main.INFO: Broken reference: the 'menu' element cannot be added as child to 'page.menu', because the latter doesn't exist [] []
[2026-05-21T08:34:48.193478+00:00] main.INFO: Broken reference: the 'breadcrumbs' element cannot be added as child to 'page.breadcrumbs', because the latter doesn't exist [] []
[2026-05-21T08:34:48.193652+00:00] main.INFO: Broken reference: the 'formkey' element cannot be added as child to 'page.formkey', because the latter doesn't exist [] []
[2026-05-21T08:34:48.193796+00:00] main.INFO: Broken reference: the 'page.title' element cannot be added as child to 'main.top', because the latter doesn't exist [] []
[2026-05-21T08:34:48.193933+00:00] main.INFO: Broken reference: the 'messages' element cannot be added as child to 'page.messages', because the latter doesn't exist [] []
[2026-05-21T08:34:48.194075+00:00] main.INFO: Broken reference: the 'page.actions.toolbar' element cannot be added as child to 'page.main.actions', because the latter doesn't exist [] []
[2026-05-21T08:34:48.194406+00:00] main.INFO: Broken reference: the 'legal' element cannot be added as child to 'footer', because the latter doesn't exist [] []
[2026-05-21T08:34:48.194872+00:00] main.INFO: Broken reference: the 'header.inner.left' element cannot be added as child to 'header', because the latter doesn't exist [] []
[2026-05-21T08:34:48.195123+00:00] main.INFO: Broken reference: the 'header.inner.right' element cannot be added as child to 'header', because the latter doesn't exist [] []
[2026-05-21T08:34:48.204199+00:00] main.INFO: Broken reference: the 'user' tries to reorder itself towards '', but their parents are different: 'header' and '' respectively. [] []
[2026-05-21T08:34:48.204775+00:00] main.INFO: Broken reference: the 'notification.messages' tries to reorder itself towards 'user', but their parents are different: 'header' and '' respectively. [] []
[2026-05-21T08:34:48.205050+00:00] main.INFO: Broken reference: the 'logo' tries to reorder itself towards '', but their parents are different: 'header' and '' respectively. [] []
[2026-05-21T08:34:48.205318+00:00] main.INFO: Broken reference: the 'global.search' tries to reorder itself towards 'logo', but their parents are different: 'header' and '' respectively. [] []
[2026-05-21T08:34:48.205545+00:00] main.INFO: Broken reference: the 'page.actions.toolbar' tries to reorder itself towards '', but their parents are different: 'page.main.actions' and '' respectively. [] []
[2026-05-21T08:34:48.205900+00:00] main.INFO: Broken reference: the 'header.inner.left' tries to reorder itself towards '', but their parents are different: 'header' and '' respectively. [] []
[2026-05-21T08:34:48.206340+00:00] main.INFO: Broken reference: the 'header.inner.right' tries to reorder itself towards 'header.inner.left', but their parents are different: 'header' and '' respectively. [] []
[2026-05-21T08:34:48.206730+00:00] main.INFO: Broken reference: the 'notification.messages' tries to reorder itself towards 'user', but their parents are different: 'header.inner.right' and '' respectively. [] []
[2026-05-21T08:34:48.187246+00:00] main.INFO: Broken reference: the 'messages' element cannot be added as child to 'page.messages', because the latter doesn't exist [] []
[2026-05-21T08:34:48.209659+00:00] main.INFO: Broken reference: the 'page.actions.toolbar' element cannot be added as child to 'page.main.actions', because the latter doesn't exist [] []
[2026-05-21T08:34:48.209861+00:00] main.INFO: Broken reference: the 'legal' element cannot be added as child to 'footer', because the latter doesn't exist [] []
[2026-05-21T08:34:48.210328+00:00] main.INFO: Broken reference: the 'header.inner.left' element cannot be added as child to 'header', because the latter doesn't exist [] []
[2026-05-21T08:34:48.210611+00:00] main.INFO: Broken reference: the 'header.inner.right' element cannot be added as child to 'header', because the latter doesn't exist [] []
[2026-05-21T08:34:48.210916+00:00] main.INFO: Broken reference: the 'user' tries to reorder itself towards '', but their parents are different: 'header' and '' respectively. [] []
[2026-05-21T08:34:48.211072+00:00] main.INFO: Broken reference: the 'notification.messages' tries to reorder itself towards 'user', but their parents are different: 'header' and '' respectively. [] []
[2026-05-21T08:34:48.211268+00:00] main.INFO: Broken reference: the 'logo' tries to reorder itself towards '', but their parents are different: 'header' and '' respectively. [] []
[2026-05-21T08:34:48.211653+00:00] main.INFO: Broken reference: the 'global.search' tries to reorder itself towards 'logo', but their parents are different: 'header' and '' respectively. [] []
[2026-05-21T08:34:48.211813+00:00] main.INFO: Broken reference: the 'page.actions.toolbar' tries to reorder itself towards '', but their parents are different: 'page.main.actions' and '' respectively. [] []
[2026-05-21T08:34:48.212098+00:00] main.INFO: Broken reference: the 'header.inner.left' tries to reorder itself towards '', but their parents are different: 'header' and '' respectively. [] []
[2026-05-21T08:34:48.212409+00:00] main.INFO: Broken reference: the 'header.inner.right' tries to reorder itself towards 'header.inner.left', but their parents are different: 'header' and '' respectively. [] []
[2026-05-21T08:34:48.212628+00:00] main.INFO: Broken reference: the 'notification.messages' tries to reorder itself towards 'user', but their parents are different: 'header.inner.right' and '' respectively. [] []
[2026-05-21T08:34:48.993569+00:00] main.INFO: Broken reference: the 'tracking' element cannot be added as child to 'header', because the latter doesn't exist [] []
[2026-05-21T08:34:48.994338+00:00] main.INFO: Broken reference: the 'notification_area' element cannot be added as child to 'notifications', because the latter doesn't exist [] []
[2026-05-21T08:34:48.994807+00:00] main.INFO: Broken reference: the 'unread_system_messages' element cannot be added as child to 'notifications', because the latter doesn't exist [] []
[2026-05-21T08:34:48.995078+00:00] main.INFO: Broken reference: the 'notification_window' element cannot be added as child to 'notifications', because the latter doesn't exist [] []
[2026-05-21T08:34:48.995358+00:00] main.INFO: Broken reference: the 'notification.messages' element cannot be added as child to 'header', because the latter doesn't exist [] []
[2026-05-21T08:34:49.003911+00:00] main.INFO: Broken reference: the 'global_notices' element cannot be added as child to 'global.notices', because the latter doesn't exist [] []
[2026-05-21T08:34:49.005421+00:00] main.INFO: Broken reference: the 'logo' element cannot be added as child to 'header', because the latter doesn't exist [] []
[2026-05-21T08:34:49.005931+00:00] main.INFO: Broken reference: the 'global.search' element cannot be added as child to 'header', because the latter doesn't exist [] []
[2026-05-21T08:34:49.006296+00:00] main.INFO: Broken reference: the 'user' element cannot be added as child to 'header', because the latter doesn't exist [] []
[2026-05-21T08:34:49.007046+00:00] main.INFO: Broken reference: the 'menu' element cannot be added as child to 'page.menu', because the latter doesn't exist [] []
[2026-05-21T08:34:49.012527+00:00] main.INFO: Broken reference: the 'breadcrumbs' element cannot be added as child to 'page.breadcrumbs', because the latter doesn't exist [] []
[2026-05-21T08:34:49.013127+00:00] main.INFO: Broken reference: the 'formkey' element cannot be added as child to 'page.formkey', because the latter doesn't exist [] []
[2026-05-21T08:34:49.013529+00:00] main.INFO: Broken reference: the 'page.title' element cannot be added as child to 'main.top', because the latter doesn't exist [] []
[2026-05-21T08:34:49.013859+00:00] main.INFO: Broken reference: the 'messages' element cannot be added as child to 'page.messages', because the latter doesn't exist [] []
[2026-05-21T08:34:49.014185+00:00] main.INFO: Broken reference: the 'page.actions.toolbar' element cannot be added as child to 'page.main.actions', because the latter doesn't exist [] []
[2026-05-21T08:34:49.014527+00:00] main.INFO: Broken reference: the 'legal' element cannot be added as child to 'footer', because the latter doesn't exist [] []
[2026-05-21T08:34:49.015212+00:00] main.INFO: Broken reference: the 'header.inner.left' element cannot be added as child to 'header', because the latter doesn't exist [] []
[2026-05-21T08:34:49.024476+00:00] main.INFO: Broken reference: the 'header.inner.right' element cannot be added as child to 'header', because the latter doesn't exist [] []
[2026-05-21T08:34:49.025048+00:00] main.INFO: Broken reference: the 'user' tries to reorder itself towards '', but their parents are different: 'header' and '' respectively. [] []
[2026-05-21T08:34:49.025484+00:00] main.INFO: Broken reference: the 'notification.messages' tries to reorder itself towards 'user', but their parents are different: 'header' and '' respectively. [] []
[2026-05-21T08:34:49.029625+00:00] main.INFO: Broken reference: the 'logo' tries to reorder itself towards '', but their parents are different: 'header' and '' respectively. [] []
[2026-05-21T08:34:49.029967+00:00] main.INFO: Broken reference: the 'global.search' tries to reorder itself towards 'logo', but their parents are different: 'header' and '' respectively. [] []
[2026-05-21T08:34:49.030391+00:00] main.INFO: Broken reference: the 'page.actions.toolbar' tries to reorder itself towards '', but their parents are different: 'page.main.actions' and '' respectively. [] []
[2026-05-21T08:34:49.030587+00:00] main.INFO: Broken reference: the 'tracking' element cannot be added as child to 'header', because the latter doesn't exist [] []
[2026-05-21T08:34:49.040439+00:00] main.INFO: Broken reference: the 'header.inner.left' tries to reorder itself towards '', but their parents are different: 'header' and '' respectively. [] []
[2026-05-21T08:34:49.042488+00:00] main.INFO: Broken reference: the 'header.inner.right' tries to reorder itself towards 'header.inner.left', but their parents are different: 'header' and '' respectively. [] []
[2026-05-21T08:34:49.042897+00:00] main.INFO: Broken reference: the 'notification.messages' tries to reorder itself towards 'user', but their parents are different: 'header.inner.right' and '' respectively. [] []
[2026-05-21T08:34:49.031362+00:00] main.INFO: Broken reference: the 'notification_area' element cannot be added as child to 'notifications', because the latter doesn't exist [] []
[2026-05-21T08:34:49.122732+00:00] main.INFO: Broken reference: the 'unread_system_messages' element cannot be added as child to 'notifications', because the latter doesn't exist [] []
[2026-05-21T08:34:49.123373+00:00] main.INFO: Broken reference: the 'notification_window' element cannot be added as child to 'notifications', because the latter doesn't exist [] []
[2026-05-21T08:34:49.123839+00:00] main.INFO: Broken reference: the 'notification.messages' element cannot be added as child to 'header', because the latter doesn't exist [] []
[2026-05-21T08:34:49.124099+00:00] main.INFO: Broken reference: the 'global_notices' element cannot be added as child to 'global.notices', because the latter doesn't exist [] []
[2026-05-21T08:34:49.124345+00:00] main.INFO: Broken reference: the 'logo' element cannot be added as child to 'header', because the latter doesn't exist [] []
[2026-05-21T08:34:49.124571+00:00] main.INFO: Broken reference: the 'global.search' element cannot be added as child to 'header', because the latter doesn't exist [] []
[2026-05-21T08:34:49.124830+00:00] main.INFO: Broken reference: the 'user' element cannot be added as child to 'header', because the latter doesn't exist [] []
[2026-05-21T08:34:49.125096+00:00] main.INFO: Broken reference: the 'menu' element cannot be added as child to 'page.menu', because the latter doesn't exist [] []
[2026-05-21T08:34:49.125352+00:00] main.INFO: Broken reference: the 'breadcrumbs' element cannot be added as child to 'page.breadcrumbs', because the latter doesn't exist [] []
[2026-05-21T08:34:49.125569+00:00] main.INFO: Broken reference: the 'formkey' element cannot be added as child to 'page.formkey', because the latter doesn't exist [] []
[2026-05-21T08:34:49.125850+00:00] main.INFO: Broken reference: the 'page.title' element cannot be added as child to 'main.top', because the latter doesn't exist [] []
[2026-05-21T08:34:49.126057+00:00] main.INFO: Broken reference: the 'messages' element cannot be added as child to 'page.messages', because the latter doesn't exist [] []
[2026-05-21T08:34:49.126277+00:00] main.INFO: Broken reference: the 'page.actions.toolbar' element cannot be added as child to 'page.main.actions', because the latter doesn't exist [] []
[2026-05-21T08:34:49.126472+00:00] main.INFO: Broken reference: the 'legal' element cannot be added as child to 'footer', because the latter doesn't exist [] []
[2026-05-21T08:34:49.126898+00:00] main.INFO: Broken reference: the 'header.inner.left' element cannot be added as child to 'header', because the latter doesn't exist [] []
[2026-05-21T08:34:49.127201+00:00] main.INFO: Broken reference: the 'header.inner.right' element cannot be added as child to 'header', because the latter doesn't exist [] []
[2026-05-21T08:34:49.127550+00:00] main.INFO: Broken reference: the 'user' tries to reorder itself towards '', but their parents are different: 'header' and '' respectively. [] []
[2026-05-21T08:34:49.127920+00:00] main.INFO: Broken reference: the 'notification.messages' tries to reorder itself towards 'user', but their parents are different: 'header' and '' respectively. [] []
[2026-05-21T08:34:49.128206+00:00] main.INFO: Broken reference: the 'logo' tries to reorder itself towards '', but their parents are different: 'header' and '' respectively. [] []
[2026-05-21T08:34:49.128452+00:00] main.INFO: Broken reference: the 'global.search' tries to reorder itself towards 'logo', but their parents are different: 'header' and '' respectively. [] []
[2026-05-21T08:34:49.128676+00:00] main.INFO: Broken reference: the 'page.actions.toolbar' tries to reorder itself towards '', but their parents are different: 'page.main.actions' and '' respectively. [] []
[2026-05-21T08:34:49.129015+00:00] main.INFO: Broken reference: the 'header.inner.left' tries to reorder itself towards '', but their parents are different: 'header' and '' respectively. [] []
[2026-05-21T08:34:49.129432+00:00] main.INFO: Broken reference: the 'header.inner.right' tries to reorder itself towards 'header.inner.left', but their parents are different: 'header' and '' respectively. [] []
[2026-05-21T08:34:49.129752+00:00] main.INFO: Broken reference: the 'notification.messages' tries to reorder itself towards 'user', but their parents are different: 'header.inner.right' and '' respectively. [] []
[2026-05-21T08:35:02.919927+00:00] main.INFO: Broken reference: the 'notification.messages' tries to reorder itself towards 'user', but their parents are different: 'header.inner.right' and 'header' respectively. [] []
[2026-05-21T08:35:09.856283+00:00] main.INFO: Broken reference: the 'tracking' element cannot be added as child to 'header', because the latter doesn't exist [] []
[2026-05-21T08:35:09.857334+00:00] main.INFO: Broken reference: the 'notification_area' element cannot be added as child to 'notifications', because the latter doesn't exist [] []
[2026-05-21T08:35:09.857678+00:00] main.INFO: Broken reference: the 'unread_system_messages' element cannot be added as child to 'notifications', because the latter doesn't exist [] []
[2026-05-21T08:35:09.857966+00:00] main.INFO: Broken reference: the 'notification_window' element cannot be added as child to 'notifications', because the latter doesn't exist [] []
[2026-05-21T08:35:09.858308+00:00] main.INFO: Broken reference: the 'notification.messages' element cannot be added as child to 'header', because the latter doesn't exist [] []
[2026-05-21T08:35:09.864614+00:00] main.INFO: Broken reference: the 'global_notices' element cannot be added as child to 'global.notices', because the latter doesn't exist [] []
[2026-05-21T08:35:09.865154+00:00] main.INFO: Broken reference: the 'logo' element cannot be added as child to 'header', because the latter doesn't exist [] []
[2026-05-21T08:35:09.865591+00:00] main.INFO: Broken reference: the 'global.search' element cannot be added as child to 'header', because the latter doesn't exist [] []
[2026-05-21T08:35:09.865983+00:00] main.INFO: Broken reference: the 'user' element cannot be added as child to 'header', because the latter doesn't exist [] []
[2026-05-21T08:35:09.866492+00:00] main.INFO: Broken reference: the 'menu' element cannot be added as child to 'page.menu', because the latter doesn't exist [] []
[2026-05-21T08:35:09.866771+00:00] main.INFO: Broken reference: the 'breadcrumbs' element cannot be added as child to 'page.breadcrumbs', because the latter doesn't exist [] []
[2026-05-21T08:35:09.867094+00:00] main.INFO: Broken reference: the 'formkey' element cannot be added as child to 'page.formkey', because the latter doesn't exist [] []
[2026-05-21T08:35:09.867368+00:00] main.INFO: Broken reference: the 'page.title' element cannot be added as child to 'main.top', because the latter doesn't exist [] []
[2026-05-21T08:35:09.867660+00:00] main.INFO: Broken reference: the 'messages' element cannot be added as child to 'page.messages', because the latter doesn't exist [] []
[2026-05-21T08:35:09.867825+00:00] main.INFO: Broken reference: the 'page.actions.toolbar' element cannot be added as child to 'page.main.actions', because the latter doesn't exist [] []
[2026-05-21T08:35:09.868161+00:00] main.INFO: Broken reference: the 'legal' element cannot be added as child to 'footer', because the latter doesn't exist [] []
[2026-05-21T08:35:09.868571+00:00] main.INFO: Broken reference: the 'header.inner.left' element cannot be added as child to 'header', because the latter doesn't exist [] []
[2026-05-21T08:35:09.868739+00:00] main.INFO: Broken reference: the 'header.inner.right' element cannot be added as child to 'header', because the latter doesn't exist [] []
[2026-05-21T08:35:09.869000+00:00] main.INFO: Broken reference: the 'user' tries to reorder itself towards '', but their parents are different: 'header' and '' respectively. [] []
[2026-05-21T08:35:09.869176+00:00] main.INFO: Broken reference: the 'notification.messages' tries to reorder itself towards 'user', but their parents are different: 'header' and '' respectively. [] []
[2026-05-21T08:35:09.869323+00:00] main.INFO: Broken reference: the 'logo' tries to reorder itself towards '', but their parents are different: 'header' and '' respectively. [] []
[2026-05-21T08:35:09.869595+00:00] main.INFO: Broken reference: the 'global.search' tries to reorder itself towards 'logo', but their parents are different: 'header' and '' respectively. [] []
[2026-05-21T08:35:09.869741+00:00] main.INFO: Broken reference: the 'page.actions.toolbar' tries to reorder itself towards '', but their parents are different: 'page.main.actions' and '' respectively. [] []
[2026-05-21T08:35:09.869982+00:00] main.INFO: Broken reference: the 'header.inner.left' tries to reorder itself towards '', but their parents are different: 'header' and '' respectively. [] []
[2026-05-21T08:35:09.870168+00:00] main.INFO: Broken reference: the 'header.inner.right' tries to reorder itself towards 'header.inner.left', but their parents are different: 'header' and '' respectively. [] []
[2026-05-21T08:35:09.870340+00:00] main.INFO: Broken reference: the 'notification.messages' tries to reorder itself towards 'user', but their parents are different: 'header.inner.right' and '' respectively. [] []
[2026-05-21T08:35:37.128365+00:00] main.INFO: Broken reference: the 'tracking' element cannot be added as child to 'header', because the latter doesn't exist [] []
[2026-05-21T08:35:37.151226+00:00] main.INFO: Broken reference: the 'notification_area' element cannot be added as child to 'notifications', because the latter doesn't exist [] []
[2026-05-21T08:35:37.152793+00:00] main.INFO: Broken reference: the 'unread_system_messages' element cannot be added as child to 'notifications', because the latter doesn't exist [] []
[2026-05-21T08:35:37.153950+00:00] main.INFO: Broken reference: the 'notification_window' element cannot be added as child to 'notifications', because the latter doesn't exist [] []
[2026-05-21T08:35:37.154310+00:00] main.INFO: Broken reference: the 'notification.messages' element cannot be added as child to 'header', because the latter doesn't exist [] []
[2026-05-21T08:35:37.154664+00:00] main.INFO: Broken reference: the 'global_notices' element cannot be added as child to 'global.notices', because the latter doesn't exist [] []
[2026-05-21T08:35:37.155010+00:00] main.INFO: Broken reference: the 'logo' element cannot be added as child to 'header', because the latter doesn't exist [] []
[2026-05-21T08:35:37.155335+00:00] main.INFO: Broken reference: the 'global.search' element cannot be added as child to 'header', because the latter doesn't exist [] []
[2026-05-21T08:35:37.155975+00:00] main.INFO: Broken reference: the 'user' element cannot be added as child to 'header', because the latter doesn't exist [] []
[2026-05-21T08:35:37.156351+00:00] main.INFO: Broken reference: the 'menu' element cannot be added as child to 'page.menu', because the latter doesn't exist [] []
[2026-05-21T08:35:37.156918+00:00] main.INFO: Broken reference: the 'breadcrumbs' element cannot be added as child to 'page.breadcrumbs', because the latter doesn't exist [] []
[2026-05-21T08:35:37.157204+00:00] main.INFO: Broken reference: the 'formkey' element cannot be added as child to 'page.formkey', because the latter doesn't exist [] []
[2026-05-21T08:35:37.157479+00:00] main.INFO: Broken reference: the 'page.title' element cannot be added as child to 'main.top', because the latter doesn't exist [] []
[2026-05-21T08:35:37.157893+00:00] main.INFO: Broken reference: the 'messages' element cannot be added as child to 'page.messages', because the latter doesn't exist [] []
[2026-05-21T08:35:37.158197+00:00] main.INFO: Broken reference: the 'page.actions.toolbar' element cannot be added as child to 'page.main.actions', because the latter doesn't exist [] []
[2026-05-21T08:35:37.158489+00:00] main.INFO: Broken reference: the 'legal' element cannot be added as child to 'footer', because the latter doesn't exist [] []
[2026-05-21T08:35:37.159019+00:00] main.INFO: Broken reference: the 'header.inner.left' element cannot be added as child to 'header', because the latter doesn't exist [] []
[2026-05-21T08:35:37.159319+00:00] main.INFO: Broken reference: the 'header.inner.right' element cannot be added as child to 'header', because the latter doesn't exist [] []
[2026-05-21T08:35:37.160410+00:00] main.INFO: Broken reference: the 'user' tries to reorder itself towards '', but their parents are different: 'header' and '' respectively. [] []
[2026-05-21T08:35:37.160949+00:00] main.INFO: Broken reference: the 'notification.messages' tries to reorder itself towards 'user', but their parents are different: 'header' and '' respectively. [] []
[2026-05-21T08:35:37.161221+00:00] main.INFO: Broken reference: the 'logo' tries to reorder itself towards '', but their parents are different: 'header' and '' respectively. [] []
[2026-05-21T08:35:37.161502+00:00] main.INFO: Broken reference: the 'global.search' tries to reorder itself towards 'logo', but their parents are different: 'header' and '' respectively. [] []
[2026-05-21T08:35:37.161868+00:00] main.INFO: Broken reference: the 'page.actions.toolbar' tries to reorder itself towards '', but their parents are different: 'page.main.actions' and '' respectively. [] []
[2026-05-21T08:35:37.162284+00:00] main.INFO: Broken reference: the 'header.inner.left' tries to reorder itself towards '', but their parents are different: 'header' and '' respectively. [] []
[2026-05-21T08:35:37.162567+00:00] main.INFO: Broken reference: the 'header.inner.right' tries to reorder itself towards 'header.inner.left', but their parents are different: 'header' and '' respectively. [] []
[2026-05-21T08:35:37.162878+00:00] main.INFO: Broken reference: the 'notification.messages' tries to reorder itself towards 'user', but their parents are different: 'header.inner.right' and '' respectively. [] []
[2026-05-21T08:35:46.867787+00:00] main.INFO: Broken reference: the 'tracking' element cannot be added as child to 'header', because the latter doesn't exist [] []
[2026-05-21T08:35:46.868460+00:00] main.INFO: Broken reference: the 'notification_area' element cannot be added as child to 'notifications', because the latter doesn't exist [] []
[2026-05-21T08:35:46.868693+00:00] main.INFO: Broken reference: the 'unread_system_messages' element cannot be added as child to 'notifications', because the latter doesn't exist [] []
[2026-05-21T08:35:46.868897+00:00] main.INFO: Broken reference: the 'notification_window' element cannot be added as child to 'notifications', because the latter doesn't exist [] []
[2026-05-21T08:35:46.869070+00:00] main.INFO: Broken reference: the 'notification.messages' element cannot be added as child to 'header', because the latter doesn't exist [] []
[2026-05-21T08:35:46.869266+00:00] main.INFO: Broken reference: the 'global_notices' element cannot be added as child to 'global.notices', because the latter doesn't exist [] []
[2026-05-21T08:35:46.869503+00:00] main.INFO: Broken reference: the 'logo' element cannot be added as child to 'header', because the latter doesn't exist [] []
[2026-05-21T08:35:46.869714+00:00] main.INFO: Broken reference: the 'global.search' element cannot be added as child to 'header', because the latter doesn't exist [] []
[2026-05-21T08:35:46.869877+00:00] main.INFO: Broken reference: the 'user' element cannot be added as child to 'header', because the latter doesn't exist [] []
[2026-05-21T08:35:46.870085+00:00] main.INFO: Broken reference: the 'menu' element cannot be added as child to 'page.menu', because the latter doesn't exist [] []
[2026-05-21T08:35:46.870377+00:00] main.INFO: Broken reference: the 'breadcrumbs' element cannot be added as child to 'page.breadcrumbs', because the latter doesn't exist [] []
[2026-05-21T08:35:46.870569+00:00] main.INFO: Broken reference: the 'formkey' element cannot be added as child to 'page.formkey', because the latter doesn't exist [] []
[2026-05-21T08:35:46.870768+00:00] main.INFO: Broken reference: the 'page.title' element cannot be added as child to 'main.top', because the latter doesn't exist [] []
[2026-05-21T08:35:46.870934+00:00] main.INFO: Broken reference: the 'messages' element cannot be added as child to 'page.messages', because the latter doesn't exist [] []
[2026-05-21T08:35:46.871100+00:00] main.INFO: Broken reference: the 'page.actions.toolbar' element cannot be added as child to 'page.main.actions', because the latter doesn't exist [] []
[2026-05-21T08:35:46.871265+00:00] main.INFO: Broken reference: the 'legal' element cannot be added as child to 'footer', because the latter doesn't exist [] []
[2026-05-21T08:35:46.871671+00:00] main.INFO: Broken reference: the 'header.inner.left' element cannot be added as child to 'header', because the latter doesn't exist [] []
[2026-05-21T08:35:46.871928+00:00] main.INFO: Broken reference: the 'header.inner.right' element cannot be added as child to 'header', because the latter doesn't exist [] []
[2026-05-21T08:35:46.872230+00:00] main.INFO: Broken reference: the 'user' tries to reorder itself towards '', but their parents are different: 'header' and '' respectively. [] []
[2026-05-21T08:35:46.872464+00:00] main.INFO: Broken reference: the 'notification.messages' tries to reorder itself towards 'user', but their parents are different: 'header' and '' respectively. [] []
[2026-05-21T08:35:46.872676+00:00] main.INFO: Broken reference: the 'logo' tries to reorder itself towards '', but their parents are different: 'header' and '' respectively. [] []
[2026-05-21T08:35:46.872860+00:00] main.INFO: Broken reference: the 'global.search' tries to reorder itself towards 'logo', but their parents are different: 'header' and '' respectively. [] []
[2026-05-21T08:35:46.873033+00:00] main.INFO: Broken reference: the 'page.actions.toolbar' tries to reorder itself towards '', but their parents are different: 'page.main.actions' and '' respectively. [] []
[2026-05-21T08:35:46.873224+00:00] main.INFO: Broken reference: the 'header.inner.left' tries to reorder itself towards '', but their parents are different: 'header' and '' respectively. [] []
[2026-05-21T08:35:46.873382+00:00] main.INFO: Broken reference: the 'header.inner.right' tries to reorder itself towards 'header.inner.left', but their parents are different: 'header' and '' respectively. [] []
[2026-05-21T08:35:46.873691+00:00] main.INFO: Broken reference: the 'notification.messages' tries to reorder itself towards 'user', but their parents are different: 'header.inner.right' and '' respectively. [] []
[2026-05-21T08:38:48.582938+00:00] main.INFO: Broken reference: the 'notification.messages' tries to reorder itself towards 'user', but their parents are different: 'header.inner.right' and 'header' respectively. [] []
